id;Word;Frequency;Reading;English;Heisig_numbers;Heisig_chapter;kana_tier;kind
1;の;41309.5;の;Case particle;[];0;1;vocab
2;に;23509.54;に;Case particle;[];0;1;vocab
3;は;22216.8;は;Case particle;[];0;1;vocab
4;て;20431.93;て;Conjunctive particle;[];0;;morpheme
5;を;20326.59;を;Case particle;[];0;1;vocab
6;が;20110.69;が;Case particle;[];0;1;vocab
7;だ;19235.55;だ;Auxiliary;[];0;1;vocab
8;た;17292.36;た;Auxiliary;[];0;;morpheme
9;する;16841.17;する;to do;[];0;1;vocab
10;と;15095.29;と;Case particle;[];0;1;vocab
11;ます;9604.49;ます;Auxiliary;[];0;;morpheme
12;で;9537.75;で;Auxiliary;[];0;1;vocab
13;ない;8189.0;ない;Auxiliary;[];0;1;vocab
14;いる;8140.22;いる;Auxiliary;[];0;1;vocab
15;も;7900.34;も;Adverbial/Focus particle;[];0;1;vocab
16;ある;6766.19;ある;Auxiliary;[];0;1;vocab
17;です;5780.62;です;Auxiliary;[];0;1;vocab
18;こと;5451.05;こと;Nominalizer;[];0;2;vocab
19;か;4744.78;か;Parallel marker;[];0;1;vocab
20;なる;4193.98;なる;to become;[];0;1;vocab
21;れる;4188.45;れる;Auxiliary;[];0;;morpheme
22;から;4055.86;から;Case particle;[];0;1;vocab
23;ん;2702.29;ん;Auxiliary;[];0;;morpheme
24;よう;2691.51;よう;Auxiliary;[];0;1;vocab
25;いう;2496.04;いう;to say;[];0;1;vocab
26;う;2463.71;う;Auxiliary;[];0;;morpheme
27;人;2415.25;ひと;person;[1023];27;;vocab
28;この;2255.67;この;determiner (this);[];0;1;vocab
29;という;2190.45;という;Compound particle;[];0;1;vocab
30;思う;2131.88;おもう;to think;[651];22;;vocab
31;その;2127.42;その;determiner (that);[];0;1;vocab
32;的;2057.33;てき;suffix (-al/-like);[73];4;;vocab
33;年;1950.65;とし;year;[1114];28;;vocab
34;日;1942.04;ひ;day/sun;[12];1;;vocab
35;私;1769.37;わたし;I/me (polite);[968];26;;vocab
36;もの;1757.94;もの;Formal noun;[];0;2;vocab
37;や;1734.3;や;Parallel marker;[];0;1;vocab
38;ば;1732.41;ば;Conditional particle;[];0;;morpheme
39;それ;1479.29;それ;Determiner;[];0;1;vocab
40;者;1451.45;もの;person;[1345];34;;vocab
41;できる;1437.45;できる;to be able to;[];0;1;vocab
42;これ;1428.85;これ;Determiner;[];0;1;vocab
43;言う;1263.36;いう;to say;[357];15;;vocab
44;くる;1238.3;くる;verb (to come);[];0;2;vocab
45;月;1193.14;つき;month/moon;[13];1;;vocab
46;として;1186.32;として;Compound particle;[];0;3;vocab
47;さん;1174.8;さん;suffix (honorific);[];0;1;vocab
48;まで;1136.97;まで;Adverbial/Focus particle;[];0;1;vocab
49;たい;1126.11;たい;Auxiliary;[];0;;morpheme
50;など;1100.39;など;Adverbial/Focus particle;[];0;2;vocab
51;中;1089.02;なか;inside/middle;[39];3;;vocab
52;られる;1077.28;られる;Auxiliary;[];0;;morpheme
53;お;1070.51;お;Honorifics;[];0;;morpheme
54;ね;1022.92;ね;Sentence ending particle;[];0;1;vocab
55;へ;1000.99;へ;Case particle;[];0;1;vocab
56;見る;982.69;みる;to see;[61];4;;vocab
57;ため;980.59;ため;Causal particle;[];0;2;vocab
58;てる;963.62;てる;Conjugation;[];0;2;vocab
59;そう;940.51;そう;Auxiliary;[];0;1;vocab
60;日本;925.92;にっぽん;Japan;[12, 224];10;;vocab
61;おる;924.53;おる;Conjugation;[];0;2;vocab
62;一;915.56;いち;one;[1];1;;vocab
63;ので;898.33;ので;Causal particle;[];0;1;vocab
64;いく;895.11;いく;to go;[];0;2;vocab
65;だけ;885.3;だけ;Adverbial/Focus particle;[];0;1;vocab
66;何;877.59;なに;what;[1087];27;;vocab
67;よ;875.29;よ;Sentence ending particle;[];0;1;vocab
68;自分;840.65;じぶん;myself;[36, 844];24;;vocab
69;しまう;839.58;しまう;Conjugation;[];0;2;vocab
70;について;838.17;について;Compound particle;[];0;3;vocab
71;方;829.72;ほう;direction;[529];19;;vocab
72;時;819.66;とき;time;[171];8;;vocab
73;ぬ;791.48;ぬ;Auxiliary;[];0;;morpheme
74;問題;782.05;もんだい;question;[1744, 415];42;;vocab
75;考える;772.03;かんがえる;to think;[1341];34;;vocab
76;せる;748.27;せる;Auxiliary;[];0;;morpheme
77;また;737.44;また;Conjunctive particle;[];0;2;vocab
78;今;703.35;いま;now;[1711];41;;vocab
79;みる;699.98;みる;to see;[];0;2;vocab
80;でも;695.44;でも;Adverbial/Focus particle;[];0;1;vocab
81;やる;675.63;やる;do;[];0;2;vocab
82;わけ;661.99;わけ;Auxiliary;[];0;2;vocab
83;ござる;650.23;ござる;Honorifics;[];0;2;vocab
84;たち;642.6;たち;Uchi;[];0;3;vocab
85;ところ;638.75;ところ;Formal noun;[];0;2;vocab
86;さ;627.78;さ;Sentence ending particle;[];0;3;vocab
87;いい;615.98;いい;good;[];0;2;vocab
88;って;596.98;って;Compound particle;[];0;;morpheme
89;前;590.87;まえ;before/front;[309];13;;vocab
90;第;585.7;だい;No.;[1327];33;;vocab
91;たり;580.14;たり;Conjunctive particle;[];0;;morpheme
92;性;577.58;せい;sex;[1679];40;;vocab
93;行く;568.04;いく;to go;[938];25;;vocab
94;より;563.69;より;Case particle;[];0;3;vocab
95;そして;561.3;そして;Conjunctive particle;[];0;2;vocab
96;けど;560.8;けど;Adversative particle;[];0;1;vocab
97;どう;559.79;どう;copper;[];0;1;vocab
98;出る;551.97;でる;to exit/appear;[829];24;;vocab
99;時間;550.77;じかん;time;[171, 1747];42;;vocab
100;会;549.7;かい;meeting;[814];23;;vocab
101;書く;537.33;かく;write;[349];15;;vocab
102;円;534.03;えん;circle;[1952];48;;vocab
103;二;533.8;に;two;[2];1;;vocab
104;し;533.04;し;Conjunctive particle;[];0;3;vocab
105;場合;527.77;ばあい;case;[584, 269];21;;vocab
106;持つ;526.2;もつ;to hold/have;[712];23;;vocab
107;必要;515.52;ひつよう;necessary;[685, 1730];41;;vocab
108;情報;508.95;じょうほう;news;[1657, 1625];40;;vocab
109;しかし;495.56;しかし;Conjunctive particle;[];0;2;vocab
110;とき;481.44;とき;noun (time);[];0;2;vocab
111;コメント;480.73;コメント;comment;[];0;2;loanword
112;化;478.1;か;transformation;[1083];27;;vocab
113;上;471.03;うえ;above;[50];3;;vocab
114;事;465.43;こと;case;[1240];31;;vocab
115;使う;464.22;つかう;to use;[1065];27;;vocab
116;行う;462.43;おこなう;conduct;[938];25;;vocab
117;な;459.92;な;Sentence ending particle;[];0;3;vocab
118;ご;455.18;ご;Honorifics;[];0;;morpheme
119;話;453.58;はなし;story;[368];15;;vocab
120;くれる;453.14;くれる;Give;[];0;2;vocab
121;ながら;446.16;ながら;Conjunctive particle;[];0;;morpheme
122;よい;442.95;よい;good;[];0;3;vocab
123;本;441.97;ほん;Book;[224];10;;vocab
124;じゃ;432.09;じゃ;well;[];0;;morpheme
125;ここ;430.8;ここ;here;[];0;1;vocab
126;分;429.1;ぶん;minute/part;[844];24;;vocab
127;十;426.14;じゅう;ten;[10];1;;vocab
128;目;425.43;め;eye;[15];1;;vocab
129;多い;424.65;おおい;many;[113];7;;vocab
130;知る;421.45;しる;to know;[1308];33;;vocab
131;今日;412.67;きょう;today;[1711, 12];41;;vocab
132;良い;411.1;よい;good;[1578];38;;vocab
133;関係;408.98;かんけい;relation;[2173, 1493];55;;vocab
134;委員;404.21;いいん;committee member;[979, 59];26;;vocab
135;後;403.3;のち;after/behind;[1479];36;;vocab
136;かも;401.69;かも;Maybe;[];0;2;vocab
137;家;398.34;いえ;house;[580];21;;vocab
138;そういう;394.48;そういう;That;[];0;3;vocab
139;聞く;392.28;きく;to hear/ask;[1754];42;;vocab
140;世界;389.5;せかい;the world;[28, 266];12;;vocab
141;気;389.34;き;spirit/mood;[2030];51;;vocab
142;点;383.39;てん;point;[181];8;;vocab
143;万;382.65;ばん;Ten thousand;[68];4;;vocab
144;べし;381.6;べし;Should;[];0;;morpheme
145;もう;379.18;もう;already;[];0;1;vocab
146;わかる;379.03;わかる;to understand;[];0;3;vocab
147;バック;377.46;バック;back;[];0;2;loanword
148;社会;375.34;しゃかい;society;[1173, 814];30;;vocab
149;読む;375.02;よむ;read;[372];15;;vocab
150;入る;372.01;はいる;to enter;[842];24;;vocab
151;来る;369.72;くる;to come;[2029];51;;vocab
152;トラック;364.89;トラック;track;[];0;2;loanword
153;によって;360.33;によって;Compound particle;[];0;3;vocab
154;仕事;360.12;しごと;work;[1033, 1240];31;;vocab
155;同じ;358.01;おなじ;same;[192];9;;vocab
156;数;355.9;かず;number;[998];26;;vocab
157;記事;354.41;きじ;article;[568, 1240];31;;vocab
158;いただく;346.64;いただく;receive;[];0;3;vocab
159;彼;344.83;かれ;he;[948];25;;vocab
160;大;344.38;だい;large;[112];7;;vocab
161;国;343.9;くに;country;[624];22;;vocab
162;等;336.74;ひとし;etc.;[1016];26;;vocab
163;くださる;330.72;くださる;Give;[];0;3;vocab
164;回;329.46;かい;times;[630];22;;vocab
165;三;328.05;さん;three;[3];1;;vocab
166;とか;326.9;とか;Or;[];0;3;vocab
167;君;324.74;きみ;you (casual);[1246];31;;vocab
168;法;324.66;ほう;law;[813];23;;vocab
169;意味;321.75;いみ;meaning;[654, 233];22;;vocab
170;力;319.16;ちから;force;[922];25;;vocab
171;以上;319.0;いじょう;not less than;[1105, 50];28;;vocab
172;会社;313.99;かいしゃ;company;[814, 1173];30;;vocab
173;よる;310.05;よる;evening;[];0;3;vocab
174;ほど;306.4;ほど;Adverbial/Focus particle;[];0;2;vocab
175;そんな;305.97;そんな;Such;[];0;2;vocab
176;人間;305.03;にんげん;human being;[1023, 1747];42;;vocab
177;現在;298.63;げんざい;now;[275, 740];23;;vocab
178;作る;296.6;つくる;to make;[1224];31;;vocab
179;企業;292.74;きぎょう;enterprise;[401, 1931];47;;vocab
180;氏;292.72;し;Mr.;[1970];49;;vocab
181;ちょっと;288.24;ちょっと;a little bit;[];0;1;vocab
182;間;287.31;ま;between;[1747];42;;vocab
183;可能;286.66;かのう;potential;[97, 2160];54;;vocab
184;感じる;285.81;かんじる;feel;[662];22;;vocab
185;出す;285.39;だす;to put out;[829];24;;vocab
186;研究;285.14;けんきゅう;study;[729, 1417];35;;vocab
187;投稿;282.27;とうこう;contribution;[762, 958];26;;vocab
188;他;281.68;た;others;[1034];27;;vocab
189;アメリカ;280.77;アメリカ;America;[];0;2;loanword
190;しれる;280.21;しれる;Know;[];0;3;vocab
191;けれども;278.23;けれども;Adversative particle;[];0;3;vocab
192;リンク;276.63;リンク;link;[];0;2;loanword
193;今回;276.54;こんかい;now;[1711, 630];41;;vocab
194;いたす;274.0;いたす;to;[];0;3;vocab
195;高い;273.68;たかい;high/expensive;[329];14;;vocab
196;す;273.29;す;vinegar;[];0;;morpheme
197;次;271.58;つぎ;Next;[510];18;;vocab
198;ら;269.14;ら;and others;[];0;;morpheme
199;言葉;267.39;ことば;language;[357, 243];15;;vocab
200;こういう;265.75;こういう;Like this;[];0;3;vocab
201;おく;263.75;おく;Conjugation;[];0;2;vocab
202;僕;263.45;ぼく;I/me (male, casual);[1933];47;;vocab
203;出来る;262.13;できる;possible;[829, 2029];51;;vocab
204;受ける;261.99;うける;receive;[794];23;;vocab
205;経済;259.69;けいざい;economics;[1460, 1868];45;;vocab
206;あなた;256.89;あなた;pronoun (you);[];0;3;vocab
207;手;256.71;て;hand;[687];23;;vocab
208;もらう;256.65;もらう;get;[];0;2;vocab
209;そこ;256.52;そこ;There;[];0;1;vocab
210;による;255.07;による;Compound particle;[];0;3;vocab
211;最近;255.0;さいきん;most recent;[884, 1210];31;;vocab
212;結果;254.97;けっか;result;[1451, 1202];36;;vocab
213;買う;254.9;かう;buy;[894];25;;vocab
214;度;253.91;ど;degree;[1278];32;;vocab
215;しか;252.95;しか;Adverbial/Focus particle;[];0;1;vocab
216;違う;250.53;ちがう;different;[1773];42;;vocab
217;映画;250.2;えいが;movie;[1879, 1254];45;;vocab
218;先生;249.49;せんせい;teacher;[263, 1675];40;;vocab
219;生活;248.26;せいかつ;living;[1675, 154];40;;vocab
220;にる;248.1;にる;Niru;[];0;3;vocab
221;金;247.4;きむ;gold;[287];12;;vocab
222;時代;243.86;じだい;period;[171, 1080];27;;vocab
223;政府;243.73;せいふ;government;[407, 1077];27;;vocab
224;非常;243.43;ひじょう;emergency;[1760, 862];42;;vocab
225;得る;242.38;える;obtain;[941];25;;vocab
226;御;241.47;お;O;[1500];37;;vocab
227;店;240.17;みせ;shop;[632];22;;vocab
228;くらい;238.49;くらい;Adverbial/Focus particle;[];0;3;vocab
229;まだ;238.11;まだ;still;[];0;1;vocab
230;において;237.28;において;In;[];0;3;vocab
231;内容;236.88;ないよう;subject;[1095, 853];27;;vocab
232;一つ;235.68;ひとつ;one;[1];1;;vocab
233;心;234.72;こころ;heart;[639];22;;vocab
234;説明;232.04;せつめい;explanation;[538, 20];19;;vocab
235;写真;229.48;しゃしん;photograph;[1336, 79];33;;vocab
236;ただ;228.05;ただ;just;[];0;2;vocab
237;サイト;226.71;サイト;site;[];0;2;loanword
238;教育;226.58;きょういく;training;[1343, 821];34;;vocab
239;女性;226.45;じょせい;woman;[102, 1679];40;;vocab
240;子供;226.31;こども;child;[99, 1935];47;;vocab
241;方法;225.14;ほうほう;method;[529, 813];23;;vocab
242;に対して;224.28;にたいして;Compound particle;[1862];45;;vocab
243;大きい;222.41;おおきい;big;[112];7;;vocab
244;あるいは;222.4;あるいは;or;[];0;3;vocab
245;名;221.21;な;given name;[117];7;;vocab
246;利用;220.74;りよう;use;[972, 1265];31;;vocab
247;さらに;219.77;さらに;moreover;[];0;3;vocab
248;少し;217.76;すこし;a bit;[111];7;;vocab
249;紹介;216.88;しょうかい;introduction;[1459, 265];36;;vocab
250;技術;215.72;ぎじゅつ;art;[769, 1644];39;;vocab
251;いろいろ;214.35;いろいろ;various;[];0;2;vocab
252;なんて;214.08;なんて;Adverbial/Focus particle;[];0;3;vocab
253;名前;212.05;なまえ;name;[117, 309];13;;vocab
254;参加;211.93;さんか;participation;[1856, 932];45;;vocab
255;らしい;210.77;らしい;Auxiliary;[];0;3;vocab
256;分かる;210.53;わかる;I understand;[844];24;;vocab
257;大きな;210.02;おおきな;large;[112];7;;vocab
258;食べる;209.23;たべる;eat;[1582];38;;vocab
259;感じ;209.06;かんじ;Feeling;[662];22;;vocab
260;やはり;207.54;やはり;also;[];0;2;vocab
261;く;206.32;く;Ku;[];0;;morpheme
262;うち;206.09;うち;noun (inside/home);[];0;2;vocab
263;入れる;205.4;いれる;put in;[842];24;;vocab
264;見える;204.39;みえる;appear;[61];4;;vocab
265;どの;204.21;どの;Which;[];0;1;vocab
266;にとって;203.3;にとって;Compound particle;[];0;3;vocab
267;活動;202.03;かつどう;action;[154, 1806];43;;vocab
268;東京;201.93;とうきょう;Tokyo;[543, 334];19;;vocab
269;好き;201.75;すき;like;[103];6;;vocab
270;どこ;200.53;どこ;where;[];0;1;vocab
271;かなり;199.85;かなり;pretty;[];0;3;vocab
272;こんな;199.82;こんな;Like this;[];0;2;vocab
273;状況;199.37;じょうきょう;state of affairs;[254, 156];11;;vocab
274;五;198.03;ご;Five;[5];1;;vocab
275;新しい;197.61;あたらしい;new;[1619];39;;vocab
276;に対する;197.04;にたいする;against;[1862];45;;vocab
277;無い;196.81;ない;;[1913];46;;vocab
278;強い;195.51;つよい;strong;[1321];33;;vocab
279;管理;195.49;かんり;control;[1365, 283];34;;vocab
280;特に;195.39;とくに;especially;[261];11;;vocab
281;環境;195.09;かんきょう;environment;[899, 523];25;;vocab
282;ページ;194.74;ページ;page;[];0;2;loanword
283;のに;193.88;のに;Adversative particle;[];0;1;vocab
284;地域;193.1;ちいき;area;[554, 380];21;;vocab
285;始める;192.97;はじめる;start;[809];23;;vocab
286;本当に;192.95;ほんとうに;Really;[224, 1236];31;;vocab
287;悪い;192.82;わるい;bad;[1951];48;;vocab
288;実際;192.48;じっさい;practicality;[1694, 1392];40;;vocab
289;中国;192.21;ちゅうごく;China;[39, 624];22;;vocab
290;市;191.93;し;city;[440];18;;vocab
291;先;191.78;さき;destination;[263];11;;vocab
292;誰;190.95;だれ;who;[598];21;;vocab
293;個人;190.82;こじん;individual;[1047, 1023];27;;vocab
294;意見;190.46;いけん;opinion;[654, 61];22;;vocab
295;状態;189.75;じょうたい;current status;[254, 2161];54;;vocab
296;歳;189.63;とし;age;[551];20;;vocab
297;大学;189.42;だいがく;post-secondary education institution, incl. university, college, etc.;[112, 346];15;;vocab
298;多く;188.97;おおく;Many;[113];7;;vocab
299;物;188.77;もの;thing;[1129];29;;vocab
300;存在;188.45;そんざい;existence;[739, 740];23;;vocab
301;最後;188.12;さいご;last;[884, 1479];36;;vocab
302;終わる;187.65;おわる;End;[1452];36;;vocab
303;笑;187.33;えみ;lol;[1008];26;;vocab
304;つく;187.29;つく;arrive;[];0;3;vocab
305;システム;187.2;システム;system;[];0;2;loanword
306;すべて;187.14;すべて;all;[];0;2;vocab
307;彼女;187.08;かのじょ;she;[948, 102];25;;vocab
308;理解;187.03;りかい;understanding;[283, 1955];48;;vocab
309;学校;186.94;がっこう;school;[346, 1371];34;;vocab
310;部分;186.57;ぶぶん;portion;[1988, 844];49;;vocab
311;とても;186.11;とても;very;[];0;1;vocab
312;電話;185.07;でんわ;telephone call;[574, 368];21;;vocab
313;用;184.27;よう;for;[1265];31;;vocab
314;部;183.79;ぶ;Department;[1988];49;;vocab
315;県;183.71;けん;prefecture;[552];20;;vocab
316;日記;183.44;にっき;diary;[12, 568];21;;vocab
317;メール;182.73;メール;Email;[];0;2;loanword
318;いける;182.62;いける;It's possible;[];0;3;vocab
319;制度;182.61;せいど;system;[447, 1278];32;;vocab
320;続ける;182.53;つづける;continue;[1445];36;;vocab
321;使用;182.02;しよう;use;[1065, 1265];31;;vocab
322;スる;181.44;する;Slip;[];0;3;vocab
323;事業;180.72;じぎょう;project;[1240, 1931];47;;vocab
324;四;180.23;よん;four;[4];1;;vocab
325;固定;179.81;こてい;fixation;[622, 408];22;;vocab
326;調査;179.64;ちょうさ;investigation;[373, 1920];47;;vocab
327;変わる;179.63;かわる;change;[1882];45;;vocab
328;続く;179.62;つづく;To be continued;[1445];36;;vocab
329;基本;179.34;きほん;foundation;[1904, 224];46;;vocab
330;もちろん;179.33;もちろん;of course;[];0;2;vocab
331;関連;178.76;かんれん;relation;[2173, 305];55;;vocab
332;一般;178.74;いっぱん;general;[1, 2016];50;;vocab
333;あと;178.1;あと;After;[];0;1;vocab
334;開発;176.87;かいはつ;development;[1750, 1840];44;;vocab
335;あの;176.36;あの;that;[];0;1;vocab
336;音楽;175.97;おんがく;music;[518, 1872];45;;vocab
337;一番;175.91;いちばん;best;[1, 2058];52;;vocab
338;内;175.29;うち;Inside;[1095];27;;vocab
339;作品;175.26;さくひん;work;[1224, 23];31;;vocab
340;側;175.01;がわ;side;[1049];27;;vocab
341;重要;175.01;じゅうよう;important;[1805, 1730];43;;vocab
342;とる;172.48;とる;Take;[];0;3;vocab
343;最初;172.16;さいしょ;beginning;[884, 431];25;;vocab
344;様;171.57;よう;Mr.;[1003];26;;vocab
345;達;171.54;いたる;reach;[591];21;;vocab
346;国民;171.28;こくみん;nation;[624, 1976];49;;vocab
347;サービス;171.16;サービス;service;[];0;2;loanword
348;もっと;171.15;もっと;more;[];0;1;vocab
349;に関する;169.37;にかんする;Regarding;[2173];55;;vocab
350;こちら;169.02;こちら;Here;[];0;2;vocab
351;かける;168.92;かける;put on;[];0;3;vocab
352;水;168.9;みず;water;[137];8;;vocab
353;新;167.35;しん;new;[1619];39;;vocab
354;つける;167.05;つける;Put on;[];0;3;vocab
355;事件;166.62;じけん;event;[1240, 1032];31;;vocab
356;英語;166.43;えいご;English;[1878, 371];45;;vocab
357;所;166.1;ところ;place;[1208];31;;vocab
358;質問;166.04;しつもん;question;[1219, 1744];42;;vocab
359;形;165.95;かたち;shape;[1847];45;;vocab
360;ほとんど;165.92;ほとんど;largely;[];0;2;vocab
361;ふう;164.94;ふう;Phew;[];0;3;vocab
362;男;164.71;おとこ;man;[923];25;;vocab
363;はず;164.59;はず;Auxiliary;[];0;2;vocab
364;まず;164.46;まず;first;[];0;2;vocab
365;約;162.65;やく;about;[1462];36;;vocab
366;こう;162.27;こう;like this;[];0;1;vocab
367;主義;161.62;しゅぎ;doctrine;[284, 691];23;;vocab
368;下;161.22;した;under;[51];3;;vocab
369;場;161.05;ば;place;[584];21;;vocab
370;ちゃん;160.92;ちゃん;Chan;[];0;2;vocab
371;理由;160.42;りゆう;reason;[283, 1186];30;;vocab
372;書;160.28;しょ;calligraphy;[349];15;;vocab
373;社;158.75;しゃ;Company;[1173];30;;vocab
374;ン;158.39;ン;hmm;[];0;;morpheme
375;場所;158.24;ばしょ;place;[584, 1208];31;;vocab
376;機能;158.21;きのう;function;[1482, 2160];54;;vocab
377;米;157.92;べい;rice;[987];26;;vocab
378;お願い;157.28;おねがい;please;[143];8;;vocab
379;労働;157.16;ろうどう;manual labor;[924, 1809];43;;vocab
380;いつも;157.08;いつも;everytime;[];0;2;vocab
381;車;156.94;くるま;car;[304];13;;vocab
382;相手;156.65;あいて;companion;[222, 687];23;;vocab
383;国際;155.93;こくさい;international;[624, 1392];35;;vocab
384;自身;155.92;じしん;by oneself;[36, 1337];34;;vocab
385;声;155.19;こえ;voice;[2044];51;;vocab
386;取る;154.93;とる;take;[882];25;;vocab
387;計画;154.72;けいかく;plan;[359, 1254];31;;vocab
388;かかる;154.49;かかる;It takes;[];0;3;vocab
389;ほう;154.39;ほう;law;[];0;2;vocab
390;政治;154.32;せいじ;politics;[407, 807];23;;vocab
391;別;153.9;べつ;another;[94];5;;vocab
392;ばかり;153.26;ばかり;Adverbial/Focus particle;[];0;1;vocab
393;系;153.09;けい;system;[1492];36;;vocab
394;感;153.02;かん;feeling;[662];22;;vocab
395;億;152.03;おく;hundred million;[1058];27;;vocab
396;頃;151.62;ころ;Around;[479];18;;vocab
397;号;151.62;ごう;issue;[1330];33;;vocab
398;における;151.54;における;in;[];0;3;vocab
399;長;151.46;なが;long;[2070];52;;vocab
400;日本人;150.29;にっぽんじん;Japanese;[12, 224, 1023];27;;vocab
401;今後;150.17;こんご;from now on;[1711, 1479];41;;vocab
402;つまり;149.83;つまり;In other words;[];0;2;vocab
403;呼ぶ;149.08;よぶ;Call;[1597];39;;vocab
404;まま;148.88;まま;noun (state as is);[];0;2;vocab
405;下さる;148.87;くださる;Give;[51];3;;vocab
406;文化;148.58;ぶんか;culture;[1861, 1083];45;;vocab
407;体;147.55;からだ;body;[1030];27;;vocab
408;与える;146.78;あたえる;give;[1335];33;;vocab
409;こ;146.77;こ;child;[];0;;morpheme
410;ちゃう;146.45;ちゃう;No;[];0;2;vocab
411;大変;146.23;たいへん;very;[112, 1882];45;;vocab
412;彼ら;145.2;かれら;they;[948];25;;vocab
413;評価;145.09;ひょうか;valuation;[1599, 1729];41;;vocab
414;百;145.05;ひゃく;hundred;[38];3;;vocab
415;やすい;144.97;やすい;Cheap;[];0;3;vocab
416;対応;144.41;たいおう;interaction;[1862, 653];45;;vocab
417;求める;144.24;もとめる;demand;[1004];26;;vocab
418;権;144.03;けん;Rights;[613];21;;vocab
419;頭;143.8;あたま;head;[1549];38;;vocab
420;あまり;143.68;あまり;not much;[];0;3;vocab
421;子;143.56;こ;child;[99];6;;vocab
422;自由;143.0;じゆう;freedom;[36, 1186];30;;vocab
423;すぎる;142.52;すぎる;too much;[];0;3;vocab
424;昨日;141.0;きのう;yesterday;[1222, 12];31;;vocab
425;みたい;140.29;みたい;Auxiliary;[];0;2;vocab
426;すぐ;140.19;すぐ;Immediately;[];0;2;vocab
427;これから;140.17;これから;from now;[];0;3;vocab
428;戻る;140.15;もどる;return;[1162];29;;vocab
429;歴史;140.06;れきし;history;[402, 747];23;;vocab
430;全体;140.04;ぜんたい;whole;[281, 1030];27;;vocab
431;長い;140.0;ながい;long;[2070];52;;vocab
432;少ない;139.89;すくない;few;[111];7;;vocab
433;気持ち;139.81;きもち;feeling;[2030, 712];51;;vocab
434;報告;139.6;ほうこく;report;[1625, 262];39;;vocab
435;程度;139.27;ていど;degree;[960, 1278];32;;vocab
436;元;138.74;もと;Former;[63];4;;vocab
437;人々;138.57;ひとびと;each person;[1023];27;;vocab
438;予定;138.24;よてい;plans;[1719, 408];41;;vocab
439;代表;137.97;だいひょう;representative;[1080, 1666];40;;vocab
440;その後;137.68;そのご;after that;[1479];36;;vocab
441;経験;137.65;けいけん;experience;[1460, 2134];54;;vocab
442;型;137.59;かた;Type;[735];23;;vocab
443;員;136.95;いん;member;[59];4;;vocab
444;ネット;136.92;ネット;net;[];0;2;loanword
445;以外;136.82;いがい;with the exception of;[1105, 116];28;;vocab
446;なぁ;136.79;なぁ;Hey;[];0;;morpheme
447;今年;136.58;ことし;this year;[1711, 1114];41;;vocab
448;価格;136.52;かかく;price;[1729, 312];41;;vocab
449;投資;136.15;とうし;investment;[762, 512];23;;vocab
450;経営;135.9;けいえい;management;[1460, 1111];36;;vocab
451;早い;135.84;はやい;early;[26];2;;vocab
452;ニュース;135.61;ニュース;news;[];0;2;loanword
453;帰る;135.16;かえる;Go home;[1316];33;;vocab
454;それぞれ;134.39;それぞれ;each;[];0;3;vocab
455;自然;134.32;しぜん;nature;[36, 256];11;;vocab
456;商品;134.2;しょうひん;commodity;[471, 23];18;;vocab
457;なかなか;133.86;なかなか;Quite;[];0;2;vocab
458;発表;133.81;はっぴょう;announcement;[1840, 1666];44;;vocab
459;教える;133.43;おしえる;teach;[1343];34;;vocab
460;目的;133.41;もくてき;purpose;[15, 73];4;;vocab
461;影響;132.97;えいきょう;influence;[1848, 1994];49;;vocab
462;地方;132.9;ちほう;district;[554, 529];21;;vocab
463;生きる;132.89;いきる;to live;[1675];40;;vocab
464;だから;132.84;だから;that's why;[];0;1;vocab
465;テレビ;132.84;テレビ;tv set;[];0;2;loanword
466;一緒;132.07;いっしょ;together;[1, 1444];36;;vocab
467;面;132.0;めん;surface;[2039];51;;vocab
468;顔;131.48;かお;face;[1853];45;;vocab
469;選手;131.42;せんしゅ;player;[1944, 687];47;;vocab
470;楽しい;131.4;たのしい;fun;[1872];45;;vocab
471;道;130.5;みち;road;[295];13;;vocab
472;けれど;130.39;けれど;Adversative particle;[];0;2;vocab
473;みんな;130.26;みんな;everyone;[];0;1;vocab
474;子ども;130.06;こども;children;[99];6;;vocab
475;実は;129.91;じつは;actually;[1694];40;;vocab
476;確か;129.79;たしか;Certainly;[609];21;;vocab
477;でる;129.69;でる;Come out;[];0;3;vocab
478;千;129.53;せん;thousand;[40];3;;vocab
479;確認;129.28;かくにん;confirmation;[609, 643];22;;vocab
480;ありがとう;129.08;ありがとう;thank you;[];0;2;vocab
481;夜;128.74;よる;night;[1115];28;;vocab
482;例えば;128.69;たとえば;for example;[1046];27;;vocab
483;中心;128.56;ちゅうしん;center;[39, 639];22;;vocab
484;市場;128.42;しじょう;market;[440, 584];21;;vocab
485;音;128.21;おと;sound;[518];19;;vocab
486;提供;128.18;ていきょう;offer;[718, 1935];47;;vocab
487;事実;127.82;じじつ;fact;[1240, 1694];40;;vocab
488;地;127.61;ち;earth;[554];21;;vocab
489;簡単;127.43;かんたん;simple;[1749, 2078];53;;vocab
490;面白い;127.26;おもしろい;interesting;[2039, 37];51;;vocab
491;朝;127.26;あさ;morning;[53];3;;vocab
492;版;127.13;ばん;edition;[1298];32;;vocab
493;学;127.03;がく;studies;[346];15;;vocab
494;なぜ;127.02;なぜ;why;[];0;1;vocab
495;当然;127.0;とうぜん;natural;[1236, 256];31;;vocab
496;以下;126.97;いか;not exceeding;[1105, 51];28;;vocab
497;責任;126.89;せきにん;duty;[1661, 1078];40;;vocab
498;六;126.67;ろく;Six;[6];1;;vocab
499;ゲーム;126.29;ゲーム;game;[];0;2;loanword
500;議論;126.23;ぎろん;argument;[692, 1961];48;;vocab
501;これら;126.04;これら;Determiner;[];0;3;vocab
502;以前;125.89;いぜん;ago;[1105, 309];28;;vocab
503;位;125.78;くらい;rank;[1028];27;;vocab
504;データ;125.74;データ;data;[];0;2;loanword
505;示す;125.06;しめす;show;[1167];30;;vocab
506;判断;124.69;はんだん;judgement;[1289, 1218];32;;vocab
507;例;124.62;れい;example;[1046];27;;vocab
508;専門;124.4;せんもん;speciality;[47, 1743];42;;vocab
509;家族;124.3;かぞく;family;[580, 1307];33;;vocab
510;しかも;123.87;しかも;Moreover,;[];0;3;vocab
511;初めて;123.71;はじめて;first time;[431];18;;vocab
512;勉強;123.55;べんきょう;study;[2129, 1321];53;;vocab
513;申し上げる;123.19;もうしあげる;I say;[1198, 50];30;;vocab
514;話す;123.18;はなす;talk;[368];15;;vocab
515;もつ;123.02;もつ;Offal;[];0;3;vocab
516;期待;122.97;きたい;expectation;[1902, 944];46;;vocab
517;難しい;122.69;むずかしい;difficult;[1703];40;;vocab
518;そこで;122.57;そこで;So;[];0;3;vocab
519;いま;122.48;いま;now;[];0;3;vocab
520;全く;122.4;まったく;absolutely;[281];12;;vocab
521;韓国;122.05;かんこく;South Korea;[1776, 624];42;;vocab
522;外;122.0;そと;outside;[116];7;;vocab
523;たくさん;122.0;たくさん;a lot;[];0;2;vocab
524;効果;121.97;こうか;effect;[1369, 1202];34;;vocab
525;検討;121.79;けんとう;consideration;[1803, 364];43;;vocab
526;各;121.62;かく;each;[311];13;;vocab
527;普通;121.33;ふつう;general;[1925, 1511];47;;vocab
528;組織;121.21;そしき;organization;[1914, 1432];47;;vocab
529;政策;121.06;せいさく;political measures;[407, 1019];26;;vocab
530;町;120.81;まち;town;[96];5;;vocab
531;行動;120.6;こうどう;action;[938, 1806];43;;vocab
532;年間;119.66;ねんかん;year;[1114, 1747];42;;vocab
533;こそ;119.45;こそ;Adverbial/Focus particle;[];0;3;vocab
534;置く;119.45;おく;put;[895];25;;vocab
535;率;119.39;りつ;rate;[1874];45;;vocab
536;当時;119.23;とうじ;at that time;[1236, 171];31;;vocab
537;学生;119.0;がくせい;student;[346, 1675];40;;vocab
538;飲む;118.9;のむ;drink;[1584];38;;vocab
539;海;118.29;うみ;sea;[500];18;;vocab
540;よく;117.84;よく;often;[];0;2;vocab
541;販売;117.61;はんばい;sales;[783, 345];23;;vocab
542;どんな;117.58;どんな;what kind;[];0;2;vocab
543;つつ;117.22;つつ;Conjunctive particle;[];0;;morpheme
544;購入;116.96;こうにゅう;purchase;[1958, 842];48;;vocab
545;科学;116.84;かがく;science;[1263, 346];31;;vocab
546;監督;116.41;かんとく;supervision;[1562, 776];38;;vocab
547;意識;116.37;いしき;consciousness;[654, 521];22;;vocab
548;認める;115.67;みとめる;admit;[643];22;;vocab
549;欲しい;115.65;ほしい;want;[855];24;;vocab
550;九;115.08;きゅう;nine;[9];1;;vocab
551;わ;115.05;わ;Sentence ending particle;[];0;3;vocab
552;通り;114.99;とおり;street;[1511];37;;vocab
553;とも;114.83;とも;friend;[];0;3;vocab
554;立つ;114.49;たつ;stand;[462];18;;vocab
555;生産;114.26;せいさん;production;[1675, 1681];40;;vocab
556;表現;113.89;ひょうげん;expression;[1666, 275];40;;vocab
557;戦争;113.8;せんそう;war;[2079, 1238];53;;vocab
558;ねる;113.73;ねる;Sleep;[];0;3;vocab
559;参考;113.68;さんこう;reference;[1856, 1341];45;;vocab
560;始まる;113.58;はじまる;begins;[809];23;;vocab
561;ひとつ;113.4;ひとつ;one;[];0;3;vocab
562;その他;113.14;そのた;others;[1034];27;;vocab
563;決定;112.98;けってい;decision;[1770, 408];42;;vocab
564;まあ;112.76;まあ;oh dear;[];0;3;vocab
565;ぐらい;112.73;ぐらい;Adverbial/Focus particle;[];0;1;vocab
566;曲;112.56;きょく;song;[1256];31;;vocab
567;同;112.49;どう;same;[192];9;;vocab
568;ク;112.39;ク;nine;[];0;;morpheme
569;やっぱり;112.26;やっぱり;on second thoughts;[];0;2;vocab
570;法律;112.23;ほうりつ;law;[813, 939];25;;vocab
571;機関;111.96;きかん;engine;[1482, 2173];55;;vocab
572;開く;110.75;ひらく;open;[1750];42;;vocab
573;ビジネス;110.53;ビジネス;business;[];0;2;loanword
574;さて;110.19;さて;Now;[];0;3;vocab
575;対象;110.03;たいしょう;target;[1862, 2130];53;;vocab
576;チーム;109.98;チーム;team;[];0;2;loanword
577;現実;109.68;げんじつ;reality;[275, 1694];40;;vocab
578;進む;109.52;すすむ;move on;[603];21;;vocab
579;対策;109.51;たいさく;measure;[1862, 1019];45;;vocab
580;作業;109.11;さぎょう;work;[1224, 1931];47;;vocab
581;すごい;108.78;すごい;amazing;[];0;2;vocab
582;価値;108.72;かち;value;[1729, 1052];41;;vocab
583;テーマ;108.57;テーマ;theme;[];0;2;loanword
584;十分;108.55;じゅうふん;plenty;[10, 844];24;;vocab
585;含む;108.48;ふくむ;include;[1712];41;;vocab
586;一部;108.47;いちぶ;one part;[1, 1988];49;;vocab
587;語;108.25;かたり;word;[371];15;;vocab
588;決める;108.22;きめる;decide;[1770];42;;vocab
589;姿;108.12;すがた;figure;[513];18;;vocab
590;新聞;108.08;しんぶん;newspaper;[1619, 1754];42;;vocab
591;一方;108.04;いっぽう;on the other hand;[1, 529];19;;vocab
592;風;107.87;かぜ;wind;[563];21;;vocab
593;八;107.79;はち;eight;[8];1;;vocab
594;際;107.52;さい;edge;[1392];35;;vocab
595;考え;107.31;かんがえ;thought;[1341];34;;vocab
596;ラ;107.11;ラ;La;[];0;;morpheme
597;残る;107.1;のこる;remain;[871];25;;vocab
598;論;107.07;ろん;theory;[1961];48;;vocab
599;のみ;106.84;のみ;only;[];0;3;vocab
600;全て;106.71;すべて;all;[281];12;;vocab
601;及び;106.52;および;and;[743];23;;vocab
602;大臣;106.51;だいじん;cabinet minister;[112, 911];25;;vocab
603;神;106.48;かみ;God;[1200];30;;vocab
604;国家;106.22;こっか;state;[624, 580];22;;vocab
605;件;105.95;けん;subject;[1032];27;;vocab
606;語る;105.94;かたる;speak;[371];15;;vocab
607;毎日;105.86;まいにち;every day;[497, 12];18;;vocab
608;俺;105.82;おれ;I/me (male, very casual);[1091];27;;vocab
609;試合;105.8;しあい;match;[378, 269];16;;vocab
610;もし;105.68;もし;if;[];0;2;vocab
611;七;105.26;なな;seven;[7];1;;vocab
612;ま;105.25;ま;Ma;[];0;;morpheme
613;会議;105.21;かいぎ;meeting;[814, 692];23;;vocab
614;いつ;105.07;いつ;when;[];0;1;vocab
615;指摘;105.02;してき;pointing out;[711, 709];23;;vocab
616;言える;104.86;いえる;can say;[357];15;;vocab
617;歩く;104.76;あるく;walk;[397];17;;vocab
618;製品;104.72;せいひん;manufactured goods;[448, 23];18;;vocab
619;変化;104.69;へんか;change;[1882, 1083];45;;vocab
620;結局;104.49;けっきょく;after all;[1451, 1147];36;;vocab
621;消費;104.46;しょうひ;consumption;[155, 1326];33;;vocab
622;保険;104.3;ほけん;insurance;[1072, 1802];43;;vocab
623;り;103.99;り;the law of nature;[];0;;morpheme
624;具体;103.88;ぐたい;concrete;[78, 1030];27;;vocab
625;あげる;103.75;あげる;give;[];0;2;vocab
626;人生;103.74;じんせい;life;[1023, 1675];40;;vocab
627;量;103.7;りょう;amount;[189];9;;vocab
628;米国;103.41;べいこく;US;[987, 624];26;;vocab
629;表示;103.2;ひょうじ;indication;[1666, 1167];40;;vocab
630;変える;102.9;かえる;change;[1882];45;;vocab
631;精神;102.84;せいしん;mind;[1655, 1200];40;;vocab
632;街;102.78;まち;city;[955];25;;vocab
633;過去;102.65;かこ;the past;[1389, 812];34;;vocab
634;レベル;102.53;レベル;level;[];0;2;loanword
635;我々;102.52;われわれ;we;[690];23;;vocab
636;インターネット;102.04;インターネット;internet;[];0;2;loanword
637;能力;101.83;のうりょく;ability;[2160, 922];54;;vocab
638;選ぶ;101.8;えらぶ;choose;[1944];47;;vocab
639;指導;101.67;しどう;leadership;[711, 296];23;;vocab
640;更新;101.22;こうしん;renewal;[749, 1619];39;;vocab
641;公開;100.92;こうかい;opening to the public;[847, 1750];42;;vocab
642;日本語;100.65;にほんご;Japanese;[12, 224, 371];15;;vocab
643;皆さん;100.63;みなさん;everyone;[484];18;;vocab
644;働く;100.02;はたらく;work;[1809];43;;vocab
645;屋;100.0;や;shop;[1138];29;;vocab
646;ほか;99.95;ほか;others;[];0;2;vocab
647;女;99.66;おんな;woman;[102];6;;vocab
648;昔;99.49;むかし;long ago;[1268];32;;vocab
649;担当;99.37;たんとう;being in charge;[721, 1236];31;;vocab
650;費;99.3;ひ;expense;[1326];33;;vocab
651;わたし;99.25;わたし;I;[];0;1;vocab
652;送る;99.17;おくる;send;[2172];55;;vocab
653;明日;99.11;あした;tomorrow;[20, 12];2;;vocab
654;旅行;99.09;りょこう;travel;[1127, 938];29;;vocab
655;夢;99.05;ゆめ;dream;[327];14;;vocab
656;それから;98.94;それから;after that;[];0;1;vocab
657;明らか;98.8;あきらか;clear;[20];2;;vocab
658;乗る;98.74;のる;get on;[1709];40;;vocab
659;つくる;98.43;つくる;Create;[];0;3;vocab
660;木;97.71;き;tree;[207];10;;vocab
661;機;97.6;き;machine;[1482];36;;vocab
662;大切;97.58;たいせつ;important;[112, 89];7;;vocab
663;忘れる;97.55;わすれる;forget;[640];22;;vocab
664;局;97.53;つぼね;Bureau;[1147];29;;vocab
665;行政;97.42;ぎょうせい;administration;[938, 407];25;;vocab
666;安全;97.4;あんぜん;safety;[202, 281];12;;vocab
667;外国;97.31;がいこく;foreign country;[116, 624];22;;vocab
668;増える;97.27;ふえる;increase;[541];19;;vocab
669;お金;96.97;おかね;money;[287];12;;vocab
670;資料;96.71;しりょう;materials;[512, 1262];31;;vocab
671;部屋;96.57;へや;room;[1988, 1138];49;;vocab
672;行為;96.4;こうい;act;[938, 2067];52;;vocab
673;あ;96.35;あ;a;[];0;3;vocab
674;平成;96.31;へいせい;Heisei;[1596, 386];39;;vocab
675;いや;96.1;いや;no;[];0;3;vocab
676;なん;96.04;なん;what;[];0;1;vocab
677;楽しむ;96.02;たのしむ;enjoy;[1872];45;;vocab
678;色;95.97;いろ;color;[1890];45;;vocab
679;待つ;95.82;まつ;wait;[944];25;;vocab
680;登録;95.74;とうろく;registration;[1838, 1226];44;;vocab
681;ドイツ;95.66;ドイツ;Germany;[];0;2;loanword
682;うまい;95.61;うまい;good;[];0;3;vocab
683;設定;95.5;せってい;establishment;[765, 408];23;;vocab
684;どういう;95.28;どういう;What;[];0;3;vocab
685;述べる;95.27;のべる;state;[1643];39;;vocab
686;成功;95.19;せいこう;success;[386, 927];25;;vocab
687;努力;95.03;どりょく;great effort;[929, 922];25;;vocab
688;戦;94.95;せん;War;[2079];53;;vocab
689;団体;94.7;だんたい;organization;[625, 1030];27;;vocab
690;につきまして;94.63;につきまして;Regarding;[];0;3;vocab
691;支援;94.58;しえん;support;[768, 2101];53;;vocab
692;最も;94.53;もっとも;most;[884];25;;vocab
693;自己;94.49;じこ;self;[36, 564];21;;vocab
694;全;94.46;ちょん;all;[281];12;;vocab
695;年度;94.45;ねんど;fiscal year;[1114, 1278];32;;vocab
696;運動;94.44;うんどう;exercise;[325, 1806];43;;vocab
697;構造;94.27;こうぞう;structure;[1959, 299];48;;vocab
698;特別;94.26;とくべつ;special;[261, 94];11;;vocab
699;ド;94.21;ド;Do;[];0;;morpheme
700;解決;94.0;かいけつ;settlement;[1955, 1770];48;;vocab
701;完全;93.78;かんぜん;perfection;[199, 281];12;;vocab
702;品;93.59;しな;Product;[23];2;;vocab
703;訳;93.53;わけ;reason;[1154];29;;vocab
704;向かう;93.33;むかう;Heading;[195];9;;vocab
705;男性;93.13;だんせい;man;[923, 1679];40;;vocab
706;結構;93.1;けっこう;splendid;[1451, 1959];48;;vocab
707;産業;93.06;さんぎょう;industry;[1681, 1931];47;;vocab
708;軍;92.87;ぐん;army;[323];14;;vocab
709;主;92.77;あるじ;main;[284];12;;vocab
710;に関して;92.33;にかんして;Regarding;[2173];55;;vocab
711;人気;92.25;にんき;popularity;[1023, 2030];51;;vocab
712;お話;92.23;おはなし;Story;[368];15;;vocab
713;駅;92.05;えき;station;[2138];54;;vocab
714;描く;92.04;えがく;draw;[723];23;;vocab
715;近く;92.02;ちかく;near;[1210];31;;vocab
716;最終;91.96;さいしゅう;last;[884, 1452];36;;vocab
717;ドル;91.37;ドル;Dollar;[];0;2;loanword
718;過ぎる;91.35;よぎる;too much;[1389];34;;vocab
719;保護;91.33;ほご;care;[1072, 756];27;;vocab
720;上げる;91.28;あげる;increase;[50];3;;vocab
721;再;91.26;さい;Re;[1956];48;;vocab
722;グループ;91.15;グループ;group;[];0;2;loanword
723;生;91.11;なま;raw;[1675];40;;vocab
724;ポイント;91.09;ポイント;point;[];0;2;loanword
725;ども;90.88;ども;Hello;[];0;;morpheme
726;センター;90.86;センター;Center;[];0;2;loanword
727;開催;90.86;かいさい;holding a meeting;[1750, 1062];42;;vocab
728;方向;90.84;ほうこう;direction;[529, 195];19;;vocab
729;改革;90.83;かいかく;reform;[567, 2041];51;;vocab
730;検索;90.8;けんさく;looking up;[1803, 1465];43;;vocab
731;走る;90.77;はしる;run;[410];17;;vocab
732;生まれる;90.75;うまれる;be born;[1675];40;;vocab
733;起こる;90.59;おこる;happen;[565];21;;vocab
734;健康;89.95;けんこう;health;[1048, 1243];31;;vocab
735;障害;89.89;しょうがい;obstacle;[1393, 1671];40;;vocab
736;起きる;89.84;おきる;get up;[565];21;;vocab
737;協力;89.43;きょうりょく;cooperation;[937, 922];25;;vocab
738;時期;89.37;じき;season;[171, 1902];46;;vocab
739;料理;89.33;りょうり;cooking;[1262, 283];31;;vocab
740;考え方;89.08;かんがえかた;way of thinking;[1341, 529];34;;vocab
741;医療;89.05;いりょう;medical care;[1829, 1845];44;;vocab
742;頂く;89.04;いただく;receive;[98];5;;vocab
743;金融;88.94;きんゆう;financing;[287, 1123];28;;vocab
744;売る;88.89;うる;sell;[345];14;;vocab
745;試験;88.88;しけん;examination;[378, 2134];54;;vocab
746;により;88.86;により;By;[];0;3;vocab
747;進める;88.83;すすめる;Proceed;[603];21;;vocab
748;死ぬ;88.79;しぬ;to die;[878];25;;vocab
749;フランス;88.69;フランス;France;[];0;2;loanword
750;近い;88.61;ちかい;close;[1210];31;;vocab
751;立場;88.5;たちば;standpoint;[462, 584];21;;vocab
752;契約;88.48;けいやく;contract;[1669, 1462];40;;vocab
753;すでに;88.16;すでに;already;[];0;2;vocab
754;条件;87.88;じょうけん;condition;[319, 1032];27;;vocab
755;放送;87.84;ほうそう;broadcast;[535, 2172];55;;vocab
756;全国;87.64;ぜんこく;countrywide;[281, 624];22;;vocab
757;違い;87.58;ちがい;difference;[1773];42;;vocab
758;室;87.35;しつ;room;[816];23;;vocab
759;なあ;87.24;なあ;Hey;[];0;;morpheme
760;枚;87.22;まい;pieces;[354];15;;vocab
761;ずっと;87.12;ずっと;forever;[];0;2;vocab
762;作成;87.1;さくせい;drawing up;[1224, 386];31;;vocab
763;足;87.07;あし;feet;[1372];34;;vocab
764;学ぶ;87.0;まなぶ;learn;[346];15;;vocab
765;成長;86.87;せいちょう;growth;[386, 2070];52;;vocab
766;施設;86.85;しせつ;institution;[1124, 765];29;;vocab
767;リ;86.81;リ;R;[];0;;morpheme
768;登場;86.54;とうじょう;entry;[1838, 584];44;;vocab
769;知識;86.51;ちしき;knowledge;[1308, 521];33;;vocab
770;携帯;86.49;けいたい;something carried;[742, 444];23;;vocab
771;実現;86.39;じつげん;implementation;[1694, 275];40;;vocab
772;友人;86.35;ゆうじん;friend;[760, 1023];27;;vocab
773;海外;85.98;かいがい;foreign;[500, 116];18;;vocab
774;原因;85.86;げんいん;cause;[142, 626];22;;vocab
775;実施;85.82;じっし;enforcement;[1694, 1124];40;;vocab
776;昨年;85.76;さくねん;last year;[1222, 1114];31;;vocab
777;探す;85.44;さがす;search;[1425];35;;vocab
778;病院;85.26;びょういん;hospital;[1813, 1401];44;;vocab
779;代;85.22;だい;teenager;[1080];27;;vocab
780;認識;85.09;にんしき;recognition;[643, 521];22;;vocab
781;夏;85.06;なつ;summer;[317];13;;vocab
782;および;84.99;および;and;[];0;3;vocab
783;イメージ;84.73;イメージ;image;[];0;2;loanword
784;段階;84.72;だんかい;grade;[2003, 1406];50;;vocab
785;発生;84.7;はっせい;outbreak;[1840, 1675];44;;vocab
786;反対;84.58;はんたい;opposition;[779, 1862];45;;vocab
787;会う;84.49;あう;to meet;[814];23;;vocab
788;期間;84.45;きかん;period;[1902, 1747];46;;vocab
789;区;84.37;く;Ward;[1831];44;;vocab
790;トップ;84.3;トップ;top;[];0;2;loanword
791;条;84.15;じょう;article;[319];13;;vocab
792;若い;83.95;わかい;young;[237];10;;vocab
793;見せる;83.94;みせる;show;[61];4;;vocab
794;午後;83.88;ごご;afternoon;[610, 1479];36;;vocab
795;税;83.59;ぜい;tax;[961];26;;vocab
796;主張;83.5;しゅちょう;claim;[284, 2071];52;;vocab
797;変更;83.31;へんこう;change;[1882, 749];45;;vocab
798;サッカー;83.26;サッカー;soccer;[];0;2;loanword
799;パソコン;83.22;パソコン;PC;[];0;2;loanword
800;限り;83.2;かぎり;as long as;[1576];38;;vocab
801;高;83.13;こう;high;[329];14;;vocab
802;番組;83.06;ばんぐみ;program;[2058, 1914];52;;vocab
803;今度;83.01;こんど;now;[1711, 1278];41;;vocab
804;ホームページ;83.0;ホームページ;Home page;[];0;2;loanword
805;準備;82.4;じゅんび;preparation;[606, 1267];32;;vocab
806;処理;82.35;しょり;processing;[318, 283];13;;vocab
807;口;82.23;くち;mouth;[11];1;;vocab
808;式;82.13;しき;formula;[377];16;;vocab
809;または;82.1;または;or;[];0;3;vocab
810;だって;82.05;だって;Adverbial/Focus particle;[];0;2;vocab
811;絶対;81.99;ぜったい;absolutely;[1891, 1862];45;;vocab
812;伝える;81.85;つたえる;tell;[1036];27;;vocab
813;結婚;81.79;けっこん;marriage;[1451, 1972];49;;vocab
814;社長;81.76;しゃちょう;company president;[1173, 2070];52;;vocab
815;守る;81.72;まもる;protect;[198];9;;vocab
816;体験;81.71;たいけん;personal experience;[1030, 2134];54;;vocab
817;基準;81.68;きじゅん;standard;[1904, 606];46;;vocab
818;発言;81.62;はつげん;utterance;[1840, 357];44;;vocab
819;深い;81.56;ふかい;deep;[1426];35;;vocab
820;住む;81.44;すむ;live;[1027];27;;vocab
821;都市;81.43;とし;town;[1989, 440];49;;vocab
822;ぞ;81.36;ぞ;Sentence ending particle;[];0;3;vocab
823;親;81.29;おや;parent;[1621];39;;vocab
824;機会;81.22;きかい;chance;[1482, 814];36;;vocab
825;展開;81.19;てんかい;development;[2075, 1750];52;;vocab
826;ほしい;81.18;ほしい;I want;[];0;2;vocab
827;授業;81.07;じゅぎょう;lesson;[795, 1931];47;;vocab
828;デザイン;81.01;デザイン;design;[];0;2;loanword
829;火;80.85;ひ;fire;[173];8;;vocab
830;自体;80.66;じたい;itself;[36, 1030];27;;vocab
831;興味;80.51;きょうみ;interest;[1533, 233];37;;vocab
832;掲載;80.47;けいさい;publication;[726, 383];23;;vocab
833;含める;80.31;ふくめる;include;[1712];41;;vocab
834;編集;80.0;へんしゅう;editing;[1966, 601];48;;vocab
835;選択;79.53;せんたく;selection;[1944, 1155];47;;vocab
836;いわゆる;79.36;いわゆる;so-called;[];0;3;vocab
837;信じる;79.34;しんじる;believe;[1043];27;;vocab
838;もん;79.25;もん;Sentence ending particle;[];0;3;vocab
839;週間;79.23;しゅうかん;week;[340, 1747];42;;vocab
840;負担;79.16;ふたん;burden;[67, 721];23;;vocab
841;文字;79.16;もじ;letter;[1861, 197];45;;vocab
842;最大;78.95;さいだい;biggest;[884, 112];25;;vocab
843;無料;78.94;むりょう;free;[1913, 1262];46;;vocab
844;相談;78.77;そうだん;consultation;[222, 374];15;;vocab
845;注意;78.77;ちゅうい;caution;[285, 654];22;;vocab
846;ホテル;78.71;ホテル;Hotel;[];0;2;loanword
847;まったく;78.46;まったく;Absolutely;[];0;2;vocab
848;株;78.36;かぶ;KK;[236];10;;vocab
849;思える;78.33;おもえる;I think;[651];22;;vocab
850;全部;78.07;ぜんぶ;all;[281, 1988];49;;vocab
851;しっかり;78.06;しっかり;Firmly;[];0;3;vocab
852;開始;77.8;かいし;start;[1750, 809];42;;vocab
853;上がる;77.78;あがる;go up;[50];3;;vocab
854;身;77.56;み;Body;[1337];34;;vocab
855;イベント;77.5;イベント;event;[];0;2;loanword
856;分析;77.46;ぶんせき;analysis;[844, 1207];31;;vocab
857;アクセス;77.43;アクセス;access;[];0;2;loanword
858;同時に;77.37;どうじに;at the same time;[192, 171];9;;vocab
859;詳細;77.35;しょうさい;detail;[589, 1463];36;;vocab
860;合う;77.31;あう;fit;[269];12;;vocab
861;動く;77.29;うごく;Move;[1806];43;;vocab
862;える;77.23;える;El;[];0;3;vocab
863;先ほど;77.22;さきほど;Just now;[263];11;;vocab
864;派;77.19;は;sect;[1999];50;;vocab
865;アップ;77.04;アップ;up;[];0;2;loanword
866;将来;76.78;しょうらい;future;[789, 2029];51;;vocab
867;予算;76.78;よさん;estimate;[1719, 1017];41;;vocab
868;愛;76.77;あい;love;[796];23;;vocab
869;目標;76.76;もくひょう;mark;[15, 1734];41;;vocab
870;台;76.75;だい;stand;[805];23;;vocab
871;通信;76.75;つうしん;correspondence;[1511, 1043];37;;vocab
872;比べる;76.63;くらべる;compare;[482];18;;vocab
873;プログラム;76.63;プログラム;program;[];0;2;loanword
874;させる;76.61;させる;Auxiliary;[];0;;morpheme
875;分野;76.56;ぶんや;field;[844, 1722];41;;vocab
876;ちなみに;76.49;ちなみに;By the way;[];0;3;vocab
877;花;76.48;はな;flower;[1084];27;;vocab
878;向ける;76.37;むける;Point;[195];9;;vocab
879;国内;76.29;こくない;internal;[624, 1095];27;;vocab
880;土;76.17;ど;soil;[161];8;;vocab
881;時刻;76.12;じこく;instant;[171, 1639];39;;vocab
882;つ;76.05;つ;t;[];0;;morpheme
883;そのまま;75.91;そのまま;As it is;[];0;3;vocab
884;逆;75.9;ぎゃく;reverse;[2109];53;;vocab
885;発見;75.72;はっけん;discovery;[1840, 61];44;;vocab
886;とにかく;75.63;とにかく;anyway;[];0;2;vocab
887;きる;75.57;きる;Cut;[];0;3;vocab
888;最高;75.38;さいこう;highest;[884, 329];25;;vocab
889;頑張る;75.38;がんばる;do my best;[65, 2071];52;;vocab
890;為;75.22;ため;for the sake of;[2067];52;;vocab
891;覚える;75.16;おぼえる;learn by heart;[347];15;;vocab
892;利益;75.05;りえき;profit;[972, 2026];51;;vocab
893;どちら;75.05;どちら;Which;[];0;2;vocab
894;小;75.01;しょう;small;[110];7;;vocab
895;銀行;74.99;ぎんこう;bank;[1569, 938];38;;vocab
896;終了;74.98;しゅうりょう;end;[1452, 101];36;;vocab
897;事務;74.93;じむ;business;[1240, 1313];33;;vocab
898;出版;74.82;しゅっぱん;publication;[829, 1298];32;;vocab
899;連絡;74.82;れんらく;to contact;[305, 1450];36;;vocab
900;正しい;74.73;ただしい;correct;[405];17;;vocab
901;プロ;74.72;プロ;professional;[];0;2;loanword
902;大会;74.61;たいかい;convention;[112, 814];23;;vocab
903;練習;74.57;れんしゅう;practice;[1443, 616];36;;vocab
904;様々;74.49;さまざま;varied;[1003];26;;vocab
905;娘;74.48;むすめ;daughter;[1581];38;;vocab
906;州;74.47;しゅう;state;[135];8;;vocab
907;こうした;74.37;こうした;These;[];0;3;vocab
908;ファン;74.3;ファン;fan;[];0;2;loanword
909;同様;74.29;どうよう;identical;[192, 1003];26;;vocab
910;小さな;74.28;ちいさな;Small;[110];7;;vocab
911;大阪;74.24;おおさか;Osaka;[112, 1390];35;;vocab
912;共通;74.23;きょうつう;commonness;[1934, 1511];47;;vocab
913;つもり;74.2;つもり;Intention;[];0;2;vocab
914;現代;74.18;げんだい;nowadays;[275, 1080];27;;vocab
915;被害;74.11;ひがい;damage;[870, 1671];40;;vocab
916;住宅;74.08;じゅうたく;residence;[1027, 2065];52;;vocab
917;選挙;74.01;せんきょ;election;[1944, 2088];53;;vocab
918;とともに;74.01;とともに;together;[];0;3;vocab
919;新た;73.93;あらた;new;[1619];39;;vocab
920;大事;73.84;だいじ;important;[112, 1240];31;;vocab
921;あたり;73.83;あたり;Around;[];0;3;vocab
922;ろ;73.81;ろ;reactor;[];0;;morpheme
923;安い;73.78;やすい;cheap;[202];9;;vocab
924;山;73.7;やま;mountain;[830];24;;vocab
925;批判;73.54;ひはん;criticism;[701, 1289];32;;vocab
926;報道;73.52;ほうどう;information;[1625, 295];39;;vocab
927;動き;73.2;うごき;Movement;[1806];43;;vocab
928;心配;73.04;しんぱい;worry;[639, 1544];38;;vocab
929;見つける;72.95;みつける;find;[61];4;;vocab
930;本日;72.94;ほんじつ;today;[224, 12];10;;vocab
931;残念;72.92;ざんねん;deplorable;[871, 1715];41;;vocab
932;なお;72.89;なお;In addition;[];0;;morpheme
933;クリック;72.89;クリック;click;[];0;2;loanword
934;小さい;72.87;ちいさい;small;[110];7;;vocab
935;業界;72.61;ぎょうかい;business world;[1931, 266];47;;vocab
936;相当;72.58;そうとう;befitting;[222, 1236];31;;vocab
937;どれ;72.55;どれ;which one;[];0;1;vocab
938;議員;72.54;ぎいん;member of the Diet, congress or parliament;[692, 59];23;;vocab
939;業務;72.43;ぎょうむ;business;[1931, 1313];47;;vocab
940;なか;72.43;なか;noun (inside);[];0;3;vocab
941;章;72.41;あきら;chapter;[464];18;;vocab
942;調べる;72.39;しらべる;investigate;[373];15;;vocab
943;攻撃;72.37;こうげき;attack;[352, 766];23;;vocab
944;思い;72.33;おもい;thought;[651];22;;vocab
945;スポーツ;72.24;スポーツ;Sports;[];0;2;loanword
946;メンバー;72.13;メンバー;member;[];0;2;loanword
947;世紀;72.07;せいき;century;[28, 1454];36;;vocab
948;演奏;72.05;えんそう;musical performance;[2163, 1693];55;;vocab
949;家庭;71.94;かてい;home;[580, 634];22;;vocab
950;直接;71.89;ちょくせつ;direct;[77, 725];23;;vocab
951;ところが;71.89;ところが;However;[];0;2;vocab
952;聴く;71.65;きく;listen;[890];25;;vocab
953;構成;71.59;こうせい;organization;[1959, 386];48;;vocab
954;文章;71.58;ぶんしょう;sentence;[1861, 464];45;;vocab
955;案;71.53;あん;proposal;[227];10;;vocab
956;異なる;71.49;ことなる;different;[1936];47;;vocab
957;驚く;71.44;おどろく;Surprised;[2141];54;;vocab
958;希望;71.39;きぼう;hope;[1602, 528];39;;vocab
959;もと;71.35;もと;noun (origin/basis);[];0;3;vocab
960;記憶;71.29;きおく;memory;[568, 679];22;;vocab
961;方々;71.28;かたがた;they;[529];19;;vocab
962;取引;71.11;とりひき;transactions;[882, 1318];33;;vocab
963;美しい;71.01;うつくしい;beautiful;[587];21;;vocab
964;加える;70.98;くわえる;Add;[932];25;;vocab
965;市民;70.96;しみん;citizen;[440, 1976];49;;vocab
966;超;70.93;ちょう;Super;[411];17;;vocab
967;とおり;70.87;とおり;noun (way/street);[];0;3;vocab
968;資金;70.74;しきん;funds;[512, 287];18;;vocab
969;メディア;70.7;メディア;media;[];0;2;loanword
970;友達;70.69;ともだち;friend;[760, 591];23;;vocab
971;危険;70.68;きけん;danger;[1520, 1802];43;;vocab
972;運営;70.62;うんえい;management;[325, 1111];28;;vocab
973;導入;70.6;どうにゅう;introduction;[296, 842];24;;vocab
974;予想;70.45;よそう;expectation;[1719, 656];41;;vocab
975;ファイル;70.4;ファイル;file;[];0;2;loanword
976;いずれ;70.23;いずれ;Either way;[];0;3;vocab
977;モデル;70.22;モデル;Model;[];0;2;loanword
978;必ず;70.08;かならず;surely;[685];22;;vocab
979;たとえば;70.0;たとえば;for example;[];0;2;vocab
980;答える;69.98;こたえる;answer;[1018];26;;vocab
981;レ;69.77;レ;Re;[];0;;morpheme
982;発売;69.76;はつばい;sale;[1840, 345];44;;vocab
983;はっきり;69.7;はっきり;clearly;[];0;2;vocab
984;寝る;69.66;ねる;sleep;[1233];31;;vocab
985;目指す;69.64;めざす;aim;[15, 711];23;;vocab
986;話題;69.64;わだい;topic;[368, 415];17;;vocab
987;建築;69.59;けんちく;construction;[417, 1021];26;;vocab
988;印象;69.57;いんしょう;impression;[1530, 2130];53;;vocab
989;詳しい;69.45;くわしい;be familiar with;[589];21;;vocab
990;課題;69.39;かだい;subject;[1204, 415];30;;vocab
991;事故;69.34;じこ;accident;[1240, 355];31;;vocab
992;ライブ;69.23;ライブ;Live;[];0;2;loanword
993;低い;69.15;ひくい;low;[1973];49;;vocab
994;ソフト;69.11;ソフト;soft;[];0;2;loanword
995;額;68.94;がく;amount;[316];13;;vocab
996;る;68.91;る;R;[];0;;morpheme
997;バス;68.66;バス;bus;[];0;2;loanword
998;困る;68.57;こまる;in trouble;[621];22;;vocab
999;母;68.56;はは;mother;[105];6;;vocab
1000;チェック;68.54;チェック;check;[];0;2;loanword
1001;ちゃんと;68.48;ちゃんと;Properly;[];0;3;vocab
1002;われわれ;68.46;われわれ;we;[];0;3;vocab
1003;学習;68.02;がくしゅう;study;[346, 616];21;;vocab
1004;靴;67.95;くつ;shoes;[2042];51;;vocab
1005;むしろ;67.94;むしろ;rather;[];0;3;vocab
1006;まさに;67.83;まさに;Exactly;[];0;3;vocab
1007;権利;67.82;けんり;right;[613, 972];26;;vocab
1008;発展;67.78;はってん;development;[1840, 2075];52;;vocab
1009;記録;67.76;きろく;record;[568, 1226];31;;vocab
1010;割;67.69;わり;split;[1673];40;;vocab
1011;光;67.68;ひかり;light;[125];7;;vocab
1012;個;67.61;こ;pieces;[1047];27;;vocab
1013;計算;67.59;けいさん;calculation;[359, 1017];26;;vocab
1014;雨;67.54;あめ;rain;[451];18;;vocab
1015;設計;67.54;せっけい;plan;[765, 359];23;;vocab
1016;種類;67.54;しゅるい;variety;[1810, 1000];43;;vocab
1017;非;67.5;ひ;Non;[1760];42;;vocab
1018;現場;67.41;げんば;actual spot;[275, 584];21;;vocab
1019;途中;67.39;とちゅう;on the way;[1790, 39];43;;vocab
1020;気分;67.31;きぶん;feeling;[2030, 844];51;;vocab
1021;昭和;67.27;しょうわ;Showa;[91, 963];26;;vocab
1022;地球;67.15;ちきゅう;the earth;[554, 1005];26;;vocab
1023;嬉しい;67.15;うれしい;happy;[9999];99;;vocab
1024;移動;67.12;いどう;movement;[964, 1806];43;;vocab
1025;絵;67.05;え;picture;[1446];36;;vocab
1026;ごと;66.92;ごと;Every;[];0;3;vocab
1027;限る;66.91;かぎる;Limited;[1576];38;;vocab
1028;料;66.9;りょう;Fee;[1262];31;;vocab
1029;発行;66.85;はっこう;issue;[1840, 938];44;;vocab
1030;宗教;66.8;しゅうきょう;religion;[1181, 1343];34;;vocab
1031;企画;66.8;きかく;planning;[401, 1254];31;;vocab
1032;改正;66.77;かいせい;revision;[567, 405];21;;vocab
1033;数字;66.7;すうじ;numeral;[998, 197];26;;vocab
1034;倍;66.57;ばい;double;[1067];27;;vocab
1035;線;66.56;せん;line;[1438];36;;vocab
1036;そのもの;66.45;そのもの;the same;[];0;3;vocab
1037;不安;66.44;ふあん;anxiety;[1302, 202];32;;vocab
1038;自ら;66.34;みずから;oneself;[36];3;;vocab
1039;決まる;66.27;きまる;Decided;[1770];42;;vocab
1040;広い;66.17;ひろい;wide;[799];23;;vocab
1041;広告;66.12;こうこく;advertisement;[799, 262];23;;vocab
1042;土地;65.99;とち;plot of land;[161, 554];21;;vocab
1043;それら;65.94;それら;Determiner;[];0;3;vocab
1044;有名;65.93;ゆうめい;famous;[83, 117];7;;vocab
1045;基づく;65.92;もとづく;Based on;[1904];46;;vocab
1046;言語;65.92;げんご;language;[357, 371];15;;vocab
1047;共同;65.91;きょうどう;doing together;[1934, 192];47;;vocab
1048;年代;65.84;ねんだい;age;[1114, 1080];28;;vocab
1049;タイプ;65.84;タイプ;type;[];0;2;loanword
1050;観る;65.79;みる;Watch;[614];21;;vocab
1051;プロジェクト;65.78;プロジェクト;project;[];0;3;loanword
1052;要求;65.75;ようきゅう;demand;[1730, 1004];41;;vocab
1053;差;65.7;さ;difference;[593];21;;vocab
1054;残す;65.64;のこす;leave;[871];25;;vocab
1055;教授;65.61;きょうじゅ;professor;[1343, 795];34;;vocab
1056;さえ;65.52;さえ;Adverbial/Focus particle;[];0;3;vocab
1057;戦略;65.44;せんりゃく;strategy;[2079, 314];53;;vocab
1058;営業;65.42;えいぎょう;business;[1111, 1931];47;;vocab
1059;制;65.26;せい;system;[447];18;;vocab
1060;無理;65.16;むり;unreasonable;[1913, 283];46;;vocab
1061;役割;65.01;やくわり;part;[949, 1673];40;;vocab
1062;改善;64.95;かいぜん;betterment;[567, 1112];28;;vocab
1063;北朝鮮;64.91;きたちょうせん;north korea;[480, 53, 590];21;;vocab
1064;きっと;64.89;きっと;surely;[];0;2;vocab
1065;期;64.82;き;period;[1902];46;;vocab
1066;イギリス;64.78;イギリス;England;[];0;3;loanword
1067;ユーザー;64.7;ユーザー;user;[];0;3;loanword
1068;撮影;64.69;さつえい;photography;[885, 1848];45;;vocab
1069;エネルギー;64.62;エネルギー;Energy;[];0;3;loanword
1070;知れる;64.56;しれる;Know;[1308];33;;vocab
1071;拡大;64.54;かくだい;magnification;[801, 112];23;;vocab
1072;色々;64.52;いろいろ;various;[1890];45;;vocab
1073;いただける;64.4;いただける;You can;[];0;3;vocab
1074;道路;64.35;どうろ;road;[295, 1376];34;;vocab
1075;種;64.32;たね;seed;[1810];43;;vocab
1076;切る;64.25;きる;Cut;[89];5;;vocab
1077;憲法;64.09;けんぽう;constitution;[1674, 813];40;;vocab
1078;感謝;64.06;かんしゃ;thanks;[662, 1339];34;;vocab
1079;い;64.02;い;stomach;[];0;;morpheme
1080;感覚;63.93;かんかく;sense;[662, 347];22;;vocab
1081;旅;63.88;たび;Journey;[1127];29;;vocab
1082;紙;63.63;かみ;paper;[1971];49;;vocab
1083;高校;63.58;こうこう;senior high school;[329, 1371];34;;vocab
1084;なり;63.48;なり;Parallel marker;[];0;;morpheme
1085;付ける;63.45;つける;wear;[1075];27;;vocab
1086;厳しい;63.44;きびしい;strict;[2086];53;;vocab
1087;仕方;63.07;しかた;way;[1033, 529];27;;vocab
1088;合わせる;62.88;あわせる;match;[269];12;;vocab
1089;実行;62.86;じっこう;practice;[1694, 938];40;;vocab
1090;とりあえず;62.7;とりあえず;for now;[];0;2;vocab
1091;記者;62.6;きしゃ;reporter;[568, 1345];34;;vocab
1092;通常;62.56;つうじょう;common;[1511, 862];37;;vocab
1093;既に;62.52;すでに;already;[1593];38;;vocab
1094;現状;62.52;げんじょう;present condition;[275, 254];12;;vocab
1095;建設;62.5;けんせつ;construction;[417, 765];23;;vocab
1096;味;62.45;あじ;taste;[233];10;;vocab
1097;だが;62.45;だが;Conjunctive particle;[];0;3;vocab
1098;スタッフ;62.28;スタッフ;staff;[];0;3;loanword
1099;先日;62.28;せんじつ;the other day;[263, 12];11;;vocab
1100;最新;62.28;さいしん;latest;[884, 1619];39;;vocab
1101;中央;62.27;ちゅうおう;centre;[39, 1877];45;;vocab
1102;幸せ;62.22;しあわせ;happiness;[1622];39;;vocab
1103;似る;62.21;にる;Similar;[1106];28;;vocab
1104;犬;62.13;いぬ;dog;[253];11;;vocab
1105;平均;62.1;へいきん;average;[1596, 172];39;;vocab
1106;カード;62.05;カード;card;[];0;3;loanword
1107;あれ;62.03;あれ;Determiner;[];0;1;vocab
1108;物語;62.01;ものがたり;tale;[1129, 371];29;;vocab
1109;末;61.75;すえ;End;[231];10;;vocab
1110;財政;61.74;ざいせい;financial affairs;[737, 407];23;;vocab
1111;追加;61.5;ついか;addition;[1359, 932];34;;vocab
1112;不思議;61.47;ふしぎ;wonder;[1302, 651, 692];32;;vocab
1113;ネットワーク;61.44;ネットワーク;network;[];0;3;loanword
1114;警察;61.41;けいさつ;police;[358, 1184];30;;vocab
1115;初;61.39;はつ;first time;[431];18;;vocab
1116;雑誌;61.38;ざっし;journal;[604, 646];22;;vocab
1117;提案;61.36;ていあん;proposal;[718, 227];23;;vocab
1118;編;61.36;へん;Edited;[1966];48;;vocab
1119;思い出す;61.3;おもいだす;remember;[651, 829];24;;vocab
1120;大人;61.27;おとな;adult;[112, 1023];27;;vocab
1121;日々;61.16;ひび;every day;[12];1;;vocab
1122;様子;61.03;ようす;state;[1003, 99];26;;vocab
1123;なさる;60.96;なさる;Do;[];0;3;vocab
1124;いろんな;60.94;いろんな;various;[];0;3;vocab
1125;生徒;60.93;せいと;pupil;[1675, 943];40;;vocab
1126;にくい;60.92;にくい;Difficult;[];0;3;vocab
1127;マン;60.81;マン;Man;[];0;3;loanword
1128;総合;60.76;そうごう;synthesis;[1466, 269];36;;vocab
1129;使える;60.63;つかえる;Usable;[1065];27;;vocab
1130;値;60.63;ね;value;[1052];27;;vocab
1131;活用;60.58;かつよう;practical use;[154, 1265];31;;vocab
1132;決して;60.56;けっして;never;[1770];42;;vocab
1133;交換;60.54;こうかん;exchange;[1368, 1122];34;;vocab
1134;身体;60.51;しんたい;body;[1337, 1030];34;;vocab
1135;整備;60.46;せいび;maintenance;[1800, 1267];43;;vocab
1136;リスク;60.35;リスク;risk;[];0;3;loanword
1137;規定;60.34;きてい;regulation;[904, 408];25;;vocab
1138;想像;60.29;そうぞう;imagination;[656, 2131];53;;vocab
1139;ああ;60.28;ああ;ah;[];0;1;vocab
1140;ケース;60.26;ケース;case;[];0;3;loanword
1141;アジア;60.17;アジア;Asia;[];0;3;loanword
1142;左;60.03;ひだり;left;[81];5;;vocab
1143;満足;59.96;まんぞく;satisfaction;[1253, 1372];34;;vocab
1144;規模;59.96;きぼ;scale;[904, 244];25;;vocab
1145;集;59.84;しゅう;collection;[601];21;;vocab
1146;本当;59.8;ほんとう;truth;[224, 1236];31;;vocab
1147;以降;59.77;いこう;on and after;[1105, 1405];35;;vocab
1148;比較;59.75;ひかく;comparison;[482, 1370];34;;vocab
1149;素晴らしい;59.72;すばらしい;wonderful;[1652, 1658];40;;vocab
1150;法人;59.68;ほうじん;corporate body;[813, 1023];27;;vocab
1151;クラス;59.6;クラス;class;[];0;3;loanword
1152;犯罪;59.59;はんざい;crime;[1517, 1764];42;;vocab
1153;おっしゃる;59.57;おっしゃる;Say;[];0;3;vocab
1154;午前;59.56;ごぜん;morning;[610, 309];21;;vocab
1155;ちる;59.52;ちる;Chiru;[];0;3;vocab
1156;会長;59.48;かいちょう;president;[814, 2070];52;;vocab
1157;せい;59.45;せい;Causal particle;[];0;2;vocab
1158;通る;59.44;とおる;pass;[1511];37;;vocab
1159;なんと;59.37;なんと;What?;[];0;3;vocab
1160;超える;59.35;こえる;exceed;[411];17;;vocab
1161;平和;59.24;へいわ;peace;[1596, 963];39;;vocab
1162;基礎;59.24;きそ;foundation;[1904, 421];46;;vocab
1163;特定;59.16;とくてい;specific;[261, 408];17;;vocab
1164;ヨーロッパ;59.13;ヨーロッパ;Europe;[];0;3;loanword
1165;ネタ;59.11;ネタ;news source;[];0;3;loanword
1166;流れ;59.0;ながれ;flow;[826];23;;vocab
1167;どうも;59.0;どうも;Thank you;[];0;2;vocab
1168;ドア;58.94;ドア;door;[];0;3;loanword
1169;村;58.93;むら;village;[221];10;;vocab
1170;画像;58.93;がぞう;image;[1254, 2131];53;;vocab
1171;少年;58.92;しょうねん;boy;[111, 1114];28;;vocab
1172;いえる;58.9;いえる;Say;[];0;3;vocab
1173;安定;58.86;あんてい;stability;[202, 408];17;;vocab
1174;実験;58.75;じっけん;experiment;[1694, 2134];54;;vocab
1175;ちゃ;58.75;ちゃ;tea;[];0;;morpheme
1176;つる;58.68;つる;Vine;[];0;3;vocab
1177;メーカー;58.64;メーカー;Manufacturer;[];0;3;loanword
1178;間違い;58.62;まちがい;error;[1747, 1773];42;;vocab
1179;本人;58.61;ほんにん;the person himself;[224, 1023];27;;vocab
1180;雰囲気;58.61;ふんいき;atmosphere;[2184, 1948, 2030];56;;vocab
1181;国会;58.6;こっかい;National Diet;[624, 814];23;;vocab
1182;気づく;58.59;きづく;notice;[2030];51;;vocab
1183;まぁ;58.58;まぁ;Well;[];0;3;vocab
1184;患者;58.57;かんじゃ;patient;[650, 1345];34;;vocab
1185;歌;58.54;うた;song;[508];18;;vocab
1186;会場;58.45;かいじょう;assembly hall;[814, 584];23;;vocab
1187;治療;58.44;ちりょう;medical treatment;[807, 1845];44;;vocab
1188;ぜひ;58.39;ぜひ;please;[];0;2;vocab
1189;それでも;58.32;それでも;nevertheless;[];0;2;vocab
1190;電子;58.31;でんし;electron;[574, 99];21;;vocab
1191;小説;58.23;しょうせつ;novel;[110, 538];19;;vocab
1192;箸;58.16;はし;chopsticks;[1348];34;;vocab
1193;死;58.07;し;death;[878];25;;vocab
1194;注目;58.02;ちゅうもく;notice;[285, 15];12;;vocab
1195;食事;58.02;しょくじ;meal;[1582, 1240];38;;vocab
1196;維持;57.85;いじ;maintenance;[1441, 712];36;;vocab
1197;ほぼ;57.85;ほぼ;Almost;[];0;3;vocab
1198;文;57.83;ぶん;sentence;[1861];45;;vocab
1199;範囲;57.77;はんい;extent;[1516, 1948];48;;vocab
1200;コラム;57.77;コラム;column;[];0;3;loanword
1201;まとめる;57.75;まとめる;Summarize;[];0;3;vocab
1202;常に;57.71;つねに;always;[862];25;;vocab
1203;著作;57.67;ちょさく;writing;[1347, 1224];34;;vocab
1204;表;57.62;ひょう;table;[1666];40;;vocab
1205;ものの;57.57;ものの;Although;[];0;3;vocab
1206;いっぱい;57.51;いっぱい;full;[];0;2;vocab
1207;失う;57.44;うしなう;lose;[908];25;;vocab
1208;夫;57.38;おっと;husband;[901];25;;vocab
1209;理論;57.36;りろん;theory;[283, 1961];48;;vocab
1210;秒;57.34;びょう;seconds;[965];26;;vocab
1211;日常;57.34;にちじょう;ordinary;[12, 862];25;;vocab
1212;イラク;57.33;イラク;Iraq;[];0;3;loanword
1213;業者;57.29;ぎょうしゃ;trader;[1931, 1345];47;;vocab
1214;回答;57.28;かいとう;reply;[630, 1018];26;;vocab
1215;体制;57.19;たいせい;order;[1030, 447];27;;vocab
1216;調整;56.95;ちょうせい;regulation;[373, 1800];43;;vocab
1217;訴訟;56.94;そしょう;litigation;[1221, 850];31;;vocab
1218;階;56.92;かい;Floor;[1406];35;;vocab
1219;酒;56.89;さけ;Alcohol;[1535];38;;vocab
1220;やめる;56.83;やめる;stop;[];0;3;vocab
1221;住民;56.83;じゅうみん;citizens;[1027, 1976];49;;vocab
1222;はじめ;56.74;はじめ;beginning;[];0;3;vocab
1223;疑問;56.72;ぎもん;question;[1513, 1744];42;;vocab
1224;ど;56.64;ど;degree;[];0;;morpheme
1225;当たる;56.63;あたる;hit;[1236];31;;vocab
1226;失敗;56.51;しっぱい;failure;[908, 353];25;;vocab
1227;落ちる;56.49;おちる;drop down;[320];13;;vocab
1228;繰り返す;56.43;くりかえす;repeat;[1469, 782];36;;vocab
1229;島;56.33;しま;island;[2098];53;;vocab
1230;息子;56.19;むすこ;son;[657, 99];22;;vocab
1231;資本;56.16;しほん;funds;[512, 224];18;;vocab
1232;事情;56.1;じじょう;circumstances;[1240, 1657];40;;vocab
1233;応援;56.01;おうえん;aid;[653, 2101];53;;vocab
1234;コース;56.01;コース;course;[];0;3;loanword
1235;感想;55.94;かんそう;impressions;[662, 656];22;;vocab
1236;届く;55.92;とどく;reach;[1191];30;;vocab
1237;解説;55.91;かいせつ;explanation;[1955, 538];48;;vocab
1238;行なう;55.89;おこなう;carry out;[938];25;;vocab
1239;妻;55.86;つま;wife;[2035];51;;vocab
1240;シリーズ;55.82;シリーズ;series;[];0;3;loanword
1241;客;55.67;きゃく;Customer;[315];13;;vocab
1242;公共;55.64;こうきょう;public;[847, 1934];47;;vocab
1243;民間;55.63;みんかん;private;[1976, 1747];49;;vocab
1244;イタリア;55.62;イタリア;Italy;[];0;3;loanword
1245;弁護士;55.48;べんごし;lawyer;[803, 756, 341];23;;vocab
1246;なす;55.44;なす;eggplant;[];0;3;vocab
1247;裁判;55.34;さいばん;trial;[424, 1289];32;;vocab
1248;古い;55.28;ふるい;old;[16];2;;vocab
1249;建物;55.27;たてもの;building;[417, 1129];29;;vocab
1250;集まる;55.2;あつまる;get together;[601];21;;vocab
1251;対;55.19;たい;versus;[1862];45;;vocab
1252;省;55.17;しょう;Ministry;[131];7;;vocab
1253;措置;55.17;そち;measure;[1272, 895];32;;vocab
1254;組合;55.06;くみあい;association;[1914, 269];47;;vocab
1255;に対し;55.05;にたいし;whereas;[1862];45;;vocab
1256;父;55.03;ちち;father;[1366];34;;vocab
1257;払う;55.0;はらう;pay;[798];23;;vocab
1258;本来;54.85;ほんらい;originally;[224, 2029];51;;vocab
1259;元気;54.84;げんき;health;[63, 2030];51;;vocab
1260;一体;54.75;いったい;...the heck;[1, 1030];27;;vocab
1261;宇宙;54.74;うちゅう;universe;[1785, 1190];43;;vocab
1262;申す;54.64;もうす;I say;[1198];30;;vocab
1263;図;54.62;ず;figure;[1264];31;;vocab
1264;シ;54.57;シ;S;[];0;;morpheme
1265;引く;54.56;ひく;Pull;[1318];33;;vocab
1266;クラブ;54.55;クラブ;club;[];0;3;loanword
1267;タイトル;54.54;タイトル;title;[];0;3;loanword
1268;作;54.5;さく;Made by;[1224];31;;vocab
1269;用いる;54.39;もちいる;Use;[1265];31;;vocab
1270;番;54.33;ばん;No.;[2058];52;;vocab
1271;お客様;54.32;おきゃくさま;customer;[315, 1003];26;;vocab
1272;採用;54.25;さいよう;use;[792, 1265];31;;vocab
1273;しばらく;54.21;しばらく;for a while;[];0;3;vocab
1274;二つ;54.1;ふたつ;two;[2];1;;vocab
1275;観光;54.06;かんこう;sightseeing;[614, 125];21;;vocab
1276;提出;54.06;ていしゅつ;to present;[718, 829];24;;vocab
1277;以来;54.02;いらい;since;[1105, 2029];51;;vocab
1278;推進;53.99;すいしん;propulsion;[716, 603];23;;vocab
1279;首相;53.99;しゅしょう;Prime Minister;[74, 222];10;;vocab
1280;業;53.84;ごう;business;[1931];47;;vocab
1281;向け;53.83;むけ;for;[195];9;;vocab
1282;確保;53.83;かくほ;guarantee;[609, 1072];27;;vocab
1283;動物;53.83;どうぶつ;animal;[1806, 1129];43;;vocab
1284;集める;53.83;あつめる;collect;[601];21;;vocab
1285;離れる;53.82;はなれる;leave;[1605];39;;vocab
1286;ただし;53.78;ただし;however;[];0;3;vocab
1287;検査;53.74;けんさ;inspection;[1803, 1920];47;;vocab
1288;映像;53.74;えいぞう;reflection;[1879, 2131];53;;vocab
1289;信頼;53.66;しんらい;reliance;[1043, 1794];43;;vocab
1290;要素;53.64;ようそ;component;[1730, 1652];41;;vocab
1291;触れる;53.62;ふれる;touch;[1954];48;;vocab
1292;笑う;53.61;わらう;smile;[1008];26;;vocab
1293;どんどん;53.54;どんどん;More and more;[];0;2;vocab
1294;世;53.53;よ;world;[28];2;;vocab
1295;コスト;53.5;コスト;cost;[];0;3;loanword
1296;人物;53.31;じんぶつ;character;[1023, 1129];29;;vocab
1297;規制;53.14;きせい;regulation;[904, 447];25;;vocab
1298;空間;53.09;くうかん;space;[1414, 1747];42;;vocab
1299;記念;52.98;きねん;commemoration;[568, 1715];41;;vocab
1300;方針;52.91;ほうしん;objective;[529, 292];19;;vocab
1301;もらえる;52.9;もらえる;receive;[];0;3;vocab
1302;よろしい;52.86;よろしい;Okay.;[];0;3;vocab
1303;もっとも;52.85;もっとも;Although;[];0;3;vocab
1304;役;52.85;やく;Role;[949];25;;vocab
1305;右;52.83;みぎ;right;[82];5;;vocab
1306;楽しみ;52.76;たのしみ;fun;[1872];45;;vocab
1307;審議;52.75;しんぎ;deliberation;[2059, 692];52;;vocab
1308;競争;52.74;きょうそう;competition;[465, 1238];31;;vocab
1309;設置;52.68;せっち;establishment;[765, 895];25;;vocab
1310;位置;52.67;いち;place;[1028, 895];27;;vocab
1311;テスト;52.61;テスト;test;[];0;3;loanword
1312;全然;52.58;ぜんぜん;not at all;[281, 256];12;;vocab
1313;費用;52.5;ひよう;cost;[1326, 1265];33;;vocab
1314;株式会社;52.46;かぶしきがいしゃ;Co., Ltd.;[236, 377, 814, 1173];30;;vocab
1315;席;52.45;せき;seat;[1277];32;;vocab
1316;観;52.45;かん;View;[614];21;;vocab
1317;ロ;52.42;ロ;B;[];0;;morpheme
1318;大統領;52.42;だいとうりょう;president;[112, 1447, 1507];37;;vocab
1319;指定;52.35;してい;designation;[711, 408];23;;vocab
1320;事務所;52.18;じむしょ;office;[1240, 1313, 1208];33;;vocab
1321;感情;51.99;かんじょう;emotion;[662, 1657];40;;vocab
1322;付く;51.99;つく;Attach;[1075];27;;vocab
1323;さまざま;51.89;さまざま;various;[];0;3;vocab
1324;京都;51.85;きょうと;Kyoto;[334, 1989];49;;vocab
1325;ランキング;51.81;ランキング;Ranking;[];0;3;loanword
1326;といった;51.73;といった;such as;[];0;3;vocab
1327;かかわる;51.71;かかわる;involved;[];0;3;vocab
1328;さすが;51.53;さすが;As expected;[];0;3;vocab
1329;許す;51.53;ゆるす;forgive;[611];21;;vocab
1330;空;51.52;そら;sky;[1414];35;;vocab
1331;関わる;51.4;かかわる;get involved;[2173];55;;vocab
1332;起こす;51.4;おこす;wake up;[565];21;;vocab
1333;仲間;51.39;なかま;company;[1029, 1747];42;;vocab
1334;メッセージ;51.38;メッセージ;message;[];0;3;loanword
1335;迎える;51.32;むかえる;welcome;[1837];44;;vocab
1336;整理;51.25;せいり;sorting;[1800, 283];43;;vocab
1337;協会;51.23;きょうかい;association;[937, 814];25;;vocab
1338;モノ;51.19;モノ;mono;[];0;3;loanword
1339;官;51.16;かん;Government;[1363];34;;vocab
1340;至る;51.15;いたる;arrive;[815];23;;vocab
1341;ロシア;51.07;ロシア;Russia;[];0;3;loanword
1342;多数;51.07;たすう;great number;[113, 998];26;;vocab
1343;デジタル;50.99;デジタル;digital;[];0;3;loanword
1344;耳;50.95;みみ;ear;[881];25;;vocab
1345;積極;50.94;せっきょく;positive;[1663, 2052];51;;vocab
1346;かつ;50.89;かつ;and;[];0;3;vocab
1347;願う;50.89;ねがう;I hope;[143];8;;vocab
1348;安心;50.83;あんしん;relief;[202, 639];22;;vocab
1349;ダメ;50.76;ダメ;No;[];0;3;loanword
1350;独立;50.75;どくりつ;independence;[561, 462];21;;vocab
1351;イン;50.75;イン;in;[];0;3;loanword
1352;読者;50.72;どくしゃ;reader;[372, 1345];34;;vocab
1353;勝つ;50.7;かつ;win;[1294];32;;vocab
1354;ぶり;50.67;ぶり;Yellowtail;[];0;3;vocab
1355;雇用;50.65;こよう;employment;[1164, 1265];31;;vocab
1356;なに;50.56;なに;what;[];0;1;vocab
1357;傾向;50.47;けいこう;tendency;[1086, 195];27;;vocab
1358;そもそも;50.34;そもそも;in the first place;[];0;3;vocab
1359;打つ;50.29;うつ;strike;[705];23;;vocab
1360;賞;50.26;しょう;award;[859];25;;vocab
1361;誕生;50.23;たんじょう;birth;[420, 1675];40;;vocab
1362;ぼく;50.21;ぼく;I;[];0;2;vocab
1363;遅い;50.19;おそい;slow;[1148];29;;vocab
1364;流れる;50.18;ながれる;flowing;[826];23;;vocab
1365;撮る;50.16;とる;take a picture;[885];25;;vocab
1366;いらっしゃる;50.08;いらっしゃる;Come;[];0;3;vocab
1367;まいる;50.02;まいる;Mile;[];0;3;vocab
1368;バー;50.02;バー;bar;[];0;3;loanword
1369;都;50.0;と;capital;[1989];49;;vocab
1370;全員;50.0;ぜんいん;all members;[281, 59];12;;vocab
1371;コンピュータ;49.97;コンピュータ;computer;[];0;3;loanword
1372;皆;49.94;みな;all;[484];18;;vocab
1373;参照;49.82;さんしょう;reference;[1856, 182];45;;vocab
1374;少なくとも;49.71;すくなくとも;at least;[111];7;;vocab
1375;地元;49.68;じもと;home area;[554, 63];21;;vocab
1376;壁;49.67;かべ;wall;[1616];39;;vocab
1377;是非;49.65;ぜひ;certainly;[414, 1760];42;;vocab
1378;明確;49.6;めいかく;clear;[20, 609];21;;vocab
1379;つながる;49.59;つながる;Connect;[];0;3;vocab
1380;つて;49.57;つて;Connections;[];0;3;vocab
1381;士;49.54;し;Scholar;[341];14;;vocab
1382;特徴;49.52;とくちょう;feature;[261, 952];25;;vocab
1383;セット;49.51;セット;set;[];0;3;loanword
1384;たつ;49.42;たつ;Tatsu;[];0;3;vocab
1385;皆様;49.42;みなさま;everyone;[484, 1003];26;;vocab
1386;カメラ;49.42;カメラ;camera;[];0;3;loanword
1387;どうしても;49.36;どうしても;no matter what;[];0;2;vocab
1388;別に;49.32;べつに;Separately;[94];5;;vocab
1389;魅力;49.25;みりょく;charm;[2179, 922];55;;vocab
1390;人口;49.23;じんこう;population;[1023, 11];27;;vocab
1391;反応;49.2;はんのう;reaction;[779, 653];23;;vocab
1392;きちんと;49.2;きちんと;neatly;[];0;3;vocab
1393;まだまだ;49.16;まだまだ;Not yet;[];0;3;vocab
1394;そういった;49.08;そういった;Such;[];0;3;vocab
1395;手段;49.08;しゅだん;means;[687, 2003];50;;vocab
1396;有効;49.07;ゆうこう;validity;[83, 1369];34;;vocab
1397;タイ;49.02;タイ;Thailand;[];0;3;loanword
1398;工場;49.0;こうじょう;factory;[80, 584];21;;vocab
1399;入力;49.0;にゅうりょく;input;[842, 922];25;;vocab
1400;ビデオ;48.98;ビデオ;video;[];0;3;loanword
1401;注文;48.98;ちゅうもん;order;[285, 1861];45;;vocab
1402;集中;48.97;しゅうちゅう;concentration;[601, 39];21;;vocab
1403;あまりに;48.93;あまりに;Too much;[];0;3;vocab
1404;さま;48.9;さま;looks;[];0;3;vocab
1405;一度;48.85;いちど;one time;[1, 1278];32;;vocab
1406;脳;48.75;のう;brain;[2084];53;;vocab
1407;北;48.73;きた;north;[480];18;;vocab
1408;現象;48.67;げんしょう;phenomenon;[275, 2130];53;;vocab
1409;ビル;48.65;ビル;building;[];0;3;loanword
1410;団;48.6;だん;Group;[625];22;;vocab
1411;感動;48.59;かんどう;being deeply moved emotionally;[662, 1806];43;;vocab
1412;ソ;48.48;ソ;S;[];0;;morpheme
1413;おいしい;48.39;おいしい;delicious;[];0;3;vocab
1414;禁止;48.37;きんし;prohibition;[1179, 396];30;;vocab
1415;サポート;48.37;サポート;support;[];0;3;loanword
1416;ずつ;48.36;ずつ;Adverbial/Focus particle;[];0;3;vocab
1417;実践;48.2;じっせん;practice;[1694, 1380];40;;vocab
1418;おそらく;48.06;おそらく;probably;[];0;2;vocab
1419;小泉;48.05;こいずみ;Koizumi;[110, 140];8;;vocab
1420;職員;48.02;しょくいん;staff member;[887, 59];25;;vocab
1421;理事;48.01;りじ;director;[283, 1240];31;;vocab
1422;会員;47.99;かいいん;member;[814, 59];23;;vocab
1423;案内;47.94;あんない;information;[227, 1095];27;;vocab
1424;過ごす;47.93;すごす;spend;[1389];34;;vocab
1425;薬;47.92;くすり;medicine;[1873];45;;vocab
1426;シーン;47.92;シーン;scene;[];0;3;loanword
1427;従来;47.89;じゅうらい;up to now;[942, 2029];51;;vocab
1428;農業;47.79;のうぎょう;agriculture;[2170, 1931];55;;vocab
1429;用意;47.75;ようい;preparation;[1265, 654];31;;vocab
1430;運用;47.73;うんよう;making use of;[325, 1265];31;;vocab
1431;世代;47.71;せだい;generation;[28, 1080];27;;vocab
1432;そうした;47.69;そうした;That;[];0;3;vocab
1433;歌う;47.68;うたう;sing;[508];18;;vocab
1434;強化;47.68;きょうか;strengthen;[1321, 1083];33;;vocab
1435;納得;47.68;なっとく;consent;[1456, 941];36;;vocab
1436;周り;47.66;まわり;surroundings;[339];14;;vocab
1437;収入;47.64;しゅうにゅう;income;[1628, 842];39;;vocab
1438;増加;47.62;ぞうか;increase;[541, 932];25;;vocab
1439;レポート;47.61;レポート;Report;[];0;3;loanword
1440;年齢;47.61;ねんれい;age;[1114, 1505];37;;vocab
1441;裏;47.58;うら;back;[426];18;;vocab
1442;未来;47.57;みらい;the future;[229, 2029];51;;vocab
1443;社員;47.54;しゃいん;company employee;[1173, 59];30;;vocab
1444;食;47.51;しょく;Food;[1582];38;;vocab
1445;教会;47.45;きょうかい;church;[1343, 814];34;;vocab
1446;舞台;47.45;ぶたい;stage;[1912, 805];46;;vocab
1447;前回;47.42;ぜんかい;previous time;[309, 630];22;;vocab
1448;年金;47.39;ねんきん;annuity;[1114, 287];28;;vocab
1449;もう少し;47.37;もうすこし;A little more;[111];7;;vocab
1450;交通;47.3;こうつう;traffic;[1368, 1511];37;;vocab
1451;総;47.3;そう;Total;[1466];36;;vocab
1452;料金;47.3;りょうきん;fee;[1262, 287];31;;vocab
1453;教師;47.3;きょうし;teacher;[1343, 1361];34;;vocab
1454;重い;47.28;おもい;heavy;[1805];43;;vocab
1455;どうして;47.12;どうして;Why;[];0;1;vocab
1456;著;47.09;しる;Author;[1347];34;;vocab
1457;森;47.06;もり;forest;[209];10;;vocab
1458;他人;46.99;たにん;another person;[1034, 1023];27;;vocab
1459;組;46.9;くみ;set;[1914];47;;vocab
1460;株式;46.86;かぶしき;stock;[236, 377];16;;vocab
1461;上昇;46.83;じょうしょう;rising;[50, 43];3;;vocab
1462;否定;46.73;ひてい;negation;[1303, 408];32;;vocab
1463;機械;46.63;きかい;machine;[1482, 732];36;;vocab
1464;完成;46.6;かんせい;complete;[199, 386];16;;vocab
1465;大好き;46.57;だいすき;really like;[112, 103];7;;vocab
1466;ねぇ;46.53;ねぇ;Hey;[];0;3;vocab
1467;扱う;46.53;あつかう;handle;[745];23;;vocab
1468;修正;46.51;しゅうせい;amendment;[1858, 405];45;;vocab
1469;くん;46.48;くん;Kun;[];0;3;vocab
1470;電車;46.45;でんしゃ;train;[574, 304];21;;vocab
1471;一応;46.4;いちおう;Just in case;[1, 653];22;;vocab
1472;向上;46.39;こうじょう;elevation;[195, 50];9;;vocab
1473;負ける;46.35;まける;lose;[67];4;;vocab
1474;生じる;46.32;しょうじる;arise;[1675];40;;vocab
1475;週;46.28;しゅう;week;[340];14;;vocab
1476;野球;46.28;やきゅう;baseball;[1722, 1005];41;;vocab
1477;姿勢;46.24;しせい;attitude;[513, 1633];39;;vocab
1478;スペイン;46.21;スペイン;Spain;[];0;3;loanword
1479;遊ぶ;46.09;あそぶ;play;[1126];29;;vocab
1480;訪問;46.09;ほうもん;call;[534, 1744];42;;vocab
1481;引用;46.07;いんよう;quotation;[1318, 1265];33;;vocab
1482;インド;46.0;インド;India;[];0;3;loanword
1483;並ぶ;45.97;ならぶ;line up;[1924];47;;vocab
1484;視点;45.96;してん;opinion;[1174, 181];30;;vocab
1485;小学校;45.94;しょうがっこう;primary school;[110, 346, 1371];34;;vocab
1486;電気;45.87;でんき;electricity;[574, 2030];51;;vocab
1487;ノ;45.86;ノ;of;[];0;;morpheme
1488;パ;45.86;パ;Pa;[];0;;morpheme
1489;効率;45.83;こうりつ;efficiency;[1369, 1874];45;;vocab
1490;間違う;45.8;まちがう;Wrong;[1747, 1773];42;;vocab
1491;芸術;45.79;げいじゅつ;art;[450, 1644];39;;vocab
1492;挙げる;45.66;あげる;list;[2088];53;;vocab
1493;会話;45.64;かいわ;conversation;[814, 368];23;;vocab
1494;ドラマ;45.61;ドラマ;Drama;[];0;3;loanword
1495;再び;45.59;ふたたび;again;[1956];48;;vocab
1496;春;45.57;はる;spring;[1690];40;;vocab
1497;解釈;45.46;かいしゃく;explanation;[1955, 2057];52;;vocab
1498;ゆく;45.4;ゆく;Go;[];0;3;vocab
1499;猫;45.39;ねこ;cat;[259];11;;vocab
1500;資産;45.37;しさん;property;[512, 1681];40;;vocab
1501;行;45.34;くだり;line;[938];25;;vocab
1502;結論;45.29;けつろん;conclusion;[1451, 1961];48;;vocab
1503;大丈夫;45.24;だいじょうぶ;Are you okay;[112, 746, 901];25;;vocab
1504;止める;45.24;とめる;stop;[396];17;;vocab
1505;取り組む;45.19;とりくむ;work on;[882, 1914];47;;vocab
1506;かつて;45.17;かつて;Once upon a time;[];0;3;vocab
1507;怖い;45.15;こわい;scared;[670];22;;vocab
1508;半;45.1;はん;half;[1286];32;;vocab
1509;界;45.1;さかい;world;[266];12;;vocab
1510;製造;45.08;せいぞう;manufacture;[448, 299];18;;vocab
1511;困難;45.03;こんなん;difficulty;[621, 1703];40;;vocab
1512;回復;44.98;かいふく;restoration;[630, 940];25;;vocab
1513;美味しい;44.95;おいしい;delicious;[587, 233];21;;vocab
1514;適用;44.93;てきよう;applying;[473, 1265];31;;vocab
1515;母親;44.92;ははおや;mother;[105, 1621];39;;vocab
1516;取材;44.9;しゅざい;news coverage;[882, 738];25;;vocab
1517;やっと;44.87;やっと;at last;[];0;2;vocab
1518;保障;44.83;ほしょう;guarantee;[1072, 1393];35;;vocab
1519;集団;44.83;しゅうだん;group;[601, 625];22;;vocab
1520;ルール;44.81;ルール;rule;[];0;3;loanword
1521;卒業;44.81;そつぎょう;graduation;[1102, 1931];47;;vocab
1522;事態;44.77;じたい;situation;[1240, 2161];54;;vocab
1523;立てる;44.7;たてる;stand up;[462];18;;vocab
1524;雪;44.68;ゆき;snow;[1225];31;;vocab
1525;画面;44.68;がめん;terminal screen;[1254, 2039];51;;vocab
1526;おかしい;44.63;おかしい;strange;[];0;3;vocab
1527;資格;44.58;しかく;qualifications;[512, 312];18;;vocab
1528;時点;44.55;じてん;point in time;[171, 181];8;;vocab
1529;病気;44.54;びょうき;illness;[1813, 2030];51;;vocab
1530;なれる;44.53;なれる;become;[];0;3;vocab
1531;スタート;44.53;スタート;start;[];0;3;loanword
1532;更に;44.5;さらに;Furthermore;[749];23;;vocab
1533;活躍;44.49;かつやく;activity;[154, 1379];34;;vocab
1534;ですから;44.41;ですから;So;[];0;3;vocab
1535;馬;44.38;うま;horse;[2132];54;;vocab
1536;冊;44.32;さつ;Volume;[1967];48;;vocab
1537;問う;44.28;とう;Ask;[1744];42;;vocab
1538;ちょうど;44.25;ちょうど;just;[];0;2;vocab
1539;命;44.25;いのち;life;[1502];37;;vocab
1540;殺す;44.23;ころす;kill;[1607];39;;vocab
1541;サイズ;44.21;サイズ;size;[];0;3;loanword
1542;ころ;44.2;ころ;around;[];0;3;vocab
1543;限定;44.19;げんてい;limit;[1576, 408];38;;vocab
1544;ひとり;44.12;ひとり;alone;[];0;3;vocab
1545;医師;44.12;いし;doctor;[1829, 1361];44;;vocab
1546;工事;43.98;こうじ;construction work;[80, 1240];31;;vocab
1547;居る;43.94;おる;be there;[1143];29;;vocab
1548;無;43.92;む;Nothing;[1913];46;;vocab
1549;現れる;43.87;あらわれる;appear;[275];12;;vocab
1550;正直;43.85;しょうじき;honesty;[405, 77];17;;vocab
1551;原則;43.84;げんそく;principle;[142, 92];8;;vocab
1552;自動車;43.83;じどうしゃ;car;[36, 1806, 304];43;;vocab
1553;づくり;43.78;づくり;Making;[];0;3;vocab
1554;では;43.77;では;So;[];0;3;vocab
1555;部門;43.77;ぶもん;division;[1988, 1743];49;;vocab
1556;女の子;43.75;おんなのこ;girl;[102, 99];6;;vocab
1557;出演;43.75;しゅつえん;performance;[829, 2163];55;;vocab
1558;民族;43.73;みんぞく;people;[1976, 1307];49;;vocab
1559;充実;43.73;じゅうじつ;fullness;[823, 1694];40;;vocab
1560;伴う;43.67;ともなう;Accompany;[1287];32;;vocab
1561;講演;43.65;こうえん;lecture;[1957, 2163];55;;vocab
1562;したがって;43.64;したがって;therefore;[];0;3;vocab
1563;瞬間;43.61;しゅんかん;moment;[880, 1747];42;;vocab
1564;がる;43.6;がる;Garu;[];0;3;vocab
1565;交流;43.6;こうりゅう;exchange;[1368, 826];34;;vocab
1566;大量;43.56;たいりょう;large quantity;[112, 189];9;;vocab
1567;回る;43.54;まわる;Rotate;[630];22;;vocab
1568;久しぶり;43.53;ひさしぶり;long time no see;[1092];27;;vocab
1569;革命;43.51;かくめい;revolution;[2041, 1502];51;;vocab
1570;成果;43.5;せいか;fruits;[386, 1202];30;;vocab
1571;じ;43.47;じ;character;[];0;;morpheme
1572;コミュニケーション;43.44;コミュニケーション;communication;[];0;3;loanword
1573;任;43.41;にん;duty;[1078];27;;vocab
1574;標準;43.41;ひょうじゅん;standard;[1734, 606];41;;vocab
1575;ひる;43.39;ひる;Lunch;[];0;3;vocab
1576;まるで;43.36;まるで;Just like;[];0;2;vocab
1577;輸入;43.32;ゆにゅう;importation;[307, 842];24;;vocab
1578;やつ;43.31;やつ;That guy;[];0;3;vocab
1579;背景;43.22;はいけい;background;[481, 336];18;;vocab
1580;政権;43.22;せいけん;administration;[407, 613];21;;vocab
1581;スタイル;43.19;スタイル;style;[];0;3;loanword
1582;喜ぶ;43.19;よろこぶ;be happy;[1553];38;;vocab
1583;星;43.18;ほし;star;[1676];40;;vocab
1584;協議;43.17;きょうぎ;conference;[937, 692];25;;vocab
1585;っていう;43.16;っていう;That is;[];0;3;vocab
1586;関心;43.16;かんしん;concern;[2173, 639];55;;vocab
1587;勝手;43.16;かって;one's own convenience;[1294, 687];32;;vocab
1588;一覧;43.09;いちらん;look;[1, 919];25;;vocab
1589;副;43.09;ふく;Deputy;[93];5;;vocab
1590;取り上げる;43.02;とりあげる;take up;[882, 50];25;;vocab
1591;伝統;43.0;でんとう;tradition;[1036, 1447];36;;vocab
1592;横;42.99;よこ;beside;[1888];45;;vocab
1593;聞こえる;42.92;きこえる;hear;[1754];42;;vocab
1594;民主;42.84;みんしゅ;democracy;[1976, 284];49;;vocab
1595;制限;42.81;せいげん;restriction;[447, 1576];38;;vocab
1596;投票;42.79;とうひょう;voting;[762, 1732];41;;vocab
1597;どうぞ;42.79;どうぞ;please;[];0;3;vocab
1598;値段;42.77;ねだん;price;[1052, 2003];50;;vocab
1599;沖縄;42.61;おきなわ;Okinawa;[146, 1477];36;;vocab
1600;図る;42.6;はかる;plot;[1264];31;;vocab
1601;川;42.59;かわ;river;[134];8;;vocab
1602;軽い;42.59;かるい;light;[774];23;;vocab
1603;若者;42.52;わかもの;young man;[237, 1345];34;;vocab
1604;心理;42.51;しんり;state of mind;[639, 283];22;;vocab
1605;大体;42.49;だいたい;general;[112, 1030];27;;vocab
1606;里;42.46;さと;Sato;[185];9;;vocab
1607;掲示板;42.45;けいじばん;bulletin board;[726, 1167, 781];30;;vocab
1608;番号;42.41;ばんごう;number;[2058, 1330];52;;vocab
1609;トン;42.4;トン;ton;[];0;3;loanword
1610;前提;42.4;ぜんてい;preamble;[309, 718];23;;vocab
1611;館;42.36;たて;Hall;[1589];38;;vocab
1612;船;42.32;ふね;boat;[2019];50;;vocab
1613;ある程度;42.28;あるていど;To some extent;[960, 1278];32;;vocab
1614;突然;42.28;とつぜん;suddenly;[1416, 256];35;;vocab
1615;なんだか;42.24;なんだか;Somehow;[];0;3;vocab
1616;半分;42.23;はんぶん;half;[1286, 844];32;;vocab
1617;思想;42.22;しそう;thought;[651, 656];22;;vocab
1618;オープン;42.15;オープン;open;[];0;3;loanword
1619;請求;42.09;せいきゅう;claim;[1656, 1004];40;;vocab
1620;正確;42.03;せいかく;accurate;[405, 609];21;;vocab
1621;教室;42.03;きょうしつ;classroom;[1343, 816];34;;vocab
1622;周辺;42.01;しゅうへん;circumference;[339, 302];14;;vocab
1623;セミナー;42.01;セミナー;Seminar;[];0;3;loanword
1624;リスト;41.98;リスト;list;[];0;3;loanword
1625;応じる;41.9;おうじる;respond;[653];22;;vocab
1626;不足;41.89;ふそく;insufficiency;[1302, 1372];34;;vocab
1627;実;41.87;み;fruit;[1694];40;;vocab
1628;寒い;41.86;さむい;cold;[1645];39;;vocab
1629;デ;41.86;デ;De;[];0;;morpheme
1630;法案;41.85;ほうあん;bill;[813, 227];23;;vocab
1631;東;41.83;ひがし;east;[543];19;;vocab
1632;ボール;41.77;ボール;ball;[];0;3;loanword
1633;すなわち;41.76;すなわち;That is,;[];0;3;vocab
1634;コード;41.75;コード;code;[];0;3;loanword
1635;王;41.73;おう;king;[271];12;;vocab
1636;捨てる;41.73;すてる;dispose of;[707];23;;vocab
1637;世の中;41.65;よのなか;world;[28, 39];3;;vocab
1638;みなさん;41.64;みなさん;everyone;[];0;3;vocab
1639;取得;41.61;しゅとく;acquisition;[882, 941];25;;vocab
1640;項目;41.6;こうもく;item;[86, 15];5;;vocab
1641;そんなに;41.58;そんなに;so;[];0;3;vocab
1642;旧;41.58;きゅう;Old;[35];3;;vocab
1643;性格;41.58;せいかく;character;[1679, 312];40;;vocab
1644;次第;41.56;しだい;dependent upon;[510, 1327];33;;vocab
1645;顧客;41.54;こきゃく;customer;[1165, 315];29;;vocab
1646;着る;41.49;きる;wear;[594];21;;vocab
1647;いかに;41.49;いかに;How;[];0;3;vocab
1648;減る;41.45;へる;decrease;[391];16;;vocab
1649;避ける;41.43;さける;avoid;[1618];39;;vocab
1650;多分;41.43;たぶん;perhaps;[113, 844];24;;vocab
1651;地区;41.42;ちく;district;[554, 1831];44;;vocab
1652;を通じて;41.41;をつうじて;through;[1511];37;;vocab
1653;長期;41.38;ちょうき;long time period;[2070, 1902];52;;vocab
1654;遠い;41.37;とおい;far;[429];18;;vocab
1655;がんばる;41.31;がんばる;Do your best;[];0;3;vocab
1656;ミ;41.3;ミ;M;[];0;;morpheme
1657;達成;41.29;たっせい;achievement;[591, 386];21;;vocab
1658;著者;41.26;ちょしゃ;author;[1347, 1345];34;;vocab
1659;弱い;41.25;よわい;weak;[1323];33;;vocab
1660;ソフトウェア;41.23;ソフトウェア;software;[];0;3;loanword
1661;におきまして;41.18;におきまして;Regarding;[];0;3;vocab
1662;展示;41.16;てんじ;exhibition;[2075, 1167];52;;vocab
1663;誌;41.15;し;magazine;[646];22;;vocab
1664;答え;41.14;こたえ;answer;[1018];26;;vocab
1665;訪れる;41.11;おとずれる;visit;[534];19;;vocab
1666;忙しい;41.05;いそがしい;busy;[665];22;;vocab
1667;後半;40.96;こうはん;second half;[1479, 1286];36;;vocab
1668;福祉;40.92;ふくし;welfare;[1171, 1172];30;;vocab
1669;到着;40.87;とうちゃく;arrival;[817, 594];23;;vocab
1670;ナ;40.87;ナ;Na;[];0;;morpheme
1671;罪;40.85;つみ;sin;[1764];42;;vocab
1672;楽;40.83;らく;easy;[1872];45;;vocab
1673;操作;40.81;そうさ;operation;[724, 1224];31;;vocab
1674;便利;40.76;べんり;convenient;[1066, 972];27;;vocab
1675;支配;40.73;しはい;rule;[768, 1544];38;;vocab
1676;南;40.73;みなみ;south;[1740];41;;vocab
1677;何とか;40.72;なんとか;somehow;[1087];27;;vocab
1678;講座;40.69;こうざ;academic teaching unit;[1957, 1100];48;;vocab
1679;現地;40.69;げんち;actual place;[275, 554];21;;vocab
1680;態度;40.65;たいど;attitude;[2161, 1278];54;;vocab
1681;審査;40.6;しんさ;judging;[2059, 1920];52;;vocab
1682;公園;40.57;こうえん;park;[847, 629];24;;vocab
1683;過程;40.55;かてい;process;[1389, 960];34;;vocab
1684;研修;40.53;けんしゅう;training;[729, 1858];45;;vocab
1685;長官;40.51;ちょうかん;secretary;[2070, 1363];52;;vocab
1686;バランス;40.5;バランス;balance;[];0;3;loanword
1687;変;40.5;へん;strange;[1882];45;;vocab
1688;なー;40.49;なー;Right;[];0;3;vocab
1689;連続;40.44;れんぞく;serial;[305, 1445];36;;vocab
1690;望む;40.44;のぞむ;wish;[528];19;;vocab
1691;空気;40.41;くうき;air;[1414, 2030];51;;vocab
1692;翻訳;40.4;ほんやく;translation;[2060, 1154];52;;vocab
1693;冬;40.37;ふゆ;winter;[456];18;;vocab
1694;広がる;40.35;ひろがる;spread;[799];23;;vocab
1695;単純;40.32;たんじゅん;simplicity;[2078, 1609];53;;vocab
1696;短い;40.28;みじかい;short;[1550];38;;vocab
1697;飛ぶ;40.23;とぶ;jump;[2032];51;;vocab
1698;予約;40.23;よやく;reservation;[1719, 1462];41;;vocab
1699;構築;40.18;こうちく;construction;[1959, 1021];48;;vocab
1700;党;40.17;とう;party;[860];25;;vocab
1701;座る;40.16;すわる;sit;[1100];27;;vocab
1702;論文;40.16;ろんぶん;thesis;[1961, 1861];48;;vocab
1703;地震;40.15;じしん;earthquake;[554, 2166];55;;vocab
1704;不;40.15;ふ;No;[1302];32;;vocab
1705;パン;40.09;パン;bread;[];0;3;loanword
1706;記;40.07;き;Note;[568];21;;vocab
1707;継続;40.03;けいぞく;continuation;[1470, 1445];36;;vocab
1708;一言;40.03;ひとこと;single word;[1, 357];15;;vocab
1709;出会う;39.99;であう;encounter;[829, 814];24;;vocab
1710;内部;39.97;ないぶ;interior;[1095, 1988];49;;vocab
1711;豊か;39.96;ゆたか;rich;[1551];38;;vocab
1712;生命;39.95;せいめい;life;[1675, 1502];40;;vocab
1713;所得;39.93;しょとく;income;[1208, 941];31;;vocab
1714;制作;39.9;せいさく;work;[447, 1224];31;;vocab
1715;敵;39.85;てき;enemy;[475];18;;vocab
1716;単位;39.83;たんい;unit;[2078, 1028];53;;vocab
1717;自信;39.83;じしん;self-confidence;[36, 1043];27;;vocab
1718;涙;39.8;なみだ;tears;[1163];29;;vocab
1719;まずは;39.74;まずは;First;[];0;3;vocab
1720;科;39.72;か;department;[1263];31;;vocab
1721;ゆっくり;39.7;ゆっくり;slowly;[];0;2;vocab
1722;あらゆる;39.7;あらゆる;All;[];0;3;vocab
1723;ベース;39.67;ベース;base;[];0;3;loanword
1724;層;39.66;そう;layer;[1146];29;;vocab
1725;毎年;39.57;まいとし;every year;[497, 1114];28;;vocab
1726;距離;39.55;きょり;distance;[1375, 1605];39;;vocab
1727;複数;39.55;ふくすう;several;[504, 998];26;;vocab
1728;恋愛;39.52;れんあい;love;[1885, 796];45;;vocab
1729;め;39.5;め;eye;[];0;3;vocab
1730;英;39.49;えい;English;[1878];45;;vocab
1731;運転;39.48;うんてん;operation;[325, 449];18;;vocab
1732;消える;39.47;きえる;disappear;[155];8;;vocab
1733;確実;39.45;かくじつ;certainty;[609, 1694];40;;vocab
1734;支持;39.45;しじ;support;[768, 712];23;;vocab
1735;インタビュー;39.45;インタビュー;Interview;[];0;3;loanword
1736;ふる;39.44;ふる;Furu;[];0;3;vocab
1737;日間;39.42;にちかん;days;[12, 1747];42;;vocab
1738;一定;39.41;いってい;fixed;[1, 408];17;;vocab
1739;交渉;39.36;こうしょう;negotiations;[1368, 398];34;;vocab
1740;司法;39.35;しほう;administration of justice;[2007, 813];50;;vocab
1741;巻;39.31;まき;Volume;[1292];32;;vocab
1742;なんとか;39.27;なんとか;Somehow;[];0;2;vocab
1743;借りる;39.22;かりる;borrow;[1270];32;;vocab
1744;押す;39.17;おす;push;[1195];30;;vocab
1745;方式;39.16;ほうしき;form;[529, 377];19;;vocab
1746;普段;39.16;ふだん;usual;[1925, 2003];50;;vocab
1747;出席;39.14;しゅっせき;attendance;[829, 1277];32;;vocab
1748;金利;39.09;きんり;interest rates;[287, 972];26;;vocab
1749;アニメ;39.08;アニメ;anime;[];0;3;loanword
1750;ところで;39.08;ところで;by the way;[];0;2;vocab
1751;窓;39.07;まど;window;[811];23;;vocab
1752;諸;39.05;しょ;various;[1351];34;;vocab
1753;なくなる;39.01;なくなる;disappear;[];0;3;vocab
1754;危機;38.98;きき;crisis;[1520, 1482];37;;vocab
1755;やってくる;38.98;やってくる;coming;[];0;3;vocab
1756;痛い;38.97;いたい;it hurts;[1825];44;;vocab
1757;低;38.97;ひく;low;[1973];49;;vocab
1758;次に;38.9;つぎに;next;[510];18;;vocab
1759;募集;38.89;ぼしゅう;recruiting;[925, 601];25;;vocab
1760;定める;38.86;さだめる;stipulate;[408];17;;vocab
1761;史;38.85;ふみ;History;[747];23;;vocab
1762;自宅;38.72;じたく;one's home;[36, 2065];52;;vocab
1763;上記;38.72;じょうき;above-mentioned;[50, 568];21;;vocab
1764;人権;38.71;じんけん;human rights;[1023, 613];27;;vocab
1765;複雑;38.7;ふくざつ;complex;[504, 604];21;;vocab
1766;おかげ;38.59;おかげ;Causal particle;[];0;3;vocab
1767;スーパー;38.58;スーパー;supermarket;[];0;3;loanword
1768;逮捕;38.58;たいほ;arrest;[1244, 1978];49;;vocab
1769;器;38.56;うつわ;vessel;[127];7;;vocab
1770;級;38.44;きゅう;grade;[1453];36;;vocab
1771;証明;38.37;しょうめい;proof;[406, 20];17;;vocab
1772;概念;38.36;がいねん;general idea;[1594, 1715];41;;vocab
1773;ツール;38.35;ツール;tool;[];0;3;loanword
1774;果たす;38.35;はたす;Fulfill;[1202];30;;vocab
1775;コンテンツ;38.34;コンテンツ;content;[];0;3;loanword
1776;泣く;38.31;なく;cry;[463];18;;vocab
1777;秋;38.31;あき;autumn;[966];26;;vocab
1778;単に;38.28;たんに;simply;[2078];53;;vocab
1779;今週;38.24;こんしゅう;this week;[1711, 340];41;;vocab
1780;空港;38.23;くうこう;airport;[1414, 1940];47;;vocab
1781;適切;38.21;てきせつ;pertinent;[473, 89];18;;vocab
1782;財産;38.2;ざいさん;property;[737, 1681];40;;vocab
1783;判決;38.15;はんけつ;judicial decision;[1289, 1770];42;;vocab
1784;作家;38.13;さっか;author;[1224, 580];31;;vocab
1785;もたらす;38.1;もたらす;bring;[];0;3;vocab
1786;マスコミ;38.08;マスコミ;media;[];0;3;loanword
1787;思考;38.06;しこう;thought;[651, 1341];34;;vocab
1788;接続;38.01;せつぞく;connection;[725, 1445];36;;vocab
1789;ようやく;37.98;ようやく;Finally;[];0;3;vocab
1790;悩む;37.97;なやむ;worry;[2085];53;;vocab
1791;形式;37.96;けいしき;form;[1847, 377];45;;vocab
1792;違反;37.91;いはん;violation;[1773, 779];42;;vocab
1793;義務;37.81;ぎむ;duty;[691, 1313];33;;vocab
1794;再生;37.73;さいせい;resuscitation;[1956, 1675];48;;vocab
1795;破壊;37.72;はかい;destruction;[869, 427];25;;vocab
1796;疲れる;37.7;つかれる;Tired;[1823];44;;vocab
1797;仕組み;37.65;しくみ;structure;[1033, 1914];47;;vocab
1798;研究所;37.64;けんきゅうじょ;research institute;[729, 1417, 1208];35;;vocab
1799;国務大臣;37.63;こくむだいじん;Minister of State;[624, 1313, 112, 911];33;;vocab
1800;両;37.61;りょう;Both;[1252];31;;vocab
1801;受け入れる;37.59;うけいれる;accept;[794, 842];24;;vocab
1802;だす;37.58;だす;Give;[];0;3;vocab
1803;いくら;37.54;いくら;how much;[];0;3;vocab
1804;フリー;37.52;フリー;Free;[];0;3;loanword
1805;公式;37.51;こうしき;formality;[847, 377];24;;vocab
1806;場面;37.47;ばめん;scene;[584, 2039];51;;vocab
1807;英国;37.44;えいこく;uk;[1878, 624];45;;vocab
1808;年生;37.44;としせい;pupil in ... year;[1114, 1675];40;;vocab
1809;石;37.4;いし;stone;[118];7;;vocab
1810;激しい;37.37;はげしい;intense;[536];19;;vocab
1811;お客;37.36;おきゃく;Customer;[315];13;;vocab
1812;それにしても;37.36;それにしても;Even so;[];0;3;vocab
1813;就職;37.36;しゅうしょく;finding employment;[2121, 887];53;;vocab
1814;文書;37.33;ぶんしょ;document;[1861, 349];45;;vocab
1815;派遣;37.31;はけん;dispatch;[1999, 1910];50;;vocab
1816;類;37.3;るい;kind;[1000];26;;vocab
1817;テロ;37.25;テロ;terrorism;[];0;3;loanword
1818;流す;37.22;ながす;flush;[826];23;;vocab
1819;名無し;37.22;ななし;Anonymous;[117, 1913];46;;vocab
1820;真;37.21;しん;true;[79];5;;vocab
1821;定義;37.17;ていぎ;definition;[408, 691];23;;vocab
1822;甘い;37.17;あまい;sweet;[1894];46;;vocab
1823;素敵;37.16;すてき;lovely;[1652, 475];40;;vocab
1824;プロセス;37.03;プロセス;process;[];0;3;loanword
1825;当たり前;37.02;あたりまえ;obvious;[1236, 309];31;;vocab
1826;約束;37.01;やくそく;arrangement;[1462, 1793];43;;vocab
1827;こんなに;36.93;こんなに;so;[];0;3;vocab
1828;コピー;36.92;コピー;copy;[];0;3;loanword
1829;出身;36.91;しゅっしん;person's origin;[829, 1337];34;;vocab
1830;っぽい;36.91;っぽい;ish;[];0;3;vocab
1831;局長;36.89;きょくちょう;bureau director;[1147, 2070];52;;vocab
1832;事項;36.81;じこう;matter;[1240, 86];31;;vocab
1833;観点;36.8;かんてん;point of view;[614, 181];21;;vocab
1834;質;36.77;しつ;quality;[1219];31;;vocab
1835;白;36.71;しろ;white;[37];3;;vocab
1836;趣味;36.68;しゅみ;hobby;[883, 233];25;;vocab
1837;箱;36.66;はこ;box;[1013];26;;vocab
1838;連れる;36.64;つれる;Take;[305];13;;vocab
1839;ご覧;36.59;ごらん;Please see;[919];25;;vocab
1840;出発;36.56;しゅっぱつ;departure;[829, 1840];44;;vocab
1841;終える;36.52;おえる;Finish;[1452];36;;vocab
1842;魚;36.52;さかな;fish;[183];8;;vocab
1843;会計;36.5;かいけい;account;[814, 359];23;;vocab
1844;いくつか;36.48;いくつか;some;[];0;3;vocab
1845;開ける;36.47;あける;open;[1750];42;;vocab
1846;形成;36.47;けいせい;formation;[1847, 386];45;;vocab
1847;記述;36.47;きじゅつ;description;[568, 1643];39;;vocab
1848;資源;36.46;しげん;resources;[512, 153];18;;vocab
1849;たぶん;36.44;たぶん;perhaps;[];0;2;vocab
1850;明るい;36.44;あかるい;bright;[20];2;;vocab
1851;事例;36.41;じれい;example;[1240, 1046];31;;vocab
1852;着く;36.38;つく;arrive;[594];21;;vocab
1853;金額;36.38;きんがく;amount of money;[287, 316];13;;vocab
1854;きれい;36.36;きれい;beautiful;[];0;2;vocab
1855;と共に;36.35;とともに;along with;[1934];47;;vocab
1856;証券;36.31;しょうけん;securities;[406, 1291];32;;vocab
1857;ガ;36.31;ガ;Ga;[];0;;morpheme
1858;支える;36.31;ささえる;support;[768];23;;vocab
1859;成立;36.29;せいりつ;coming into existence;[386, 462];18;;vocab
1860;ひと;36.26;ひと;people;[];0;3;vocab
1861;軍事;36.14;ぐんじ;military affairs;[323, 1240];31;;vocab
1862;うれしい;36.13;うれしい;happy;[];0;2;vocab
1863;訓練;36.13;くんれん;practice;[365, 1443];36;;vocab
1864;来年;36.11;らいねん;next year;[2029, 1114];51;;vocab
1865;食品;36.04;しょくひん;commodity;[1582, 23];38;;vocab
1866;育てる;36.01;そだてる;Raise;[821];23;;vocab
1867;証拠;36.01;しょうこ;evidence;[406, 722];23;;vocab
1868;ラジオ;35.97;ラジオ;radio;[];0;3;loanword
1869;暑い;35.92;あつい;hot;[1350];34;;vocab
1870;プレゼント;35.88;プレゼント;present;[];0;3;loanword
1871;不明;35.86;ふめい;unknown;[1302, 20];32;;vocab
1872;アルバム;35.85;アルバム;album;[];0;3;loanword
1873;内閣;35.84;ないかく;cabinet;[1095, 1752];42;;vocab
1874;北海道;35.78;ほっかいどう;Hokkaido;[480, 500, 295];18;;vocab
1875;隣;35.73;となり;next;[1408];35;;vocab
1876;当;35.72;とう;Current;[1236];31;;vocab
1877;裁判所;35.69;さいばんしょ;court;[424, 1289, 1208];32;;vocab
1878;挑戦;35.69;ちょうせん;challenge;[710, 2079];53;;vocab
1879;やり方;35.68;やりかた;manner;[529];19;;vocab
1880;バンド;35.65;バンド;band;[];0;3;loanword
1881;鳥;35.59;とり;bird;[2091];53;;vocab
1882;ブラジル;35.58;ブラジル;Brazil;[];0;3;loanword
1883;物質;35.57;ぶっしつ;material;[1129, 1219];31;;vocab
1884;胸;35.57;むね;chest;[1604];39;;vocab
1885;実に;35.56;じつに;Indeed;[1694];40;;vocab
1886;いかが;35.55;いかが;How about;[];0;3;vocab
1887;手法;35.52;しゅほう;technique;[687, 813];23;;vocab
1888;保存;35.48;ほぞん;preservation;[1072, 739];27;;vocab
1889;師;35.48;し;teacher;[1361];34;;vocab
1890;相互;35.48;そうご;mutual;[222, 819];23;;vocab
1891;依頼;35.42;いらい;request;[1045, 1794];43;;vocab
1892;黒;35.39;くろ;black;[186];9;;vocab
1893;差別;35.39;さべつ;discrimination;[593, 94];21;;vocab
1894;特集;35.37;とくしゅう;feature;[261, 601];21;;vocab
1895;おもしろい;35.31;おもしろい;funny;[];0;3;vocab
1896;設備;35.3;せつび;equipment;[765, 1267];32;;vocab
1897;発;35.28;はつ;Departure;[1840];44;;vocab
1898;ひどい;35.22;ひどい;terrible;[];0;3;vocab
1899;なんか;35.18;なんか;Adverbial/Focus particle;[];0;3;vocab
1900;お答え;35.17;おこたえ;Answer;[1018];26;;vocab
1901;抱える;35.15;かかえる;hold;[697];23;;vocab
1902;未;35.14;み;Not yet;[229];10;;vocab
1903;国連;35.13;こくれん;united nations;[624, 305];22;;vocab
1904;季節;35.09;きせつ;season;[978, 1574];38;;vocab
1905;答弁;35.08;とうべん;response;[1018, 803];26;;vocab
1906;下がる;35.07;さがる;go down;[51];3;;vocab
1907;わずか;35.07;わずか;Slight;[];0;3;vocab
1908;意思;35.0;いし;intention;[654, 651];22;;vocab
1909;初め;34.99;はじめ;beginning;[431];18;;vocab
1910;伺う;34.99;うかがう;Ask;[2008];50;;vocab
1911;保証;34.97;ほしょう;guarantee;[1072, 406];27;;vocab
1912;実態;34.95;じったい;true state;[1694, 2161];54;;vocab
1913;売れる;34.95;うれる;sell;[345];14;;vocab
1914;当初;34.95;とうしょ;at first;[1236, 431];31;;vocab
1915;もともと;34.91;もともと;Originally;[];0;3;vocab
1916;分ける;34.9;わける;Divide;[844];24;;vocab
1917;装置;34.9;そうち;equipment;[425, 895];25;;vocab
1918;怒る;34.89;おこる;get angry;[759];23;;vocab
1919;キロ;34.88;キロ;kilo;[];0;3;loanword
1920;被告;34.87;ひこく;defendant;[870, 262];25;;vocab
1921;図書館;34.87;としょかん;library;[1264, 349, 1589];38;;vocab
1922;降る;34.86;ふる;fall;[1405];35;;vocab
1923;所有;34.83;しょゆう;one's possessions;[1208, 83];31;;vocab
1924;書き込み;34.82;かきこみ;write;[349, 843];24;;vocab
1925;日時;34.82;にちじ;date and time;[12, 171];8;;vocab
1926;防止;34.82;ぼうし;prevention;[1399, 396];35;;vocab
1927;マンション;34.78;マンション;Apartment;[];0;3;loanword
1928;リー;34.76;リー;Lee;[];0;3;loanword
1929;肉;34.69;にく;meat;[1098];27;;vocab
1930;越える;34.64;こえる;overcome;[413];17;;vocab
1931;アプリケーション;34.63;アプリケーション;application;[];0;3;loanword
1932;需要;34.61;じゅよう;demand;[1249, 1730];41;;vocab
1933;凄い;34.61;すごい;amazing;[2036];51;;vocab
1934;無視;34.58;むし;disregarding;[1913, 1174];46;;vocab
1935;設立;34.57;せつりつ;establishment;[765, 462];23;;vocab
1936;愛す;34.56;あいす;Love;[796];23;;vocab
1937;総理;34.55;そうり;prime minister;[1466, 283];36;;vocab
1938;できるだけ;34.53;できるだけ;As much as possible;[];0;3;vocab
1939;ショップ;34.52;ショップ;shop;[];0;3;loanword
1940;自転車;34.51;じてんしゃ;bicycle;[36, 449, 304];18;;vocab
1941;生物;34.47;せいぶつ;living things;[1675, 1129];40;;vocab
1942;メニュー;34.44;メニュー;menu;[];0;3;loanword
1943;改めて;34.44;あらためて;again;[567];21;;vocab
1944;優勝;34.43;ゆうしょう;overall victory;[1068, 1294];32;;vocab
1945;多様;34.43;たよう;diverse;[113, 1003];26;;vocab
1946;特許;34.4;とっきょ;patent;[261, 611];21;;vocab
1947;補助;34.37;ほじょ;assistance;[1983, 1921];49;;vocab
1948;有る;34.37;ある;Yes;[83];5;;vocab
1949;を通して;34.36;をとおして;through;[1511];37;;vocab
1950;はじめる;34.29;はじめる;Get started;[];0;3;vocab
1951;優しい;34.29;やさしい;kind;[1068];27;;vocab
1952;不動産;34.27;ふどうさん;real estate;[1302, 1806, 1681];43;;vocab
1953;見つかる;34.27;みつかる;Found;[61];4;;vocab
1954;野菜;34.23;やさい;vegetable;[1722, 793];41;;vocab
1955;バカ;34.21;バカ;fool;[];0;3;loanword
1956;白い;34.19;しろい;white;[37];3;;vocab
1957;兆;34.11;ちょう;trillion;[250];11;;vocab
1958;ライン;34.1;ライン;line;[];0;3;loanword
1959;承知;34.09;しょうち;knowledge;[2050, 1308];51;;vocab
1960;父親;34.06;ちちおや;father;[1366, 1621];39;;vocab
1961;供給;34.04;きょうきゅう;supply;[1935, 1449];47;;vocab
1962;秘密;34.03;ひみつ;secret;[970, 837];26;;vocab
1963;誰か;33.98;だれか;someone;[598];21;;vocab
1964;独自;33.97;どくじ;original;[561, 36];21;;vocab
1965;許可;33.97;きょか;permission;[611, 97];21;;vocab
1966;獲得;33.97;かくとく;acquisition;[757, 941];25;;vocab
1967;休み;33.92;やすみ;holiday;[1038];27;;vocab
1968;急;33.91;きゅう;Urgent;[1229];31;;vocab
1969;嫌;33.89;いや;No;[1724];41;;vocab
1970;外交;33.88;がいこう;diplomacy;[116, 1368];34;;vocab
1971;ねー;33.88;ねー;Hey;[];0;3;vocab
1972;セキュリティ;33.87;セキュリティ;Security;[];0;3;loanword
1973;論理;33.86;ろんり;logic;[1961, 283];48;;vocab
1974;赤;33.84;あか;red;[1880];45;;vocab
1975;西;33.81;にし;west;[1728];41;;vocab
1976;メイン;33.8;メイン;main;[];0;3;loanword
1977;かく;33.78;かく;write;[];0;3;vocab
1978;とっても;33.75;とっても;Very;[];0;3;vocab
1979;極めて;33.71;きわめて;extremely;[2052];51;;vocab
1980;本質;33.71;ほんしつ;essence;[224, 1219];31;;vocab
1981;多少;33.65;たしょう;more or less;[113, 111];7;;vocab
1982;出来事;33.63;できごと;event;[829, 2029, 1240];51;;vocab
1983;手紙;33.62;てがみ;letter;[687, 1971];49;;vocab
1984;策;33.61;さく;Measures;[1019];26;;vocab
1985;スト;33.58;スト;strike;[];0;3;loanword
1986;去年;33.57;きょねん;last year;[812, 1114];28;;vocab
1987;及ぶ;33.54;およぶ;reaches;[743];23;;vocab
1988;項;33.52;こう;term;[86];5;;vocab
1989;お互い;33.52;おたがい;each other;[819];23;;vocab
1990;汗;33.42;あせ;sweat;[1780];43;;vocab
1991;強制;33.39;きょうせい;obligation;[1321, 447];33;;vocab
1992;宣言;33.37;せんげん;declaration;[200, 357];15;;vocab
1993;出かける;33.36;でかける;go out;[829];24;;vocab
1994;病;33.35;やまい;disease;[1813];44;;vocab
1995;エンジン;33.33;エンジン;engine;[];0;3;loanword
1996;チャンス;33.31;チャンス;chance;[];0;3;loanword
1997;優先;33.3;ゆうせん;preference;[1068, 263];27;;vocab
1998;オンライン;33.29;オンライン;online;[];0;3;loanword
1999;ソース;33.24;ソース;sauce;[];0;3;loanword
2000;人材;33.22;じんざい;capable person;[1023, 738];27;;vocab
2001;頼む;33.17;たのむ;ask;[1794];43;;vocab
2002;職業;33.15;しょくぎょう;occupation;[887, 1931];47;;vocab
2003;ついに;33.14;ついに;Finally;[];0;3;vocab
2004;援助;33.14;えんじょ;assistance;[2101, 1921];53;;vocab
2005;申請;33.12;しんせい;application;[1198, 1656];40;;vocab
2006;それで;33.12;それで;So;[];0;2;vocab
2007;取れる;33.12;とれる;Can be taken;[882];25;;vocab
2008;歩;33.09;ふ;Pawn;[397];17;;vocab
2009;除く;33.09;のぞく;except;[1787];43;;vocab
2010;コーナー;33.09;コーナー;corner;[];0;3;loanword
2011;問;33.08;とい;question;[1744];42;;vocab
2012;ブランド;32.99;ブランド;brand;[];0;3;loanword
2013;高速;32.95;こうそく;high speed;[329, 1799];43;;vocab
2014;マーク;32.94;マーク;mark;[];0;3;loanword
2015;ろう;32.94;ろう;wax;[];0;3;vocab
2016;特殊;32.9;とくしゅ;special;[261, 873];25;;vocab
2017;こっち;32.88;こっち;This way;[];0;2;vocab
2018;ける;32.87;ける;Can;[];0;3;vocab
2019;次回;32.86;じかい;next time;[510, 630];22;;vocab
2020;文学;32.85;ぶんがく;literature;[1861, 346];45;;vocab
2021;お知らせ;32.82;おしらせ;notice;[1308];33;;vocab
2022;議会;32.81;ぎかい;Diet;[692, 814];23;;vocab
2023;介護;32.77;かいご;nursing;[265, 756];23;;vocab
2024;唯一;32.71;ゆいいつ;only;[595, 1];21;;vocab
2025;削除;32.71;さくじょ;elimination;[124, 1787];43;;vocab
2026;田中;32.71;たなか;Tanaka;[14, 39];3;;vocab
2027;両方;32.68;りょうほう;both;[1252, 529];31;;vocab
2028;垢;32.66;あか;dirt;[9999];99;;vocab
2029;高める;32.65;たかめる;Enhance;[329];14;;vocab
2030;本部;32.64;ほんぶ;headquarters;[224, 1988];49;;vocab
2031;横浜;32.63;よこはま;Yokohama;[1888, 1430];45;;vocab
2032;処分;32.58;しょぶん;disposal;[318, 844];24;;vocab
2033;きっかけ;32.56;きっかけ;chance;[];0;3;vocab
2034;共有;32.56;きょうゆう;share;[1934, 83];47;;vocab
2035;ママ;32.56;ママ;Mom;[];0;3;loanword
2036;学者;32.54;がくしゃ;scholar;[346, 1345];34;;vocab
2037;夫婦;32.5;ふうふ;married couple;[901, 1234];31;;vocab
2038;買い物;32.41;かいもの;shopping;[894, 1129];29;;vocab
2039;風景;32.39;ふうけい;scenery;[563, 336];21;;vocab
2040;それほど;32.38;それほど;so;[];0;3;vocab
2041;中小;32.38;ちゅうしょう;small to medium;[39, 110];7;;vocab
2042;追う;32.37;おう;chase;[1359];34;;vocab
2043;レストラン;32.37;レストラン;restaurant;[];0;3;loanword
2044;高齢;32.31;こうれい;age;[329, 1505];37;;vocab
2045;付;32.31;つけ;With;[1075];27;;vocab
2046;製;32.31;せい;Made;[448];18;;vocab
2047;剤;32.3;ざい;Agent;[1867];45;;vocab
2048;夕方;32.27;ゆうがた;evening;[114, 529];19;;vocab
2049;少女;32.27;しょうじょ;little girl;[111, 102];7;;vocab
2050;勝利;32.26;しょうり;victory;[1294, 972];32;;vocab
2051;スピード;32.2;スピード;speed;[];0;3;loanword
2052;職場;32.2;しょくば;one's post;[887, 584];25;;vocab
2053;スター;32.19;スター;Star;[];0;3;loanword
2054;材料;32.13;ざいりょう;ingredients;[738, 1262];31;;vocab
2055;考慮;32.08;こうりょ;consideration;[1341, 2151];54;;vocab
2056;付き;32.06;つき;With;[1075];27;;vocab
2057;伝わる;32.06;つたわる;convey;[1036];27;;vocab
2058;主人公;32.05;しゅじんこう;main character;[284, 1023, 847];27;;vocab
2059;実感;32.02;じっかん;real feeling;[1694, 662];40;;vocab
2060;近代;32.01;きんだい;present day;[1210, 1080];31;;vocab
2061;航空;32.0;こうくう;aviation;[2014, 1414];50;;vocab
2062;一時;31.97;いちじ;one o'clock;[1, 171];8;;vocab
2063;字;31.96;じ;character;[197];9;;vocab
2064;戦後;31.94;せんご;postwar period;[2079, 1479];53;;vocab
2065;分類;31.94;ぶんるい;classification;[844, 1000];26;;vocab
2066;コーヒー;31.91;コーヒー;coffee;[];0;3;loanword
2067;減少;31.91;げんしょう;decrease;[391, 111];16;;vocab
2068;哲学;31.83;てつがく;philosophy;[1212, 346];31;;vocab
2069;運ぶ;31.82;はこぶ;carry;[325];14;;vocab
2070;足りる;31.82;たりる;Enough;[1372];34;;vocab
2071;コントロール;31.81;コントロール;control;[];0;3;loanword
2072;ガン;31.81;ガン;gun;[];0;3;loanword
2073;落とす;31.77;おとす;Drop;[320];13;;vocab
2074;核;31.76;かく;nuclear;[1638];39;;vocab
2075;遊び;31.75;あそび;play;[1126];29;;vocab
2076;ポ;31.73;ポ;Po;[];0;;morpheme
2077;巨大;31.65;きょだい;huge;[920, 112];25;;vocab
2078;台湾;31.64;たいわん;Taiwan;[805, 1886];45;;vocab
2079;訴える;31.63;うったえる;bring the action;[1221];31;;vocab
2080;同士;31.6;どうし;fellow;[192, 341];14;;vocab
2081;表す;31.59;あらわす;represent;[1666];40;;vocab
2082;慣れる;31.58;なれる;Get used to it;[674];22;;vocab
2083;佐藤;31.58;さとう;Sato;[1024, 1295];32;;vocab
2084;修;31.57;おさむ;Repair;[1858];45;;vocab
2085;条約;31.56;じょうやく;treaty;[319, 1462];36;;vocab
2086;人類;31.55;じんるい;mankind;[1023, 1000];27;;vocab
2087;ワイン;31.53;ワイン;wine;[];0;3;loanword
2088;コン;31.53;コン;Con;[];0;3;loanword
2089;燭;31.49;しょく;candle;[9999];99;;vocab
2090;展;31.49;てん;exhibition;[2075];52;;vocab
2091;個別;31.49;こべつ;particular case;[1047, 94];27;;vocab
2092;パターン;31.47;パターン;pattern;[];0;3;loanword
2093;だれ;31.46;だれ;who;[];0;3;vocab
2094;ビール;31.33;ビール;Beer;[];0;3;loanword
2095;首;31.32;くび;neck;[74];4;;vocab
2096;動かす;31.31;うごかす;move;[1806];43;;vocab
2097;波;31.3;なみ;wave;[866];25;;vocab
2098;低下;31.29;ていか;fall;[1973, 51];49;;vocab
2099;血;31.27;ち;blood;[1556];38;;vocab
2100;機器;31.27;きき;device;[1482, 127];36;;vocab
2101;死亡;31.25;しぼう;death;[878, 524];25;;vocab
2102;設ける;31.25;もうける;establish;[765];23;;vocab
2103;捜査;31.25;そうさ;search;[1201, 1920];47;;vocab
2104;分の;31.25;ぶんの;minutes;[844];24;;vocab
2105;祭;31.24;まつり;festival;[1183];30;;vocab
2106;載る;31.22;のる;Posted;[383];16;;vocab
2107;受け取る;31.21;うけとる;receive;[794, 882];25;;vocab
2108;ボランティア;31.19;ボランティア;volunteer;[];0;3;loanword
2109;説;31.19;せつ;theory;[538];19;;vocab
2110;ホーム;31.18;ホーム;Home;[];0;3;loanword
2111;某;31.15;ぼう;certain;[1896];46;;vocab
2112;抱く;31.15;いだく;Embrace;[697];23;;vocab
2113;ネ;31.13;ネ;Ne;[];0;;morpheme
2114;ぜ;31.13;ぜ;Sentence ending particle;[];0;;morpheme
2115;理想;31.12;りそう;ideal;[283, 656];22;;vocab
2116;天気;31.09;てんき;weather;[457, 2030];51;;vocab
2117;止まる;31.08;とまる;Stop;[396];17;;vocab
2118;当局;31.07;とうきょく;authorities;[1236, 1147];31;;vocab
2119;書籍;31.07;しょせき;book;[349, 1689];40;;vocab
2120;挨拶;31.07;あいさつ;greeting;[1310, 713];33;;vocab
2121;バイト;31.06;バイト;byte;[];0;3;loanword
2122;ガス;31.05;ガス;gas;[];0;3;loanword
2123;受験;31.05;じゅけん;taking an examination;[794, 2134];54;;vocab
2124;オレ;31.03;オレ;Me;[];0;3;loanword
2125;観察;31.02;かんさつ;observation;[614, 1184];30;;vocab
2126;もう一度;30.97;もういちど;once again;[1, 1278];32;;vocab
2127;要因;30.96;よういん;main cause;[1730, 626];41;;vocab
2128;促進;30.96;そくしん;promotion;[1373, 603];34;;vocab
2129;それでは;30.93;それでは;Well then;[];0;3;vocab
2130;税金;30.86;ぜいきん;tax;[961, 287];26;;vocab
2131;異常;30.84;いじょう;strangeness;[1936, 862];47;;vocab
2132;無事;30.81;ぶじ;safety;[1913, 1240];46;;vocab
2133;合意;30.8;ごうい;agreement;[269, 654];22;;vocab
2134;戦う;30.78;たたかう;fight;[2079];53;;vocab
2135;統計;30.76;とうけい;statistics;[1447, 359];36;;vocab
2136;渡る;30.75;わたる;cross;[1279];32;;vocab
2137;キー;30.67;キー;key;[];0;3;loanword
2138;たる;30.66;たる;Barrel;[];0;3;vocab
2139;服;30.66;ふく;clothes;[1501];37;;vocab
2140;領域;30.65;りょういき;area;[1507, 380];37;;vocab
2141;不可能;30.65;ふかのう;impossible;[1302, 97, 2160];54;;vocab
2142;普及;30.64;ふきゅう;diffusion;[1925, 743];47;;vocab
2143;周囲;30.62;しゅうい;surroundings;[339, 1948];48;;vocab
2144;お前;30.62;おまえ;you;[309];13;;vocab
2145;見事;30.6;みごと;splendid;[61, 1240];31;;vocab
2146;一切;30.6;いっさい;all;[1, 89];5;;vocab
2147;素材;30.59;そざい;raw materials;[1652, 738];40;;vocab
2148;新規;30.54;しんき;new;[1619, 904];39;;vocab
2149;児童;30.53;じどう;children;[62, 468];18;;vocab
2150;後ろ;30.51;うしろ;behind;[1479];36;;vocab
2151;自民党;30.51;じみんとう;Liberal Democratic Party;[36, 1976, 860];49;;vocab
2152;把握;30.5;はあく;grasp;[1889, 1139];45;;vocab
2153;前後;30.5;ぜんご;front and rear;[309, 1479];36;;vocab
2154;又は;30.49;または;or;[752];23;;vocab
2155;リリース;30.45;リリース;release;[];0;3;loanword
2156;経つ;30.42;たつ;pass;[1460];36;;vocab
2157;権力;30.42;けんりょく;power;[613, 922];25;;vocab
2158;細かい;30.41;こまかい;fine;[1463];36;;vocab
2159;趣旨;30.41;しゅし;meaning;[883, 493];25;;vocab
2160;やや;30.38;やや;somewhat;[];0;3;vocab
2161;女子;30.3;じょし;woman;[102, 99];6;;vocab
2162;予測;30.27;よそく;prediction;[1719, 160];41;;vocab
2163;自衛隊;30.27;じえいたい;Self-Defense Forces;[36, 1775, 1403];42;;vocab
2164;オリジナル;30.25;オリジナル;original;[];0;3;loanword
2165;びっくり;30.24;びっくり;Surprise;[];0;3;vocab
2166;常識;30.24;じょうしき;common sense;[862, 521];25;;vocab
2167;辰;30.23;たつ;Dragon;[2164];55;;vocab
2168;すっかり;30.22;すっかり;Completely;[];0;3;vocab
2169;いよいよ;30.22;いよいよ;Finally;[];0;3;vocab
2170;出会い;30.2;であい;encounter;[829, 814];24;;vocab
2171;緊張;30.2;きんちょう;tension;[1474, 2071];52;;vocab
2172;ねえ;30.17;ねえ;Hey;[];0;3;vocab
2173;沢山;30.16;たくさん;many;[1153, 830];29;;vocab
2174;職;30.15;しょく;Job;[887];25;;vocab
2175;博士;30.14;はかせ;doctorate;[48, 341];14;;vocab
2176;返す;30.11;かえす;return;[782];23;;vocab
2177;教科書;30.11;きょうかしょ;textbook;[1343, 1263, 349];34;;vocab
2178;先週;30.08;せんしゅう;last week;[263, 340];14;;vocab
2179;近づく;30.07;ちかづく;Get closer;[1210];31;;vocab
2180;がち;30.06;がち;Seriously;[];0;3;vocab
2181;問い合わせ;30.06;といあわせ;inquiry;[1744, 269];42;;vocab
2182;朝鮮;30.03;ちょうせん;Korea;[53, 590];21;;vocab
2183;余裕;30.03;よゆう;surplus;[1786, 856];43;;vocab
2184;代わり;30.03;かわり;Alternative;[1080];27;;vocab
2185;品質;30.03;ひんしつ;quality;[23, 1219];31;;vocab
2186;太陽;30.02;たいよう;sun;[126, 1397];35;;vocab
2187;とく;29.99;とく;virtue;[];0;3;vocab
2188;勤務;29.99;きんむ;service;[1700, 1313];40;;vocab
2189;テキスト;29.98;テキスト;text;[];0;3;loanword
2190;水準;29.98;すいじゅん;level;[137, 606];21;;vocab
2191;作り;29.96;つくり;Making;[1224];31;;vocab
2192;意図;29.96;いと;intention;[654, 1264];31;;vocab
2193;公務員;29.96;こうむいん;civil servant;[847, 1313, 59];33;;vocab
2194;復活;29.95;ふっかつ;revival;[940, 154];25;;vocab
2195;用語;29.95;ようご;term;[1265, 371];31;;vocab
2196;進行;29.94;しんこう;advance;[603, 938];25;;vocab
2197;近所;29.92;きんじょ;neighbourhood;[1210, 1208];31;;vocab
2198;育つ;29.91;そだつ;growing up;[821];23;;vocab
2199;程;29.89;ほど;Process;[960];26;;vocab
2200;無駄;29.88;むだ;futility;[1913, 2140];54;;vocab
2201;入り;29.87;はいり;Enter;[842];24;;vocab
2202;講師;29.85;こうし;lecturer;[1957, 1361];48;;vocab
2203;桜;29.85;さくら;cherry blossoms;[2082];53;;vocab
2204;占める;29.81;しめる;occupy;[49];3;;vocab
2205;郵便;29.81;ゆうびん;mail service;[1990, 1066];49;;vocab
2206;パワー;29.79;パワー;Power;[];0;3;loanword
2207;候補;29.79;こうほ;candidate;[1769, 1983];49;;vocab
2208;気付く;29.77;きづく;notice;[2030, 1075];51;;vocab
2209;指示;29.77;しじ;indication;[711, 1167];30;;vocab
2210;留学;29.75;りゅうがく;studying abroad;[1527, 346];37;;vocab
2211;いくつ;29.72;いくつ;How many;[];0;1;vocab
2212;ミス;29.71;ミス;Miss;[];0;3;loanword
2213;返事;29.71;へんじ;reply;[782, 1240];31;;vocab
2214;物価;29.68;ぶっか;prices of commodities;[1129, 1729];41;;vocab
2215;創造;29.68;そうぞう;creation;[1759, 299];42;;vocab
2216;直す;29.67;なおす;fix;[77];5;;vocab
2217;覆る;29.66;くつがえる;Cover;[1738];41;;vocab
2218;統一;29.64;とういつ;unity;[1447, 1];36;;vocab
2219;たび;29.62;たび;Trip;[];0;3;vocab
2220;々;29.6;々;many;[];0;3;vocab
2221;辺;29.58;あたり;Side;[302];13;;vocab
2222;暮らす;29.58;くらす;live;[247];10;;vocab
2223;致す;29.58;いたす;Do;[818];23;;vocab
2224;テーブル;29.58;テーブル;table;[];0;3;loanword
2225;苦労;29.56;くろう;troubles;[239, 924];25;;vocab
2226;漫画;29.54;まんが;cartoon;[893, 1254];31;;vocab
2227;進化;29.5;しんか;evolution;[603, 1083];27;;vocab
2228;飛行機;29.5;ひこうき;plane;[2032, 938, 1482];51;;vocab
2229;マガジン;29.49;マガジン;magazine;[];0;3;loanword
2230;手術;29.49;しゅじゅつ;operation;[687, 1644];39;;vocab
2231;み;29.45;み;fruit;[];0;3;vocab
2232;リーグ;29.45;リーグ;league;[];0;3;loanword
2233;それとも;29.42;それとも;Or;[];0;3;vocab
2234;ツアー;29.41;ツアー;tour;[];0;3;loanword
2235;見解;29.41;けんかい;opinion;[61, 1955];48;;vocab
2236;連合;29.39;れんごう;union;[305, 269];13;;vocab
2237;ホント;29.36;ホント;Really;[];0;3;loanword
2238;貿易;29.36;ぼうえき;trade;[1529, 1130];37;;vocab
2239;発想;29.34;はっそう;idea;[1840, 656];44;;vocab
2240;静か;29.33;しずか;quiet;[1660];40;;vocab
2241;経過;29.31;けいか;passage;[1460, 1389];36;;vocab
2242;いきなり;29.31;いきなり;Suddenly;[];0;3;vocab
2243;専用;29.3;せんよう;exclusive use;[47, 1265];31;;vocab
2244;停止;29.29;ていし;suspension;[1051, 396];27;;vocab
2245;食う;29.28;くう;Eat;[1582];38;;vocab
2246;隠す;29.28;かくす;hide;[1410];35;;vocab
2247;クリスマス;29.26;クリスマス;Christmas;[];0;3;loanword
2248;化学;29.26;かがく;chemistry;[1083, 346];27;;vocab
2249;院;29.23;いん;Infirmary;[1401];35;;vocab
2250;番目;29.22;ばんめ;indicates position in a sequence;[2058, 15];52;;vocab
2251;事前;29.22;じぜん;prior;[1240, 309];31;;vocab
2252;ラン;29.22;ラン;run;[];0;3;loanword
2253;匹;29.19;ひき;animals;[1830];44;;vocab
2254;災害;29.19;さいがい;calamity;[179, 1671];40;;vocab
2255;ピアノ;29.17;ピアノ;piano;[];0;3;loanword
2256;連携;29.16;れんけい;cooperation;[305, 742];23;;vocab
2257;信用;29.16;しんよう;confidence;[1043, 1265];31;;vocab
2258;増やす;29.15;ふやす;increase;[541];19;;vocab
2259;優れる;29.14;すぐれる;Excellent;[1068];27;;vocab
2260;狭い;29.12;せまい;narrow;[1356];34;;vocab
2261;両親;29.11;りょうしん;parents;[1252, 1621];39;;vocab
2262;悲しい;29.06;かなしい;sad;[1763];42;;vocab
2263;高度;28.98;こうど;altitude;[329, 1278];32;;vocab
2264;熱い;28.97;あつい;hot;[1634];39;;vocab
2265;宣伝;28.95;せんでん;publicity;[200, 1036];27;;vocab
2266;症;28.95;しょう;disease;[1816];44;;vocab
2267;支払う;28.92;しはらう;pay;[768, 798];23;;vocab
2268;迷惑;28.9;めいわく;trouble;[992, 661];26;;vocab
2269;切れる;28.89;きれる;Cut;[89];5;;vocab
2270;砲;28.86;ほう;gun;[571];21;;vocab
2271;主要;28.85;しゅよう;chief;[284, 1730];41;;vocab
2272;オーストラリア;28.85;オーストラリア;Australia;[];0;3;loanword
2273;辛い;28.85;つらい;hard;[1612];39;;vocab
2274;配信;28.84;はいしん;distribution;[1544, 1043];38;;vocab
2275;ゴール;28.84;ゴール;goal;[];0;3;loanword
2276;確立;28.83;かくりつ;establishment;[609, 462];21;;vocab
2277;統合;28.79;とうごう;integration;[1447, 269];36;;vocab
2278;コンサート;28.78;コンサート;concert;[];0;3;loanword
2279;謎;28.78;なぞ;Mystery;[994];26;;vocab
2280;時半;28.77;ときはん;about an hour;[171, 1286];32;;vocab
2281;何故;28.77;なぜ;why;[1087, 355];27;;vocab
2282;げ;28.77;げ;Ge;[];0;3;vocab
2283;ノート;28.76;ノート;Notes;[];0;3;loanword
2284;それなり;28.75;それなり;Fairly;[];0;3;vocab
2285;ニューヨーク;28.74;ニューヨーク;new york;[];0;3;loanword
2286;物理;28.72;ぶつり;physics;[1129, 283];29;;vocab
2287;恋;28.66;こい;love;[1885];45;;vocab
2288;ストーリー;28.65;ストーリー;story;[];0;3;loanword
2289;ゼロ;28.64;ゼロ;zero;[];0;3;loanword
2290;笑顔;28.64;えがお;smiling face;[1008, 1853];45;;vocab
2291;熱;28.64;ねつ;heat;[1634];39;;vocab
2292;自動;28.63;じどう;automatic;[36, 1806];43;;vocab
2293;圏;28.62;けん;area;[1293];32;;vocab
2294;メモ;28.6;メモ;Note;[];0;3;loanword
2295;アドバイス;28.6;アドバイス;advice;[];0;3;loanword
2296;知的;28.58;ちてき;intellectual;[1308, 73];33;;vocab
2297;男女;28.56;だんじょ;men and women;[923, 102];25;;vocab
2298;よろしく;28.55;よろしく;nice to meet you;[];0;3;vocab
2299;緊急;28.52;きんきゅう;urgent;[1474, 1229];36;;vocab
2300;気に入る;28.51;きにいる;I like it;[2030, 842];51;;vocab
2301;動作;28.49;どうさ;action;[1806, 1224];43;;vocab
2302;輸出;28.47;ゆしゅつ;export;[307, 829];24;;vocab
2303;落ち着く;28.45;おちつく;calm down;[320, 594];21;;vocab
2304;かわいい;28.42;かわいい;cute;[];0;2;vocab
2305;先輩;28.42;せんぱい;senior;[263, 1765];42;;vocab
2306;通じる;28.41;つうじる;Understand;[1511];37;;vocab
2307;本格;28.39;ほんかく;original method or procedure;[224, 312];13;;vocab
2308;合併;28.36;がっぺい;combination;[269, 1107];28;;vocab
2309;すら;28.36;すら;Even;[];0;3;vocab
2310;反省;28.36;はんせい;reflection;[779, 131];23;;vocab
2311;像;28.3;ぞう;image;[2131];53;;vocab
2312;中身;28.3;なかみ;contents;[39, 1337];34;;vocab
2313;すばらしい;28.29;すばらしい;wonderful;[];0;3;vocab
2314;製作;28.29;せいさく;manufacture;[448, 1224];31;;vocab
2315;サン;28.28;サン;Sun;[];0;3;loanword
2316;牛;28.28;うし;cattle;[260];11;;vocab
2317;診断;28.27;しんだん;diagnosis;[1860, 1218];45;;vocab
2318;要望;28.25;ようぼう;demand for;[1730, 528];41;;vocab
2319;ストレス;28.23;ストレス;stress;[];0;3;loanword
2320;工業;28.23;こうぎょう;industry;[80, 1931];47;;vocab
2321;ボタン;28.21;ボタン;button;[];0;3;loanword
2322;アン;28.2;アン;Anne;[];0;3;loanword
2323;試す;28.18;ためす;try;[378];16;;vocab
2324;うる;28.13;うる;Uru;[];0;3;vocab
2325;ますます;28.13;ますます;increasingly;[];0;3;vocab
2326;崩壊;28.12;ほうかい;collapse;[836, 427];24;;vocab
2327;真実;28.12;しんじつ;truth;[79, 1694];40;;vocab
2328;去る;28.12;さる;leave;[812];23;;vocab
2329;プレー;28.11;プレー;play;[];0;3;loanword
2330;適当;28.11;てきとう;suitable;[473, 1236];31;;vocab
2331;国立;28.08;こくりつ;national;[624, 462];22;;vocab
2332;貼る;28.06;はる;Paste;[60];4;;vocab
2333;珍しい;28.05;めずらしい;rare;[1859];45;;vocab
2334;計;28.03;けい;total;[359];15;;vocab
2335;喜び;28.01;よろこび;joy;[1553];38;;vocab
2336;石油;28.0;せきゆ;oil;[118, 1188];30;;vocab
2337;大幅;27.98;おおはば;big;[112, 435];18;;vocab
2338;自治体;27.98;じちたい;local government;[36, 807, 1030];27;;vocab
2339;をもって;27.96;をもって;With;[];0;3;vocab
2340;せっかく;27.96;せっかく;Thank you very much;[];0;2;vocab
2341;天;27.95;てん;Heaven;[457];18;;vocab
2342;ブッシュ;27.94;ブッシュ;Bush;[];0;3;loanword
2343;だめ;27.94;だめ;No;[];0;2;vocab
2344;貢献;27.93;こうけん;contribution;[85, 1742];41;;vocab
2345;眺める;27.92;ながめる;View;[252];11;;vocab
2346;配慮;27.92;はいりょ;consideration;[1544, 2151];54;;vocab
2347;ごろ;27.92;ごろ;Around;[];0;3;vocab
2348;サイド;27.91;サイド;side;[];0;3;loanword
2349;若干;27.89;じゃっかん;some;[237, 1777];43;;vocab
2350;スペース;27.88;スペース;space;[];0;3;loanword
2351;つい;27.87;つい;unintentionally;[];0;3;vocab
2352;主催;27.87;しゅさい;sponsorship;[284, 1062];27;;vocab
2353;書類;27.87;しょるい;documents;[349, 1000];26;;vocab
2354;きょう;27.87;きょう;today;[];0;3;vocab
2355;韓;27.87;かん;Korea;[1776];42;;vocab
2356;調子;27.85;ちょうし;tune;[373, 99];15;;vocab
2357;ミサイル;27.85;ミサイル;missile;[];0;3;loanword
2358;き;27.84;き;tree;[];0;;morpheme
2359;単語;27.83;たんご;word;[2078, 371];53;;vocab
2360;パリ;27.81;パリ;Paris;[];0;3;loanword
2361;渡す;27.79;わたす;hand over;[1279];32;;vocab
2362;表情;27.77;ひょうじょう;facial expression;[1666, 1657];40;;vocab
2363;基地;27.76;きち;base;[1904, 554];46;;vocab
2364;速い;27.76;はやい;fast;[1799];43;;vocab
2365;気がつく;27.75;きがつく;notice;[2030];51;;vocab
2366;ホール;27.75;ホール;hole;[];0;3;loanword
2367;駐車;27.74;ちゅうしゃ;parking;[2136, 304];54;;vocab
2368;比較的;27.73;ひかくてき;Relatively;[482, 1370, 73];34;;vocab
2369;ガラス;27.73;ガラス;Glass;[];0;3;loanword
2370;景気;27.72;けいき;condition;[336, 2030];51;;vocab
2371;世間;27.71;せけん;world;[28, 1747];42;;vocab
2372;え;27.69;え;picture;[];0;3;vocab
2373;植物;27.68;しょくぶつ;plant;[217, 1129];29;;vocab
2374;カー;27.68;カー;car;[];0;3;loanword
2375;あり方;27.68;ありかた;Way of Being;[529];19;;vocab
2376;単なる;27.68;たんなる;mere;[2078];53;;vocab
2377;セ;27.63;セ;S;[];0;;morpheme
2378;楽しめる;27.63;たのしめる;Enjoyable;[1872];45;;vocab
2379;戦い;27.62;たたかい;fight;[2079];53;;vocab
2380;自治;27.62;じち;self-government;[36, 807];23;;vocab
2381;限界;27.6;げんかい;limit;[1576, 266];38;;vocab
2382;ベスト;27.6;ベスト;Best;[];0;3;loanword
2383;トイレ;27.59;トイレ;toilet;[];0;3;loanword
2384;ただいま;27.59;ただいま;I'm home;[];0;3;vocab
2385;抜く;27.57;ぬく;Pull out;[761];23;;vocab
2386;反映;27.57;はんえい;reflection;[779, 1879];45;;vocab
2387;転換;27.57;てんかん;convert;[449, 1122];28;;vocab
2388;美;27.56;よし;beauty;[587];21;;vocab
2389;タイム;27.56;タイム;time;[];0;3;loanword
2390;形態;27.56;けいたい;form;[1847, 2161];54;;vocab
2391;振る;27.54;ふる;shake;[2167];55;;vocab
2392;状;27.54;じょう;Condition;[254];11;;vocab
2393;嫌い;27.53;きらい;dislike;[1724];41;;vocab
2394;奴;27.52;やつ;guy;[758];23;;vocab
2395;感染;27.51;かんせん;infection;[662, 548];22;;vocab
2396;逃げる;27.49;にげる;run away;[301];13;;vocab
2397;根拠;27.46;こんきょ;basis;[1571, 722];38;;vocab
2398;こうして;27.46;こうして;thus;[];0;3;vocab
2399;原稿;27.45;げんこう;manuscript;[142, 958];26;;vocab
2400;イエス;27.43;イエス;Jesus;[];0;3;loanword
2401;そろそろ;27.42;そろそろ;It's about time;[];0;2;vocab
2402;相場;27.41;そうば;market price;[222, 584];21;;vocab
2403;抜ける;27.4;ぬける;Exit;[761];23;;vocab
2404;合格;27.39;ごうかく;success;[269, 312];13;;vocab
2405;記載;27.39;きさい;record;[568, 383];21;;vocab
2406;お母さん;27.38;おかあさん;mother;[105];6;;vocab
2407;狙う;27.36;ねらう;aim;[1917];47;;vocab
2408;地図;27.33;ちず;map;[554, 1264];31;;vocab
2409;人達;27.33;ひとたち;people;[1023, 591];27;;vocab
2410;ダウンロード;27.32;ダウンロード;download;[];0;3;loanword
2411;大学院;27.32;だいがくいん;graduate school;[112, 346, 1401];35;;vocab
2412;拒否;27.3;きょひ;denial;[921, 1303];32;;vocab
2413;腕;27.28;うで;arm;[1522];37;;vocab
2414;はい;27.27;はい;yes;[];0;2;vocab
2415;あう;27.26;あう;match;[];0;3;vocab
2416;遅れる;27.26;おくれる;be late;[1148];29;;vocab
2417;鈴木;27.25;すずき;Suzuki;[1508, 207];37;;vocab
2418;最低;27.23;さいてい;least;[884, 1973];49;;vocab
2419;微妙;27.2;びみょう;delicate;[954, 130];25;;vocab
2420;見方;27.2;みかた;viewpoint;[61, 529];19;;vocab
2421;結ぶ;27.19;むすぶ;Tie;[1451];36;;vocab
2422;最;27.17;さい;Most;[884];25;;vocab
2423;下げる;27.17;さげる;Lower;[51];3;;vocab
2424;削減;27.12;さくげん;cut;[124, 391];16;;vocab
2425;青年;27.11;せいねん;youth;[1654, 1114];40;;vocab
2426;我が国;27.11;わがくに;Japan;[690, 624];23;;vocab
2427;助ける;27.1;たすける;help;[1921];47;;vocab
2428;役立つ;27.1;やくだつ;Helpful;[949, 462];25;;vocab
2429;しかしながら;27.1;しかしながら;however;[];0;3;vocab
2430;つぶやき;27.08;つぶやき;Tweet;[];0;3;vocab
2431;劇場;27.06;げきじょう;theatre;[2152, 584];54;;vocab
2432;向く;27.06;むく;turn;[195];9;;vocab
2433;強調;27.05;きょうちょう;emphasis;[1321, 373];33;;vocab
2434;要するに;27.03;ようするに;in short;[1730];41;;vocab
2435;防衛;27.0;ぼうえい;defense;[1399, 1775];42;;vocab
2436;ロンドン;26.98;ロンドン;London;[];0;3;loanword
2437;世界中;26.96;せかいじゅう;all over the world;[28, 266, 39];12;;vocab
2438;初期;26.96;しょき;early;[431, 1902];46;;vocab
2439;ホ;26.96;ホ;Ho;[];0;;morpheme
2440;機構;26.94;きこう;mechanism;[1482, 1959];48;;vocab
2441;どうやら;26.93;どうやら;Apparently;[];0;3;vocab
2442;床;26.9;ゆか;floor;[636];22;;vocab
2443;真剣;26.89;しんけん;seriousness;[79, 1801];43;;vocab
2444;おすすめ;26.86;おすすめ;recommendation;[];0;3;vocab
2445;講義;26.86;こうぎ;lecture;[1957, 691];48;;vocab
2446;術;26.85;じゅつ;technique;[1644];39;;vocab
2447;対処;26.83;たいしょ;deal with;[1862, 318];45;;vocab
2448;隊;26.83;たい;squad;[1403];35;;vocab
2449;読める;26.83;よめる;Can read;[372];15;;vocab
2450;実質;26.82;じっしつ;substance;[1694, 1219];40;;vocab
2451;貴重;26.79;きちょう;precious;[1908, 1805];46;;vocab
2452;メートル;26.79;メートル;meters;[];0;3;loanword
2453;もしくは;26.78;もしくは;or;[];0;3;vocab
2454;収集;26.77;しゅうしゅう;gathering up;[1628, 601];39;;vocab
2455;工夫;26.74;くふう;scheme;[80, 901];25;;vocab
2456;大手;26.74;おおて;major company;[112, 687];23;;vocab
2457;じゃあ;26.73;じゃあ;Well then;[];0;3;vocab
2458;諸国;26.72;しょこく;various countries;[1351, 624];34;;vocab
2459;幅;26.7;はば;width;[435];18;;vocab
2460;蠅;26.7;はえ;fly;[9999];99;;vocab
2461;そば;26.7;そば;noun (side/near);[];0;3;vocab
2462;迫る;26.68;せまる;approaching;[300];13;;vocab
2463;監視;26.68;かんし;monitoring;[1562, 1174];38;;vocab
2464;リーダー;26.67;リーダー;leader;[];0;3;loanword
2465;認定;26.66;にんてい;authorization;[643, 408];22;;vocab
2466;必ずしも;26.66;かならずしも;necessarily;[685];22;;vocab
2467;文庫;26.66;ぶんこ;library;[1861, 633];45;;vocab
2468;サーバー;26.65;サーバー;server;[];0;3;loanword
2469;各種;26.61;かくしゅ;every kind;[311, 1810];43;;vocab
2470;節;26.61;ふし;section;[1574];38;;vocab
2471;福岡;26.59;ふくおか;Fukuoka;[1171, 2112];53;;vocab
2472;肩;26.57;かた;shoulder;[1158];29;;vocab
2473;反;26.57;はん;anti;[779];23;;vocab
2474;すると;26.56;すると;Then;[];0;2;vocab
2475;券;26.56;けん;ticket;[1291];32;;vocab
2476;意外;26.53;いがい;unexpected;[654, 116];22;;vocab
2477;帰り;26.47;かえり;return;[1316];33;;vocab
2478;容疑;26.47;ようぎ;suspect;[853, 1513];37;;vocab
2479;命令;26.47;めいれい;order;[1502, 1503];37;;vocab
2480;明治;26.47;めいじ;Meiji;[20, 807];23;;vocab
2481;向こう;26.46;むこう;Over there;[195];9;;vocab
2482;根本;26.46;こんぽん;root;[1571, 224];38;;vocab
2483;重視;26.45;じゅうし;importance;[1805, 1174];43;;vocab
2484;ワン;26.44;ワン;one;[];0;3;loanword
2485;時々;26.41;ときどき;sometimes;[171];8;;vocab
2486;指;26.41;ゆび;finger;[711];23;;vocab
2487;依存;26.38;いぞん;dependence;[1045, 739];27;;vocab
2488;医学;26.37;いがく;medical science;[1829, 346];44;;vocab
2489;手続;26.36;てつづき;procedure;[687, 1445];36;;vocab
2490;けっこう;26.36;けっこう;Quite;[];0;3;vocab
2491;株主;26.33;かぶぬし;shareholder;[236, 284];12;;vocab
2492;プラス;26.33;プラス;plus;[];0;3;loanword
2493;行ける;26.32;いける;I can go;[938];25;;vocab
2494;刺激;26.3;しげき;stimulus;[446, 536];19;;vocab
2495;合理;26.28;ごうり;rational;[269, 283];12;;vocab
2496;中間;26.27;ちゅうかん;middle;[39, 1747];42;;vocab
2497;鉄道;26.26;てつどう;railroad;[909, 295];25;;vocab
2498;ゆ;26.25;ゆ;hot water;[];0;3;vocab
2499;従う;26.23;したがう;follow;[942];25;;vocab
2500;暗い;26.23;くらい;dark;[519];19;;vocab
2501;入手;26.19;にゅうしゅ;obtaining;[842, 687];24;;vocab
2502;才;26.19;さい;talent;[736];23;;vocab
2503;名古屋;26.19;なごや;Nagoya;[117, 16, 1138];29;;vocab
2504;叫ぶ;26.18;さけぶ;shout;[1626];39;;vocab
2505;めぐる;26.18;めぐる;Tour;[];0;3;vocab
2506;現;26.16;げん;current;[275];12;;vocab
2507;こんにちは;26.16;こんにちは;Hello;[];0;3;vocab
2508;注;26.16;ちゅう;Note;[285];12;;vocab
2509;組む;26.1;くむ;Assemble;[1914];47;;vocab
2510;相;26.08;あい;phase;[222];10;;vocab
2511;ロー;26.05;ロー;low;[];0;3;loanword
2512;印刷;26.04;いんさつ;printing;[1530, 1150];37;;vocab
2513;帰国;26.02;きこく;return to one's country;[1316, 624];33;;vocab
2514;発揮;26.01;はっき;exhibition;[1840, 715];44;;vocab
2515;市町村;25.99;しちょうそん;City/town/village;[440, 96, 221];18;;vocab
2516;何らかの;25.98;なんらかの;Some kind of;[1087];27;;vocab
2517;規則;25.96;きそく;rules;[904, 92];25;;vocab
2518;賃金;25.93;ちんぎん;wages;[1079, 287];27;;vocab
2519;一致;25.93;いっち;coincidence;[1, 818];23;;vocab
2520;バージョン;25.91;バージョン;Version;[];0;3;loanword
2521;奥;25.91;おく;Oku;[997];26;;vocab
2522;マーケティング;25.89;マーケティング;marketing;[];0;3;loanword
2523;主体;25.87;しゅたい;main constituent;[284, 1030];27;;vocab
2524;トラブル;25.87;トラブル;trouble;[];0;3;loanword
2525;原告;25.86;げんこく;plaintiff;[142, 262];11;;vocab
2526;経る;25.86;へる;go through;[1460];36;;vocab
2527;部長;25.84;ぶちょう;of a section or department;[1988, 2070];52;;vocab
2528;習慣;25.83;しゅうかん;custom;[616, 674];22;;vocab
2529;筆者;25.83;ひっしゃ;writer;[1014, 1345];34;;vocab
2530;以内;25.81;いない;within;[1105, 1095];28;;vocab
2531;だり;25.81;だり;Dari;[];0;3;vocab
2532;カナダ;25.79;カナダ;Canada;[];0;3;loanword
2533;校;25.78;こう;school;[1371];34;;vocab
2534;ロック;25.74;ロック;rock;[];0;3;loanword
2535;模様;25.74;もよう;pattern;[244, 1003];26;;vocab
2536;日曜日;25.72;にちようび;Sunday;[12, 618, 12];21;;vocab
2537;目立つ;25.72;めだつ;stand out;[15, 462];18;;vocab
2538;速度;25.7;そくど;speed;[1799, 1278];43;;vocab
2539;焼く;25.69;やく;bake;[1284];32;;vocab
2540;外部;25.69;がいぶ;the outside;[116, 1988];49;;vocab
2541;抵抗;25.68;ていこう;resistance;[1974, 700];49;;vocab
2542;各国;25.68;かっこく;each nation;[311, 624];22;;vocab
2543;重ねる;25.68;かさねる;Layer;[1805];43;;vocab
2544;かねる;25.64;かねる;Can;[];0;3;vocab
2545;ワールドカップ;25.62;ワールドカップ;World Cup;[];0;3;loanword
2546;会見;25.62;かいけん;interview;[814, 61];23;;vocab
2547;定期;25.61;ていき;fixed period;[408, 1902];46;;vocab
2548;市内;25.57;しない;city;[440, 1095];27;;vocab
2549;混乱;25.57;こんらん;disorder;[487, 76];18;;vocab
2550;医者;25.51;いしゃ;doctor;[1829, 1345];44;;vocab
2551;自殺;25.51;じさつ;suicide;[36, 1607];39;;vocab
2552;都合;25.47;つごう;circumstances;[1989, 269];49;;vocab
2553;幸い;25.46;さいわい;Fortunately;[1622];39;;vocab
2554;検証;25.45;けんしょう;verification;[1803, 406];43;;vocab
2555;概要;25.44;がいよう;outline;[1594, 1730];41;;vocab
2556;温泉;25.44;おんせん;spa;[1560, 140];38;;vocab
2557;ジョン;25.43;ジョン;John;[];0;3;loanword
2558;参る;25.43;まいる;Come;[1856];45;;vocab
2559;神様;25.42;かみさま;God;[1200, 1003];30;;vocab
2560;漢字;25.4;かんじ;Chinese characters;[1701, 197];40;;vocab
2561;ごく;25.38;ごく;Very;[];0;3;vocab
2562;踏まえる;25.38;ふまえる;Take into account;[1381];34;;vocab
2563;役に立つ;25.38;やくにたつ;useful;[949, 462];25;;vocab
2564;杯;25.38;はい;cup;[1304];32;;vocab
2565;レース;25.37;レース;race;[];0;3;loanword
2566;ご飯;25.37;ごはん;cooked rice;[1583];38;;vocab
2567;さっき;25.36;さっき;some time ago;[];0;3;vocab
2568;賛成;25.36;さんせい;approval;[906, 386];25;;vocab
2569;緑;25.32;みどり;green;[1471];36;;vocab
2570;迷う;25.3;まよう;be confused;[992];26;;vocab
2571;民主党;25.29;みんしゅとう;Democratic Party;[1976, 284, 860];49;;vocab
2572;欧州;25.28;おうしゅう;Europe;[1834, 135];44;;vocab
2573;帰宅;25.27;きたく;returning home;[1316, 2065];52;;vocab
2574;城;25.25;しろ;castle;[387];16;;vocab
2575;シーズン;25.25;シーズン;season;[];0;3;loanword
2576;筋;25.25;すじ;logic;[1012];26;;vocab
2577;たとえ;25.23;たとえ;parable;[];0;3;vocab
2578;天皇;25.23;てんのう;Emperor of Japan;[457, 279];18;;vocab
2579;前半;25.21;ぜんはん;first half;[309, 1286];32;;vocab
2580;ともかく;25.18;ともかく;Anyway;[];0;3;vocab
2581;重大;25.18;じゅうだい;serious;[1805, 112];43;;vocab
2582;流;25.17;りゅう;style;[826];23;;vocab
2583;ゴルフ;25.12;ゴルフ;golf;[];0;3;loanword
2584;ユーザ;25.1;ユーザ;User;[];0;3;loanword
2585;題;25.1;だい;subject;[415];17;;vocab
2586;録音;25.09;ろくおん;recording;[1226, 518];31;;vocab
2587;運;25.09;うん;luck;[325];14;;vocab
2588;必須;25.04;ひっす;indispensable;[685, 1854];45;;vocab
2589;林;25.03;はやし;Hayashi;[208];10;;vocab
2590;不満;25.02;ふまん;dissatisfaction;[1302, 1253];32;;vocab
2591;可愛い;25.02;かわいい;cute;[97, 796];23;;vocab
2592;流通;25.02;りゅうつう;circulation of money or goods;[826, 1511];37;;vocab
2593;我が家;25.0;わがや;My home;[690, 580];23;;vocab
2594;扱い;24.99;あつかい;Treatment;[745];23;;vocab
2595;重;24.97;おも;heavy;[1805];43;;vocab
2596;原理;24.96;げんり;principle;[142, 283];12;;vocab
2597;比;24.95;ひ;ratio;[482];18;;vocab
2598;嘘;24.94;うそ;lie;[9999];99;;vocab
2599;多;24.94;おお;Many;[113];7;;vocab
2600;株価;24.94;かぶか;stock prices;[236, 1729];41;;vocab
2601;想定;24.91;そうてい;hypothesis;[656, 408];22;;vocab
2602;手続き;24.88;てつづき;procedure;[687, 1445];36;;vocab
2603;要請;24.84;ようせい;appeal;[1730, 1656];41;;vocab
2604;楽器;24.83;がっき;musical instrument;[1872, 127];45;;vocab
2605;詩;24.82;し;poem;[370];15;;vocab
2606;村上;24.81;むらかみ;Murakami;[221, 50];10;;vocab
2607;容易;24.8;ようい;easy;[853, 1130];29;;vocab
2608;廃止;24.79;はいし;abolition;[1841, 396];44;;vocab
2609;魂;24.76;たましい;soul;[2177];55;;vocab
2610;綺麗;24.76;きれい;pretty;[9999, 2158];99;;vocab
2611;イスラエル;24.75;イスラエル;Israel;[];0;3;loanword
2612;今月;24.74;こんげつ;this month;[1711, 13];41;;vocab
2613;亡くなる;24.72;なくなる;die;[524];19;;vocab
2614;興味深い;24.72;きょうみぶかい;Interesting;[1533, 233, 1426];37;;vocab
2615;滞在;24.71;たいざい;stay;[445, 740];23;;vocab
2616;いったい;24.7;いったい;what the hell;[];0;3;vocab
2617;上手い;24.7;うまい;Good;[50, 687];23;;vocab
2618;各地;24.7;かくち;every place;[311, 554];21;;vocab
2619;従業;24.69;じゅうぎょう;employment;[942, 1931];47;;vocab
2620;伸びる;24.68;のびる;extend;[1199];30;;vocab
2621;読書;24.65;どくしょ;reading;[372, 349];15;;vocab
2622;確定;24.65;かくてい;decision;[609, 408];21;;vocab
2623;合計;24.62;ごうけい;sum total;[269, 359];15;;vocab
2624;浮かぶ;24.61;うかぶ;Floating;[787];23;;vocab
2625;ヒット;24.59;ヒット;hit;[];0;3;loanword
2626;モード;24.59;モード;mode;[];0;3;loanword
2627;しょう;24.59;しょう;Sho;[];0;3;vocab
2628;タクシー;24.58;タクシー;taxi;[];0;3;loanword
2629;発信;24.55;はっしん;dispatch;[1840, 1043];44;;vocab
2630;済む;24.52;すむ;Done;[1868];45;;vocab
2631;振り返る;24.51;ふりかえる;look back;[2167, 782];55;;vocab
2632;執行;24.48;しっこう;execution;[1623, 938];39;;vocab
2633;連載;24.48;れんさい;serialization;[305, 383];16;;vocab
2634;香り;24.47;かおり;scent;[977];26;;vocab
2635;フル;24.45;フル;Full;[];0;3;loanword
2636;恐怖;24.43;きょうふ;fear;[660, 670];22;;vocab
2637;思い出;24.43;おもいで;memory;[651, 829];24;;vocab
2638;日経;24.43;にっけい;Nikkei;[12, 1460];36;;vocab
2639;主人;24.43;しゅじん;head;[284, 1023];27;;vocab
2640;一瞬;24.41;いっしゅん;moment;[1, 880];25;;vocab
2641;老人;24.41;ろうじん;the aged;[1340, 1023];34;;vocab
2642;頁;24.4;ぺーじ;page;[64];4;;vocab
2643;薄い;24.4;うすい;thin;[242];10;;vocab
2644;当日;24.39;とうじつ;appointed day;[1236, 12];31;;vocab
2645;早速;24.38;さっそく;right away;[26, 1799];43;;vocab
2646;備える;24.38;そなえる;Prepare;[1267];32;;vocab
2647;関西;24.36;かんさい;Kansai;[2173, 1728];55;;vocab
2648;赤い;24.33;あかい;red;[1880];45;;vocab
2649;神戸;24.33;こうべ;Kobe;[1200, 1157];30;;vocab
2650;時計;24.31;とけい;watch;[171, 359];15;;vocab
2651;割合;24.26;わりあい;rate;[1673, 269];40;;vocab
2652;正式;24.25;せいしき;due form;[405, 377];17;;vocab
2653;はいる;24.24;はいる;Enter;[];0;3;vocab
2654;カラー;24.23;カラー;color;[];0;3;loanword
2655;出場;24.23;しゅつじょう;appearance;[829, 584];24;;vocab
2656;残り;24.22;のこり;rest;[871];25;;vocab
2657;まくる;24.19;まくる;Spree;[];0;3;vocab
2658;徹底;24.18;てってい;thoroughness;[951, 1975];49;;vocab
2659;穴;24.17;あな;hole;[1413];35;;vocab
2660;収録;24.17;しゅうろく;compilation;[1628, 1226];39;;vocab
2661;板;24.16;いた;board;[781];23;;vocab
2662;退職;24.15;たいしょく;retirement;[1575, 887];38;;vocab
2663;寄せる;24.13;よせる;Send;[204];9;;vocab
2664;張る;24.13;はる;Stretch;[2071];52;;vocab
2665;入学;24.12;にゅうがく;entry to school or university;[842, 346];24;;vocab
2666;週末;24.12;しゅうまつ;weekend;[340, 231];14;;vocab
2667;殺人;24.12;さつじん;murder;[1607, 1023];39;;vocab
2668;代理;24.12;だいり;representation;[1080, 283];27;;vocab
2669;演出;24.1;えんしゅつ;production;[2163, 829];55;;vocab
2670;かる;24.1;かる;Light;[];0;3;vocab
2671;掃除;24.09;そうじ;cleaning;[1235, 1787];43;;vocab
2672;葉;24.08;は;leaf;[243];10;;vocab
2673;ショー;24.08;ショー;show;[];0;3;loanword
2674;公表;24.06;こうひょう;official announcement;[847, 1666];40;;vocab
2675;インストール;24.05;インストール;install;[];0;3;loanword
2676;育成;24.02;いくせい;rearing;[821, 386];23;;vocab
2677;実績;24.02;じっせき;achievements;[1694, 1662];40;;vocab
2678;だけど;24.02;だけど;But;[];0;3;vocab
2679;伺い;24.01;うかがい;Inquiry;[2008];50;;vocab
2680;昼;24.0;ひる;noon;[1156];29;;vocab
2681;使い方;23.99;つかいかた;How to use;[1065, 529];27;;vocab
2682;頼る;23.96;たよる;rely;[1794];43;;vocab
2683;パー;23.95;パー;Par;[];0;3;loanword
2684;もはや;23.95;もはや;no longer;[];0;3;vocab
2685;掛ける;23.93;かける;Multiply;[727];23;;vocab
2686;源;23.92;みなもと;source;[153];8;;vocab
2687;店舗;23.91;てんぽ;shop;[632, 1982];49;;vocab
2688;大型;23.91;おおがた;large;[112, 735];23;;vocab
2689;キリスト教;23.91;きりすときょう;Christianity;[1343];34;;vocab
2690;ハイ;23.9;ハイ;high;[];0;3;loanword
2691;載せる;23.89;のせる;Post;[383];16;;vocab
2692;風呂;23.89;ふろ;bath;[563, 24];21;;vocab
2693;生み出す;23.89;うみだす;produce;[1675, 829];40;;vocab
2694;どっち;23.88;どっち;Which one?;[];0;2;vocab
2695;申し訳;23.88;もうしわけ;Sorry;[1198, 1154];30;;vocab
2696;安;23.87;やす;Cheap;[202];9;;vocab
2697;ふと;23.86;ふと;Suddenly;[];0;3;vocab
2698;回転;23.84;かいてん;rotation;[630, 449];22;;vocab
2699;マイナス;23.83;マイナス;minus;[];0;3;loanword
2700;チケット;23.82;チケット;ticket;[];0;3;loanword
2701;犠牲;23.81;ぎせい;victim;[693, 1680];40;;vocab
2702;暴力;23.81;ぼうりょく;violence;[1941, 922];47;;vocab
2703;青;23.8;あお;blue;[1654];40;;vocab
2704;細胞;23.8;さいぼう;cell;[1463, 570];36;;vocab
2705;ことば;23.8;ことば;words;[];0;3;vocab
2706;ステージ;23.78;ステージ;stage;[];0;3;loanword
2707;はる;23.78;はる;spring;[];0;3;vocab
2708;そる;23.77;そる;Sol;[];0;3;vocab
2709;ガイド;23.77;ガイド;guide;[];0;3;loanword
2710;稼ぐ;23.72;かせぐ;earn money;[959];26;;vocab
2711;広げる;23.7;ひろげる;spread;[799];23;;vocab
2712;バイク;23.69;バイク;Bike;[];0;3;loanword
2713;知事;23.69;ちじ;prefectural governor;[1308, 1240];33;;vocab
2714;勧め;23.68;すすめ;Recommendation;[928];25;;vocab
2715;起業;23.67;きぎょう;starting a business;[565, 1931];47;;vocab
2716;ロボット;23.67;ロボット;robot;[];0;3;loanword
2717;戦闘;23.65;せんとう;battle;[2079, 1757];53;;vocab
2718;とこ;23.64;とこ;cousin;[];0;3;vocab
2719;たった;23.64;たった;only;[];0;3;vocab
2720;聖書;23.59;せいしょ;Bible;[888, 349];25;;vocab
2721;しいる;23.59;しいる;Shiiru;[];0;3;vocab
2722;一気に;23.58;いっきに;All at once;[1, 2030];51;;vocab
2723;移行;23.57;いこう;switching over to;[964, 938];26;;vocab
2724;はじめて;23.55;はじめて;first time;[];0;3;vocab
2725;正;23.55;ただし;Positive;[405];17;;vocab
2726;生かす;23.55;いかす;Make use of;[1675];40;;vocab
2727;成績;23.54;せいせき;results;[386, 1662];40;;vocab
2728;通す;23.53;とおす;Pass;[1511];37;;vocab
2729;お茶;23.51;おちゃ;tea;[267];12;;vocab
2730;保つ;23.51;たもつ;keep;[1072];27;;vocab
2731;同じく;23.49;おなじく;Likewise;[192];9;;vocab
2732;勝負;23.49;しょうぶ;victory or defeat;[1294, 67];32;;vocab
2733;翌日;23.48;よくじつ;next day;[617, 12];21;;vocab
2734;票;23.47;ひょう;vote;[1732];41;;vocab
2735;直後;23.46;ちょくご;immediately following;[77, 1479];36;;vocab
2736;左右;23.45;さゆう;left and right;[81, 82];5;;vocab
2737;やがて;23.44;やがて;Eventually;[];0;2;vocab
2738;決勝;23.42;けっしょう;decision of a contest;[1770, 1294];42;;vocab
2739;所属;23.42;しょぞく;attached to;[1208, 2103];53;;vocab
2740;演じる;23.41;えんじる;play;[2163];55;;vocab
2741;恥ずかしい;23.4;はずかしい;Embarrassing;[886];25;;vocab
2742;キャラ;23.4;キャラ;Character;[];0;3;loanword
2743;面倒;23.4;めんどう;trouble;[2039, 1055];51;;vocab
2744;奪う;23.4;うばう;take away;[608];21;;vocab
2745;測定;23.38;そくてい;measurement;[160, 408];17;;vocab
2746;千葉;23.37;ちば;Chiba;[40, 243];10;;vocab
2747;ブック;23.34;ブック;book;[];0;3;loanword
2748;ダイエット;23.34;ダイエット;diet;[];0;3;loanword
2749;提示;23.33;ていじ;presentation;[718, 1167];30;;vocab
2750;救う;23.33;すくう;save;[1006];26;;vocab
2751;弾;23.32;たま;bullets;[2081];53;;vocab
2752;リング;23.31;リング;ring;[];0;3;loanword
2753;材;23.3;ざい;Material;[738];23;;vocab
2754;府;23.27;ふ;prefecture;[1077];27;;vocab
2755;あんまり;23.25;あんまり;Not really;[];0;3;vocab
2756;帯;23.25;おび;band;[444];18;;vocab
2757;たまたま;23.23;たまたま;by chance;[];0;3;vocab
2758;ベッド;23.22;ベッド;bed;[];0;3;loanword
2759;基盤;23.2;きばん;foundation;[1904, 2017];50;;vocab
2760;ものすごい;23.16;ものすごい;Amazing;[];0;3;vocab
2761;見学;23.16;けんがく;inspection;[61, 346];15;;vocab
2762;応募;23.16;おうぼ;application;[653, 925];25;;vocab
2763;ファ;23.15;ファ;Fa;[];0;3;loanword
2764;枠;23.14;わく;frame;[212];10;;vocab
2765;厚生;23.12;こうせい;welfare;[132, 1675];40;;vocab
2766;配置;23.11;はいち;arrangement;[1544, 895];38;;vocab
2767;道具;23.11;どうぐ;tool;[295, 78];13;;vocab
2768;刑事;23.1;けいじ;detective;[734, 1240];31;;vocab
2769;勢い;23.09;いきおい;momentum;[1633];39;;vocab
2770;戻す;23.08;もどす;return;[1162];29;;vocab
2771;対立;23.08;たいりつ;confrontation;[1862, 462];45;;vocab
2772;散歩;23.08;さんぽ;walk;[1273, 397];32;;vocab
2773;とれる;23.08;とれる;Can be taken;[];0;3;vocab
2774;症状;23.06;しょうじょう;symptoms;[1816, 254];44;;vocab
2775;入院;23.06;にゅういん;hospitalization;[842, 1401];35;;vocab
2776;教員;23.05;きょういん;teaching staff;[1343, 59];34;;vocab
2777;キーワード;23.04;キーワード;keyword;[];0;3;loanword
2778;中学;23.01;ちゅうがく;middle school;[39, 346];15;;vocab
2779;表面;22.97;ひょうめん;surface;[1666, 2039];51;;vocab
2780;情勢;22.97;じょうせい;state of things;[1657, 1633];40;;vocab
2781;広島;22.97;ひろしま;Hiroshima;[799, 2098];53;;vocab
2782;列;22.96;れつ;column;[875];25;;vocab
2783;腹;22.95;はら;stomach;[503];18;;vocab
2784;玉;22.93;たま;ball;[272];12;;vocab
2785;レビュー;22.89;レビュー;review;[];0;3;loanword
2786;学会;22.88;がっかい;scientific society;[346, 814];23;;vocab
2787;ニーズ;22.87;ニーズ;needs;[];0;3;loanword
2788;シンプル;22.87;シンプル;simple;[];0;3;loanword
2789;総会;22.87;そうかい;general meeting;[1466, 814];36;;vocab
2790;それに;22.86;それに;And;[];0;3;vocab
2791;うえ;22.86;うえ;noun (top/above);[];0;3;vocab
2792;通;22.86;つう;General;[1511];37;;vocab
2793;銘柄;22.86;めいがら;brand;[293, 1097];27;;vocab
2794;数学;22.85;すうがく;mathematics;[998, 346];26;;vocab
2795;土曜日;22.84;どようび;Saturday;[161, 618, 12];21;;vocab
2796;民;22.82;みん;people;[1976];49;;vocab
2797;やら;22.82;やら;Parallel marker;[];0;3;vocab
2798;承認;22.82;しょうにん;recognition;[2050, 643];51;;vocab
2799;なんとなく;22.81;なんとなく;somehow;[];0;3;vocab
2800;下記;22.8;かき;the following;[51, 568];21;;vocab
2801;侵害;22.8;しんがい;infringement;[1231, 1671];40;;vocab
2802;増;22.8;ぞう;Increase;[541];19;;vocab
2803;受賞;22.8;じゅしょう;winning;[794, 859];25;;vocab
2804;痛み;22.8;いたみ;pain;[1825];44;;vocab
2805;赤字;22.79;あかじ;deficit;[1880, 197];45;;vocab
2806;公;22.79;おおやけ;public;[847];24;;vocab
2807;見かける;22.78;みかける;see;[61];4;;vocab
2808;腰;22.77;こし;waist;[1731];41;;vocab
2809;お世話;22.76;おせわ;Care;[28, 368];15;;vocab
2810;にかけて;22.76;にかけて;By;[];0;3;vocab
2811;次々;22.74;つぎつぎ;in succession;[510];18;;vocab
2812;加工;22.72;かこう;manufacturing;[932, 80];25;;vocab
2813;中村;22.72;なかむら;Nakamura;[39, 221];10;;vocab
2814;書店;22.71;しょてん;bookshop;[349, 632];22;;vocab
2815;こる;22.7;こる;Koru;[];0;3;vocab
2816;緩和;22.69;かんわ;relief;[2102, 963];53;;vocab
2817;マイ;22.68;マイ;My;[];0;3;loanword
2818;眠る;22.67;ねむる;sleep;[1977];49;;vocab
2819;ジャンル;22.66;ジャンル;Genre;[];0;3;loanword
2820;プラン;22.65;プラン;Plan;[];0;3;loanword
2821;お気に入り;22.65;おきにいり;favorite;[2030, 842];51;;vocab
2822;本当は;22.64;ほんとうは;The truth is;[224, 1236];31;;vocab
2823;個性;22.63;こせい;individuality;[1047, 1679];40;;vocab
2824;作戦;22.62;さくせん;tactics;[1224, 2079];53;;vocab
2825;指揮;22.6;しき;command;[711, 715];23;;vocab
2826;技;22.6;わざ;Technique;[769];23;;vocab
2827;たまに;22.6;たまに;sometimes;[];0;2;vocab
2828;たま;22.58;たま;Tama;[];0;3;vocab
2829;誤解;22.57;ごかい;misunderstanding;[2048, 1955];51;;vocab
2830;偶然;22.57;ぐうぜん;chance;[2105, 256];53;;vocab
2831;群;22.57;ぐん;group;[1247];31;;vocab
2832;少々;22.54;しょうしょう;just a minute;[111];7;;vocab
2833;しく;22.53;しく;Shiku;[];0;3;vocab
2834;高まる;22.52;たかまる;rising;[329];14;;vocab
2835;ショック;22.52;ショック;shock;[];0;3;loanword
2836;かう;22.48;かう;buy;[];0;3;vocab
2837;確信;22.45;かくしん;conviction;[609, 1043];27;;vocab
2838;祈る;22.44;いのる;pray;[1209];31;;vocab
2839;意志;22.43;いし;will;[654, 645];22;;vocab
2840;ほる;22.42;ほる;Dig;[];0;3;vocab
2841;捉える;22.42;とらえる;Capture;[1374];34;;vocab
2842;知;22.4;ち;knowledge;[1308];33;;vocab
2843;シート;22.4;シート;Sheet;[];0;3;loanword
2844;休む;22.39;やすむ;rest;[1038];27;;vocab
2845;高校生;22.37;こうこうせい;high school student;[329, 1371, 1675];40;;vocab
2846;きれる;22.35;きれる;Cut;[];0;3;vocab
2847;パス;22.34;パス;path;[];0;3;loanword
2848;ログ;22.33;ログ;log;[];0;4;loanword
2849;カフェ;22.29;カフェ;Cafe;[];0;4;loanword
2850;暮らし;22.27;くらし;living;[247];10;;vocab
2851;勇気;22.27;ゆうき;courage;[1509, 2030];51;;vocab
2852;カテゴリー;22.25;カテゴリー;Categories;[];0;4;loanword
2853;売買;22.25;ばいばい;trade;[345, 894];25;;vocab
2854;公演;22.24;こうえん;public performance;[847, 2163];55;;vocab
2855;画;22.24;が;picture;[1254];31;;vocab
2856;制御;22.19;せいぎょ;control;[447, 1500];37;;vocab
2857;食べ物;22.18;たべもの;food;[1582, 1129];38;;vocab
2858;尋ねる;22.18;たずねる;ask;[1228];31;;vocab
2859;にて;22.17;にて;Compound particle;[];0;3;vocab
2860;キリスト;22.15;キリスト;Christ;[];0;4;loanword
2861;レッスン;22.14;レッスン;lesson;[];0;4;loanword
2862;法則;22.13;ほうそく;law;[813, 92];23;;vocab
2863;作者;22.12;さくしゃ;author;[1224, 1345];34;;vocab
2864;メリット;22.12;メリット;merit;[];0;4;loanword
2865;文句;22.09;もんく;complaint;[1861, 69];45;;vocab
2866;馬鹿;22.08;ばか;fool;[2132, 2154];54;;vocab
2867;生まれ;22.08;うまれ;Born;[1675];40;;vocab
2868;失礼;22.08;しつれい;discourtesy;[908, 1168];30;;vocab
2869;博物館;22.05;はくぶつかん;museum;[48, 1129, 1589];38;;vocab
2870;神社;22.03;じんじゃ;Shinto shrine;[1200, 1173];30;;vocab
2871;予防;22.03;よぼう;prevention;[1719, 1399];41;;vocab
2872;正当;22.03;せいとう;just;[405, 1236];31;;vocab
2873;データベース;22.02;データベース;Database;[];0;4;loanword
2874;レス;22.02;レス;less;[];0;4;loanword
2875;うん;22.01;うん;Yeah;[];0;3;vocab
2876;実家;22.01;じっか;home;[1694, 580];40;;vocab
2877;活性;21.99;かっせい;activity;[154, 1679];40;;vocab
2878;受信;21.99;じゅしん;reception;[794, 1043];27;;vocab
2879;山本;21.98;やまもと;Yamamoto;[830, 224];24;;vocab
2880;自主;21.97;じしゅ;independence;[36, 284];12;;vocab
2881;アンケート;21.96;アンケート;questionnaire;[];0;4;loanword
2882;確率;21.96;かくりつ;probability;[609, 1874];45;;vocab
2883;表明;21.95;ひょうめい;declaration;[1666, 20];40;;vocab
2884;美術館;21.94;びじゅつかん;Art Museum;[587, 1644, 1589];39;;vocab
2885;解消;21.93;かいしょう;cancellation;[1955, 155];48;;vocab
2886;オフィス;21.92;オフィス;Office;[];0;4;loanword
2887;座;21.92;ざ;seat;[1100];27;;vocab
2888;苦手;21.91;にがて;poor;[239, 687];23;;vocab
2889;爆発;21.91;ばくはつ;explosion;[1942, 1840];47;;vocab
2890;欧米;21.9;おうべい;Europe and America;[1834, 987];44;;vocab
2891;肌;21.9;はだ;skin;[70];4;;vocab
2892;信仰;21.89;しんこう;faith;[1043, 1836];44;;vocab
2893;タイミング;21.88;タイミング;timing;[];0;4;loanword
2894;現行;21.88;げんこう;present;[275, 938];25;;vocab
2895;降りる;21.87;おりる;Get off;[1405];35;;vocab
2896;解放;21.86;かいほう;release;[1955, 535];48;;vocab
2897;カバー;21.86;カバー;cover;[];0;4;loanword
2898;ペ;21.75;ペ;P;[];0;;morpheme
2899;発電;21.75;はつでん;generation;[1840, 574];44;;vocab
2900;カット;21.73;カット;cut;[];0;4;loanword
2901;デモ;21.71;デモ;demo;[];0;4;loanword
2902;損害;21.7;そんがい;damage;[719, 1671];40;;vocab
2903;小学生;21.68;しょうがくせい;Elementary school student;[110, 346, 1675];40;;vocab
2904;判る;21.68;わかる;I understand;[1289];32;;vocab
2905;取り組み;21.67;とりくみ;attempt;[882, 1914];47;;vocab
2906;満たす;21.67;みたす;satisfy;[1253];31;;vocab
2907;トレーニング;21.66;トレーニング;training;[];0;4;loanword
2908;アフリカ;21.66;アフリカ;Africa;[];0;4;loanword
2909;踊る;21.65;おどる;dance;[1512];37;;vocab
2910;悪;21.64;わる;evil;[1951];48;;vocab
2911;妹;21.63;いもうと;younger sister;[234];10;;vocab
2912;競馬;21.63;けいば;horse racing;[465, 2132];54;;vocab
2913;運命;21.63;うんめい;fate;[325, 1502];37;;vocab
2914;個々;21.6;ここ;individual;[1047];27;;vocab
2915;噂;21.6;うわさ;rumor;[9999];99;;vocab
2916;コンピューター;21.59;コンピューター;computer;[];0;4;loanword
2917;経費;21.59;けいひ;expenses;[1460, 1326];36;;vocab
2918;アル;21.59;アル;Al;[];0;4;loanword
2919;招く;21.58;まねく;invite;[702];23;;vocab
2920;ええ;21.58;ええ;Yeah;[];0;3;vocab
2921;本書;21.57;ほんしょ;text;[224, 349];15;;vocab
2922;週刊;21.57;しゅうかん;published weekly;[340, 1779];43;;vocab
2923;建てる;21.57;たてる;build;[417];17;;vocab
2924;原;21.55;はら;original;[142];8;;vocab
2925;仕様;21.55;しよう;way;[1033, 1003];27;;vocab
2926;マンガ;21.55;マンガ;Manga;[];0;4;loanword
2927;園;21.54;えん;garden;[629];22;;vocab
2928;電力;21.54;でんりょく;electric power;[574, 922];25;;vocab
2929;オフ;21.52;オフ;off;[];0;4;loanword
2930;発達;21.51;はったつ;development;[1840, 591];44;;vocab
2931;来;21.51;き;Next;[2029];51;;vocab
2932;矛盾;21.49;むじゅん;contradiction;[1311, 1997];50;;vocab
2933;ハウス;21.48;ハウス;House;[];0;4;loanword
2934;性能;21.48;せいのう;ability;[1679, 2160];54;;vocab
2935;立派;21.48;りっぱ;splendid;[462, 1999];50;;vocab
2936;役員;21.45;やくいん;officer;[949, 59];25;;vocab
2937;大いに;21.45;おおいに;Very much;[112];7;;vocab
2938;影;21.44;かげ;shadow;[1848];45;;vocab
2939;象徴;21.44;しょうちょう;symbol;[2130, 952];53;;vocab
2940;性質;21.44;せいしつ;nature;[1679, 1219];40;;vocab
2941;送信;21.43;そうしん;transmission;[2172, 1043];55;;vocab
2942;勝;21.43;かち;Victory;[1294];32;;vocab
2943;わが国;21.42;わがくに;Japan;[624];22;;vocab
2944;あえて;21.4;あえて;Dare;[];0;3;vocab
2945;あー;21.39;あー;ah;[];0;3;vocab
2946;上手;21.39;じょうず;skill;[50, 687];23;;vocab
2947;圧力;21.38;あつりょく;pressure;[163, 922];25;;vocab
2948;風邪;21.37;かぜ;common cold;[563, 2055];52;;vocab
2949;アウト;21.36;アウト;Out;[];0;4;loanword
2950;スキル;21.35;スキル;skill;[];0;4;loanword
2951;得意;21.33;とくい;triumph;[941, 654];25;;vocab
2952;温度;21.31;おんど;temperature;[1560, 1278];38;;vocab
2953;初心者;21.3;しょしんしゃ;beginner;[431, 639, 1345];34;;vocab
2954;一生懸命;21.3;いっしょうけんめい;try as hard as one can;[1, 1675, 1495, 1502];40;;vocab
2955;香港;21.29;ほんこん;Hong Kong;[977, 1940];47;;vocab
2956;急ぐ;21.28;いそぐ;Hurry;[1229];31;;vocab
2957;必死;21.28;ひっし;frantic;[685, 878];25;;vocab
2958;ラーメン;21.27;ラーメン;ramen;[];0;4;loanword
2959;わざわざ;21.27;わざわざ;deliberately;[];0;3;vocab
2960;そうすると;21.25;そうすると;So then;[];0;3;vocab
2961;ゴミ;21.24;ゴミ;rubbish;[];0;4;loanword
2962;ギター;21.24;ギター;guitar;[];0;4;loanword
2963;だける;21.24;だける;Only;[];0;3;vocab
2964;具合;21.24;ぐあい;condition;[78, 269];12;;vocab
2965;橋;21.23;はし;bridge;[460];18;;vocab
2966;神経;21.2;しんけい;nerve;[1200, 1460];36;;vocab
2967;作用;21.2;さよう;action;[1224, 1265];31;;vocab
2968;いわば;21.19;いわば;In other words;[];0;3;vocab
2969;庭;21.18;にわ;garden;[634];22;;vocab
2970;本物;21.18;ほんもの;genuine article;[224, 1129];29;;vocab
2971;過ぎ;21.17;すぎ;past;[1389];34;;vocab
2972;意義;21.16;いぎ;meaning;[654, 691];23;;vocab
2973;抑える;21.14;おさえる;suppress;[1835];44;;vocab
2974;新宿;21.14;しんじゅく;Shinjuku;[1619, 1070];39;;vocab
2975;ライフ;21.12;ライフ;life;[];0;4;loanword
2976;延長;21.12;えんちょう;extension;[419, 2070];52;;vocab
2977;観客;21.11;かんきゃく;audience;[614, 315];21;;vocab
2978;深刻;21.05;しんこく;serious;[1426, 1639];39;;vocab
2979;ファンド;21.05;ファンド;fund;[];0;4;loanword
2980;恐ろしい;21.04;おそろしい;terrible;[660];22;;vocab
2981;路線;21.03;ろせん;route;[1376, 1438];36;;vocab
2982;又;21.03;また;also;[752];23;;vocab
2983;マシン;21.02;マシン;Machine;[];0;4;loanword
2984;武器;21.02;ぶき;weapon;[403, 127];17;;vocab
2985;取締役;21.0;とりしまりやく;Director;[882, 1440, 949];36;;vocab
2986;ほんの;21.0;ほんの;only;[];0;3;vocab
2987;方面;20.99;ほうめん;direction;[529, 2039];51;;vocab
2988;盛り上がる;20.98;もりあがる;get excited;[1567, 50];38;;vocab
2989;自立;20.97;じりつ;independence;[36, 462];18;;vocab
2990;荷物;20.97;にもつ;luggage;[1088, 1129];29;;vocab
2991;録;20.97;ろく;Record;[1226];31;;vocab
2992;ローン;20.97;ローン;loan;[];0;4;loanword
2993;直前;20.95;ちょくぜん;just before;[77, 309];13;;vocab
2994;見直し;20.94;みなおし;look over;[61, 77];5;;vocab
2995;既存;20.92;きそん;existing;[1593, 739];38;;vocab
2996;部品;20.92;ぶひん;parts;[1988, 23];49;;vocab
2997;アイデア;20.9;アイデア;Idea;[];0;4;loanword
2998;モン;20.9;モン;Mon;[];0;4;loanword
2999;かな;20.89;かな;kana;[];0;3;vocab
3000;負う;20.89;おう;bear;[67];4;;vocab
3001;ゆう;20.88;ゆう;excellent;[];0;3;vocab
3002;幹部;20.88;かんぶ;management;[1783, 1988];49;;vocab
3003;相変わらず;20.88;あいかわらず;As usual;[222, 1882];45;;vocab
3004;殆ど;20.87;ほとんど;Almost;[9999];99;;vocab
3005;本気;20.87;ほんき;seriousness;[224, 2030];51;;vocab
3006;最適;20.86;さいてき;optimum;[884, 473];25;;vocab
3007;きく;20.84;きく;listen;[];0;3;vocab
3008;地下;20.84;ちか;basement;[554, 51];21;;vocab
3009;慎重;20.84;しんちょう;careful;[677, 1805];43;;vocab
3010;アート;20.83;アート;art;[];0;4;loanword
3011;悩み;20.82;なやみ;worries;[2085];53;;vocab
3012;ずいぶん;20.8;ずいぶん;Quite a lot;[];0;3;vocab
3013;もしか;20.8;もしか;Maybe;[];0;3;vocab
3014;学問;20.79;がくもん;scholarship;[346, 1744];42;;vocab
3015;髪;20.78;かみ;hair;[2074];52;;vocab
3016;見通し;20.78;みとおし;Outlook;[61, 1511];37;;vocab
3017;導く;20.78;みちびく;lead;[296];13;;vocab
3018;伸ばす;20.77;のばす;stretch;[1199];30;;vocab
3019;マニュアル;20.76;マニュアル;manual;[];0;4;loanword
3020;進出;20.76;しんしゅつ;advance;[603, 829];24;;vocab
3021;劇;20.76;げき;play;[2152];54;;vocab
3022;為替;20.76;かわせ;money order;[2067, 905];52;;vocab
3023;久々;20.75;ひさびさ;long time;[1092];27;;vocab
3024;エリア;20.75;エリア;area;[];0;4;loanword
3025;丁寧;20.74;ていねい;polite;[95, 897];25;;vocab
3026;総裁;20.74;そうさい;president;[1466, 424];36;;vocab
3027;視聴;20.73;しちょう;looking and listening;[1174, 890];30;;vocab
3028;あがる;20.73;あがる;rise;[];0;3;vocab
3029;我が;20.73;わが;my;[690];23;;vocab
3030;かた;20.71;かた;noun (way of doing);[];0;3;vocab
3031;産;20.7;さん;Production;[1681];40;;vocab
3032;かしら;20.7;かしら;Sentence ending particle;[];0;3;vocab
3033;袋;20.69;ふくろ;bag;[1081];27;;vocab
3034;歯;20.69;は;teeth;[1255];31;;vocab
3035;格差;20.69;かくさ;qualitative difference;[312, 593];21;;vocab
3036;区別;20.67;くべつ;distinction;[1831, 94];44;;vocab
3037;カレー;20.65;カレー;curry;[];0;4;loanword
3038;支払い;20.65;しはらい;payment;[768, 798];23;;vocab
3039;塩;20.65;しお;salt;[1568];38;;vocab
3040;休日;20.64;きゅうじつ;holiday;[1038, 12];27;;vocab
3041;当社;20.64;とうしゃ;shrine;[1236, 1173];31;;vocab
3042;解析;20.63;かいせき;analysis;[1955, 1207];48;;vocab
3043;課;20.62;か;Division;[1204];30;;vocab
3044;投げる;20.61;なげる;throw;[762];23;;vocab
3045;上司;20.61;じょうし;superior authorities;[50, 2007];50;;vocab
3046;耐える;20.59;たえる;endure;[1248];31;;vocab
3047;民営;20.59;みんえい;private management;[1976, 1111];49;;vocab
3048;法的;20.59;ほうてき;legal;[813, 73];23;;vocab
3049;呂;20.58;りょ;Lu;[24];2;;vocab
3050;周年;20.58;しゅうねん;whole year;[339, 1114];28;;vocab
3051;よー;20.57;よー;Yo;[];0;3;vocab
3052;従って;20.55;したがって;Therefore;[942];25;;vocab
3053;医;20.53;い;medicine;[1829];44;;vocab
3054;吹く;20.52;ふく;blow;[506];18;;vocab
3055;しばしば;20.52;しばしば;often;[];0;3;vocab
3056;兄弟;20.52;きょうだい;siblings;[107, 1328];33;;vocab
3057;だいたい;20.51;だいたい;almost;[];0;3;vocab
3058;競技;20.51;きょうぎ;game;[465, 769];23;;vocab
3059;辺り;20.51;あたり;Around;[302];13;;vocab
3060;弾く;20.48;ひく;play;[2081];53;;vocab
3061;当事者;20.48;とうじしゃ;party;[1236, 1240, 1345];34;;vocab
3062;素直;20.48;すなお;obedient;[1652, 77];40;;vocab
3063;決算;20.44;けっさん;balance sheet;[1770, 1017];42;;vocab
3064;スクール;20.44;スクール;School;[];0;4;loanword
3065;あたる;20.44;あたる;Hit;[];0;3;vocab
3066;はるか;20.43;はるか;Haruka;[];0;3;vocab
3067;すむ;20.41;すむ;Sum;[];0;3;vocab
3068;アーティスト;20.4;アーティスト;Artist;[];0;4;loanword
3069;大衆;20.4;たいしゅう;general public;[112, 2001];50;;vocab
3070;回す;20.4;まわす;turn;[630];22;;vocab
3071;人事;20.39;じんじ;personnel affairs;[1023, 1240];31;;vocab
3072;勢力;20.39;せいりょく;influence;[1633, 922];39;;vocab
3073;キャンペーン;20.39;キャンペーン;campaign;[];0;4;loanword
3074;不正;20.39;ふせい;injustice;[1302, 405];32;;vocab
3075;議長;20.37;ぎちょう;chairman;[692, 2070];52;;vocab
3076;報酬;20.37;ほうしゅう;remuneration;[1625, 1540];39;;vocab
3077;マーケット;20.37;マーケット;market;[];0;4;loanword
3078;便;20.35;びん;flight;[1066];27;;vocab
3079;応用;20.32;おうよう;application;[653, 1265];31;;vocab
3080;振興;20.32;しんこう;promotion;[2167, 1533];55;;vocab
3081;ソ連;20.31;それん;Soviet Union;[305];13;;vocab
3082;だんだん;20.31;だんだん;gradually;[];0;2;vocab
3083;変換;20.3;へんかん;change;[1882, 1122];45;;vocab
3084;減らす;20.29;へらす;reduce;[391];16;;vocab
3085;連邦;20.29;れんぽう;commonwealth;[305, 1991];49;;vocab
3086;衝撃;20.29;しょうげき;shock;[1811, 766];43;;vocab
3087;レコード;20.29;レコード;record;[];0;4;loanword
3088;今朝;20.29;けさ;this morning;[1711, 53];41;;vocab
3089;権限;20.26;けんげん;power;[613, 1576];38;;vocab
3090;充分;20.26;じゅうぶん;plenty;[823, 844];24;;vocab
3091;きわめて;20.24;きわめて;Extremely;[];0;3;vocab
3092;動向;20.23;どうこう;trend;[1806, 195];43;;vocab
3093;丸;20.22;まる;Circle;[44];3;;vocab
3094;ノウハウ;20.2;ノウハウ;Know-how;[];0;4;loanword
3095;まい;20.2;まい;Auxiliary;[];0;;morpheme
3096;あくまで;20.19;あくまで;To the end;[];0;3;vocab
3097;怒り;20.17;いかり;anger;[759];23;;vocab
3098;掲げる;20.17;かかげる;raise;[726];23;;vocab
3099;さる;20.17;さる;Monkey;[];0;3;vocab
3100;療法;20.16;りょうほう;remedy;[1845, 813];44;;vocab
3101;搭載;20.15;とうさい;loading;[698, 383];23;;vocab
3102;収益;20.15;しゅうえき;earnings;[1628, 2026];51;;vocab
3103;それだけ;20.15;それだけ;That's all;[];0;3;vocab
3104;どんなに;20.15;どんなに;no matter how;[];0;3;vocab
3105;人数;20.14;にんずう;the number of people;[1023, 998];27;;vocab
3106;縁;20.14;えん;edge;[1472];36;;vocab
3107;ほんとう;20.14;ほんとう;really;[];0;3;vocab
3108;政党;20.13;せいとう;political party;[407, 860];25;;vocab
3109;違法;20.13;いほう;illegal;[1773, 813];42;;vocab
3110;スケジュール;20.12;スケジュール;schedule;[];0;4;loanword
3111;とくに;20.12;とくに;especially;[];0;3;vocab
3112;寂しい;20.09;さびしい;lonely;[777];23;;vocab
3113;来週;20.09;らいしゅう;next week;[2029, 340];51;;vocab
3114;オランダ;20.09;オランダ;Netherlands;[];0;4;loanword
3115;本体;20.07;ほんたい;substance;[224, 1030];27;;vocab
3116;塾;20.05;じゅく;cram school;[331];14;;vocab
3117;骨;20.05;ほね;bone;[1383];34;;vocab
3118;我慢;20.05;がまん;patience;[690, 892];25;;vocab
3119;一生;20.04;いっしょう;whole life;[1, 1675];40;;vocab
3120;原作;20.03;げんさく;original work;[142, 1224];31;;vocab
3121;ベトナム;20.01;ベトナム;Vietnam;[];0;4;loanword
3122;底;20.01;そこ;bottom;[1975];49;;vocab
3123;仮に;19.99;かりに;Suppose;[1039];27;;vocab
3124;書き込む;19.99;かきこむ;Write;[349, 843];24;;vocab
3125;ワーク;19.99;ワーク;Work;[];0;4;loanword
3126;たいへん;19.99;たいへん;very much;[];0;3;vocab
3127;強力;19.99;きょうりょく;powerful;[1321, 922];33;;vocab
3128;お尋ね;19.98;おたずね;Inquiry;[1228];31;;vocab
3129;コミュニティ;19.94;コミュニティ;community;[];0;4;loanword
3130;箇所;19.94;かしょ;passage;[2185, 1208];56;;vocab
3131;達す;19.94;たっす;reach;[591];21;;vocab
3132;族;19.94;ぞく;tribe;[1307];33;;vocab
3133;陥る;19.94;おちいる;fall into;[1412];35;;vocab
3134;貰う;19.93;もらう;receive;[9999];99;;vocab
3135;圧倒的;19.92;あっとうてき;Overwhelming;[163, 1055, 73];27;;vocab
3136;高橋;19.92;たかはし;Takahashi;[329, 460];18;;vocab
3137;免許;19.9;めんきょ;license;[2126, 611];53;;vocab
3138;ユーロ;19.9;ユーロ;EUR;[];0;4;loanword
3139;付け;19.88;つけ;Add;[1075];27;;vocab
3140;港;19.88;みなと;port;[1940];47;;vocab
3141;聖;19.87;きよし;holy;[888];25;;vocab
3142;アドレス;19.84;アドレス;address;[];0;4;loanword
3143;移る;19.82;うつる;Move;[964];26;;vocab
3144;実力;19.81;じつりょく;ability;[1694, 922];40;;vocab
3145;裁判官;19.81;さいばんかん;judge;[424, 1289, 1363];34;;vocab
3146;云う;19.8;いう;say;[9999];99;;vocab
3147;なぜなら;19.8;なぜなら;because;[];0;3;vocab
3148;恋人;19.8;こいびと;lover;[1885, 1023];45;;vocab
3149;首都;19.8;しゅと;capital city;[74, 1989];49;;vocab
3150;質疑;19.77;しつぎ;question;[1219, 1513];37;;vocab
3151;なるほど;19.76;なるほど;I see;[];0;2;vocab
3152;住所;19.75;じゅうしょ;address;[1027, 1208];31;;vocab
3153;防ぐ;19.75;ふせぐ;prevent;[1399];35;;vocab
3154;へん;19.75;へん;weird;[];0;3;vocab
3155;書ける;19.74;かける;Can write;[349];15;;vocab
3156;歓迎;19.74;かんげい;welcome;[612, 1837];44;;vocab
3157;なにか;19.74;なにか;something;[];0;4;vocab
3158;あたし;19.73;あたし;I;[];0;4;vocab
3159;子育て;19.72;こそだて;Childrearing;[99, 821];23;;vocab
3160;黒い;19.71;くろい;black;[186];9;;vocab
3161;懐かしい;19.7;なつかしい;nostalgic;[891];25;;vocab
3162;順;19.7;じゅん;order;[136];8;;vocab
3163;韻;19.67;いん;rhyme;[520];19;;vocab
3164;作曲;19.67;さっきょく;composition;[1224, 1256];31;;vocab
3165;失業;19.66;しつぎょう;unemployment;[908, 1931];47;;vocab
3166;太郎;19.66;たろう;Taro;[126, 1995];49;;vocab
3167;ぼる;19.65;ぼる;Boru;[];0;4;vocab
3168;客観;19.64;きゃっかん;object;[315, 614];21;;vocab
3169;田舎;19.62;いなか;rural area;[14, 338];14;;vocab
3170;任せる;19.62;まかせる;Leave it to me;[1078];27;;vocab
3171;鍵;19.61;かぎ;key;[418];17;;vocab
3172;勿論;19.6;もちろん;Of course;[1128, 1961];48;;vocab
3173;指す;19.6;さす;point;[711];23;;vocab
3174;リン;19.58;リン;Phosphorus;[];0;4;loanword
3175;同社;19.55;どうしゃ;the same firm;[192, 1173];30;;vocab
3176;売上;19.54;うりあげ;amount sold;[345, 50];14;;vocab
3177;リアル;19.54;リアル;Real;[];0;4;loanword
3178;倫理;19.53;りんり;ethics;[1962, 283];48;;vocab
3179;中古;19.52;ちゅうこ;used;[39, 16];3;;vocab
3180;卵;19.5;たまご;egg;[1526];37;;vocab
3181;見つめる;19.5;みつめる;stare;[61];4;;vocab
3182;朝日;19.5;あさひ;morning sun;[53, 12];3;;vocab
3183;高級;19.5;こうきゅう;high class;[329, 1453];36;;vocab
3184;消す;19.5;けす;erase;[155];8;;vocab
3185;辞書;19.5;じしょ;dictionary;[1613, 349];39;;vocab
3186;市長;19.49;しちょう;mayor;[440, 2070];52;;vocab
3187;一種;19.49;いっしゅ;species;[1, 1810];43;;vocab
3188;入門;19.48;にゅうもん;primer;[842, 1743];42;;vocab
3189;そういえば;19.48;そういえば;Speaking of which;[];0;4;vocab
3190;キャラクター;19.48;キャラクター;character;[];0;4;loanword
3191;出張;19.48;しゅっちょう;official tour;[829, 2071];52;;vocab
3192;苦しい;19.48;くるしい;painful;[239];10;;vocab
3193;夕食;19.47;ゆうしょく;evening meal;[114, 1582];38;;vocab
3194;叩く;19.45;たたく;hit;[9999];99;;vocab
3195;存じる;19.44;ぞんじる;know;[739];23;;vocab
3196;ダウン;19.43;ダウン;down;[];0;4;loanword
3197;深夜;19.43;しんや;late at night;[1426, 1115];35;;vocab
3198;協定;19.43;きょうてい;arrangement;[937, 408];25;;vocab
3199;癒す;19.43;いやす;heal;[2193];56;;vocab
3200;買える;19.4;かえる;Can be purchased;[894];25;;vocab
3201;半年;19.4;はんとし;half year;[1286, 1114];32;;vocab
3202;息;19.39;いき;breath;[657];22;;vocab
3203;豊富;19.39;ほうふ;abundance;[1551, 205];38;;vocab
3204;身近;19.37;みぢか;near oneself;[1337, 1210];34;;vocab
3205;たく;19.37;たく;Taku;[];0;4;vocab
3206;うつ;19.37;うつ;depression;[];0;4;vocab
3207;物件;19.33;ぶっけん;article;[1129, 1032];29;;vocab
3208;ハード;19.32;ハード;hard;[];0;4;loanword
3209;余り;19.31;あまり;remainder;[1786];43;;vocab
3210;着;19.29;ちゃく;arrival;[594];21;;vocab
3211;優秀;19.28;ゆうしゅう;superiority;[1068, 980];27;;vocab
3212;加わる;19.26;くわわる;join;[932];25;;vocab
3213;弟;19.25;おとうと;younger brother;[1328];33;;vocab
3214;角;19.25;かく;corner;[1953];48;;vocab
3215;面接;19.25;めんせつ;interview;[2039, 725];51;;vocab
3216;部隊;19.24;ぶたい;force;[1988, 1403];49;;vocab
3217;マレーシア;19.23;マレーシア;Malaysia;[];0;4;loanword
3218;すぎ;19.23;すぎ;Too much;[];0;4;vocab
3219;ハワイ;19.22;ハワイ;Hawaii;[];0;4;loanword
3220;給与;19.22;きゅうよ;pay;[1449, 1335];36;;vocab
3221;明;19.2;あきら;Akira;[20];2;;vocab
3222;尽くす;19.19;つくす;Do your best;[1152];29;;vocab
3223;咲く;19.18;さく;bloom;[2174];55;;vocab
3224;発音;19.18;はつおん;pronunciation;[1840, 518];44;;vocab
3225;配布;19.17;はいふ;distribution;[1544, 433];38;;vocab
3226;同意;19.16;どうい;agreement;[192, 654];22;;vocab
3227;オススメ;19.16;オススメ;Recommend;[];0;4;loanword
3228;交付;19.15;こうふ;delivering;[1368, 1075];34;;vocab
3229;ありがたい;19.15;ありがたい;thank you;[];0;4;vocab
3230;ワ;19.14;ワ;Wa;[];0;;morpheme
3231;並べる;19.14;ならべる;Line up;[1924];47;;vocab
3232;保有;19.14;ほゆう;possession;[1072, 83];27;;vocab
3233;課長;19.13;かちょう;section manager;[1204, 2070];52;;vocab
3234;こだわる;19.11;こだわる;Be particular;[];0;4;vocab
3235;体系;19.11;たいけい;system;[1030, 1492];36;;vocab
3236;ユダヤ;19.09;ユダヤ;Jewish;[];0;4;loanword
3237;同一;19.08;どういつ;identity;[192, 1];9;;vocab
3238;加藤;19.07;かとう;Kato;[932, 1295];32;;vocab
3239;官僚;19.07;かんりょう;bureaucrat;[1363, 1842];44;;vocab
3240;列車;19.06;れっしゃ;train;[875, 304];25;;vocab
3241;茶;19.05;ちゃ;tea;[267];12;;vocab
3242;朝日新聞;19.04;あさひしんぶん;Asahi Shimbun;[53, 12, 1619, 1754];42;;vocab
3243;構想;19.04;こうそう;plan;[1959, 656];48;;vocab
3244;陣;19.03;じん;camp;[1402];35;;vocab
3245;口座;19.03;こうざ;account;[11, 1100];27;;vocab
3246;説得;19.03;せっとく;persuasion;[538, 941];25;;vocab
3247;決議;19.01;けつぎ;resolution;[1770, 692];42;;vocab
3248;地位;19.01;ちい;position;[554, 1028];27;;vocab
3249;完了;18.99;かんりょう;completion;[199, 101];9;;vocab
3250;進歩;18.99;しんぽ;progress;[603, 397];21;;vocab
3251;追求;18.98;ついきゅう;pursuing;[1359, 1004];34;;vocab
3252;続き;18.98;つづき;continuation;[1445];36;;vocab
3253;欄;18.97;らん;column;[1756];42;;vocab
3254;和;18.97;わ;sum;[963];26;;vocab
3255;カ月;18.97;かげつ;months;[13];1;;vocab
3256;乗せる;18.97;のせる;to ride;[1709];40;;vocab
3257;燃料;18.94;ねんりょう;fuel;[549, 1262];31;;vocab
3258;あわせる;18.94;あわせる;Match;[];0;4;vocab
3259;ご存知;18.94;ごぞんじ;You know;[739, 1308];33;;vocab
3260;壊れる;18.93;こわれる;break;[427];18;;vocab
3261;排除;18.93;はいじょ;exclusion;[1762, 1787];43;;vocab
3262;ポスト;18.93;ポスト;post;[];0;4;loanword
3263;解除;18.93;かいじょ;cancellation;[1955, 1787];48;;vocab
3264;好み;18.92;このみ;Preferences;[103];6;;vocab
3265;加入;18.92;かにゅう;becoming a member;[932, 842];25;;vocab
3266;側面;18.92;そくめん;side;[1049, 2039];51;;vocab
3267;開設;18.92;かいせつ;establishment;[1750, 765];42;;vocab
3268;辞める;18.91;やめる;Quit;[1613];39;;vocab
3269;在庫;18.9;ざいこ;inventory;[740, 633];23;;vocab
3270;とらえる;18.88;とらえる;Capture;[];0;4;vocab
3271;離婚;18.88;りこん;divorce;[1605, 1972];49;;vocab
3272;回収;18.87;かいしゅう;collection;[630, 1628];39;;vocab
3273;っけ;18.87;っけ;Hey;[];0;4;vocab
3274;生む;18.87;うむ;give birth;[1675];40;;vocab
3275;ドライブ;18.86;ドライブ;drive;[];0;4;loanword
3276;あちこち;18.86;あちこち;Here and there;[];0;4;vocab
3277;鏡;18.85;かがみ;mirror;[522];19;;vocab
3278;当該;18.84;とうがい;appropriate;[1236, 1640];39;;vocab
3279;移転;18.84;いてん;moving;[964, 449];26;;vocab
3280;全般;18.83;ぜんぱん;whole;[281, 2016];50;;vocab
3281;ウイルス;18.83;ウイルス;virus;[];0;4;loanword
3282;全面;18.82;ぜんめん;whole surface;[281, 2039];51;;vocab
3283;非難;18.81;ひなん;criticism;[1760, 1703];42;;vocab
3284;修理;18.81;しゅうり;repairing;[1858, 283];45;;vocab
3285;集合;18.79;しゅうごう;gathering;[601, 269];21;;vocab
3286;誘う;18.78;さそう;Invite;[982];26;;vocab
3287;音声;18.75;おんせい;voice;[518, 2044];51;;vocab
3288;視;18.75;み;vision;[1174];30;;vocab
3289;施行;18.75;しこう;execution;[1124, 938];29;;vocab
3290;増す;18.75;ます;Increase;[541];19;;vocab
3291;共に;18.73;ともに;both;[1934];47;;vocab
3292;効く;18.72;きく;It works;[1369];34;;vocab
3293;カウンター;18.72;カウンター;counter;[];0;4;loanword
3294;文明;18.71;ぶんめい;civilization;[1861, 20];45;;vocab
3295;流行;18.7;りゅうこう;fashion;[826, 938];25;;vocab
3296;ジャパン;18.69;ジャパン;Japan;[];0;4;loanword
3297;不良;18.68;ふりょう;badness;[1302, 1578];38;;vocab
3298;美術;18.68;びじゅつ;art;[587, 1644];39;;vocab
3299;三つ;18.68;みっつ;three;[3];1;;vocab
3300;名誉;18.67;めいよ;honor;[117, 2089];53;;vocab
3301;田;18.67;た;Field;[14];1;;vocab
3302;変動;18.67;へんどう;change;[1882, 1806];45;;vocab
3303;都道府県;18.67;とどうふけん;prefectures;[1989, 295, 1077, 552];49;;vocab
3304;ちょっとした;18.67;ちょっとした;A little;[];0;4;vocab
3305;逆に;18.67;ぎゃくに;vice versa;[2109];53;;vocab
3306;ケーキ;18.66;ケーキ;cake;[];0;4;loanword
3307;受講;18.65;じゅこう;lectures;[794, 1957];48;;vocab
3308;商店;18.65;しょうてん;shop;[471, 632];22;;vocab
3309;伝説;18.63;でんせつ;tradition;[1036, 538];27;;vocab
3310;言;18.61;げん;words;[357];15;;vocab
3311;堂;18.6;どう;Hall;[861];25;;vocab
3312;輝く;18.59;かがやく;Shine;[324];14;;vocab
3313;マイクロソフト;18.58;マイクロソフト;Microsoft;[];0;4;loanword
3314;再開;18.56;さいかい;reopening;[1956, 1750];48;;vocab
3315;休憩;18.56;きゅうけい;rest;[1038, 658];27;;vocab
3316;握る;18.56;にぎる;Grip;[1139];29;;vocab
3317;松本;18.56;まつもと;Matsumoto;[848, 224];24;;vocab
3318;階級;18.55;かいきゅう;class;[1406, 1453];36;;vocab
3319;公的;18.55;こうてき;public;[847, 73];24;;vocab
3320;江戸;18.54;えど;Edo;[148, 1157];29;;vocab
3321;キャリア;18.54;キャリア;Career;[];0;4;loanword
3322;転職;18.54;てんしょく;change of occupation;[449, 887];25;;vocab
3323;ライト;18.52;ライト;Light;[];0;4;loanword
3324;先進;18.52;せんしん;seniority;[263, 603];21;;vocab
3325;遺伝子;18.51;いでんし;gene;[1909, 1036, 99];46;;vocab
3326;農家;18.51;のうか;farmer;[2170, 580];55;;vocab
3327;総務;18.5;そうむ;general affairs;[1466, 1313];36;;vocab
3328;雲;18.49;くも;cloud;[452];18;;vocab
3329;税込;18.48;ぜいこみ;tax included;[961, 843];26;;vocab
3330;油;18.48;あぶら;oil;[1188];30;;vocab
3331;アプローチ;18.48;アプローチ;approach;[];0;4;loanword
3332;濃い;18.48;こい;dark;[2171];55;;vocab
3333;ないし;18.48;ないし;Or;[];0;4;vocab
3334;あくまでも;18.48;あくまでも;Ultimately;[];0;4;vocab
3335;当てる;18.47;あてる;hit;[1236];31;;vocab
3336;ワールド;18.47;ワールド;World;[];0;4;loanword
3337;お父さん;18.47;おとうさん;father;[1366];34;;vocab
3338;小林;18.45;こばやし;Kobayashi;[110, 208];10;;vocab
3339;デビュー;18.43;デビュー;debut;[];0;4;loanword
3340;紛争;18.43;ふんそう;dispute;[1458, 1238];36;;vocab
3341;ステップ;18.43;ステップ;Steps;[];0;4;loanword
3342;決意;18.42;けつい;decision;[1770, 654];42;;vocab
3343;オン;18.41;オン;on;[];0;4;loanword
3344;一杯;18.41;いちはい;one cup;[1, 1304];32;;vocab
3345;移民;18.4;いみん;emigration;[964, 1976];49;;vocab
3346;ロード;18.4;ロード;load;[];0;4;loanword
3347;プロフィール;18.4;プロフィール;profile;[];0;4;loanword
3348;ローマ;18.4;ローマ;Rome;[];0;4;loanword
3349;毎週;18.39;まいしゅう;every week;[497, 340];18;;vocab
3350;ダンス;18.39;ダンス;dance;[];0;4;loanword
3351;伊藤;18.36;いとう;Ito;[1245, 1295];32;;vocab
3352;階段;18.35;かいだん;stairs;[1406, 2003];50;;vocab
3353;損;18.35;そん;loss;[719];23;;vocab
3354;施策;18.35;しさく;policy;[1124, 1019];29;;vocab
3355;被;18.34;ひ;covered;[870];25;;vocab
3356;男子;18.34;だんし;youth;[923, 99];25;;vocab
3357;渋谷;18.34;しぶや;Shibuya;[1875, 851];45;;vocab
3358;育児;18.34;いくじ;childcare;[821, 62];23;;vocab
3359;学部;18.33;がくぶ;department of a university;[346, 1988];49;;vocab
3360;ボク;18.33;ボク;Me;[];0;4;loanword
3361;懸念;18.33;けねん;worry;[1495, 1715];41;;vocab
3362;買収;18.32;ばいしゅう;acquisition;[894, 1628];39;;vocab
3363;不幸;18.31;ふこう;unhappiness;[1302, 1622];39;;vocab
3364;知恵;18.3;ちえ;wisdom;[1308, 659];33;;vocab
3365;沿う;18.3;そう;Follow;[858];24;;vocab
3366;冷たい;18.3;つめたい;cold;[1506];37;;vocab
3367;快適;18.29;かいてき;pleasant;[1771, 473];42;;vocab
3368;柱;18.28;はしら;pillar;[286];12;;vocab
3369;ファッション;18.28;ファッション;fashion;[];0;4;loanword
3370;パパ;18.28;パパ;Dad;[];0;4;loanword
3371;苦しむ;18.27;くるしむ;suffer;[239];10;;vocab
3372;軸;18.26;じく;shaft;[1193];30;;vocab
3373;畑;18.26;はたけ;field;[178];8;;vocab
3374;行事;18.25;ぎょうじ;event;[938, 1240];31;;vocab
3375;金曜日;18.24;きんようび;Friday;[287, 618, 12];21;;vocab
3376;うーん;18.24;うーん;Hmm;[];0;4;vocab
3377;サイン;18.23;サイン;sign;[];0;4;loanword
3378;考察;18.23;こうさつ;consideration;[1341, 1184];34;;vocab
3379;リズム;18.21;リズム;rhythm;[];0;4;loanword
3380;成り立つ;18.2;なりたつ;It holds;[386, 462];18;;vocab
3381;ドメイン;18.19;ドメイン;domain;[];0;4;loanword
3382;体調;18.18;たいちょう;physical condition;[1030, 373];27;;vocab
3383;手数料;18.17;てすうりょう;commission;[687, 998, 1262];31;;vocab
3384;例外;18.16;れいがい;exception;[1046, 116];27;;vocab
3385;兵器;18.16;へいき;arms;[1429, 127];35;;vocab
3386;眼;18.15;め;eye;[1577];38;;vocab
3387;解る;18.15;わかる;Understand;[1955];48;;vocab
3388;中止;18.14;ちゅうし;suspension;[39, 396];17;;vocab
3389;債権;18.14;さいけん;credit;[1664, 613];40;;vocab
3390;主婦;18.13;しゅふ;housewife;[284, 1234];31;;vocab
3391;証;18.13;あかし;proof;[406];17;;vocab
3392;賠償;18.12;ばいしょう;reparations;[515, 1060];27;;vocab
3393;融資;18.11;ゆうし;financing;[1123, 512];28;;vocab
3394;カップ;18.11;カップ;cup;[];0;4;loanword
3395;奥さん;18.1;おくさん;Wife;[997];26;;vocab
3396;暖かい;18.09;あたたかい;warm;[2099];53;;vocab
3397;しょ;18.09;しょ;Sho;[];0;4;vocab
3398;理念;18.08;りねん;ideal;[283, 1715];41;;vocab
3399;発射;18.08;はっしゃ;firing;[1840, 1338];44;;vocab
3400;公正;18.07;こうせい;justice;[847, 405];24;;vocab
3401;マネジメント;18.07;マネジメント;Management;[];0;4;loanword
3402;取り入れる;18.07;とりいれる;Incorporate;[882, 842];25;;vocab
3403;給料;18.07;きゅうりょう;salary;[1449, 1262];36;;vocab
3404;マイル;18.05;マイル;Miles;[];0;4;loanword
3405;言い方;18.05;いいかた;How to say it;[357, 529];19;;vocab
3406;繋がる;18.05;つながる;Connect;[9999];99;;vocab
3407;ほんと;18.05;ほんと;real;[];0;4;vocab
3408;前日;18.03;ぜんじつ;previous day;[309, 12];13;;vocab
3409;洗濯;18.03;せんたく;washing;[264, 619];21;;vocab
3410;暇;18.02;ひま;free time;[2027];51;;vocab
3411;すねる;18.0;すねる;sulk;[];0;4;vocab
3412;アイテム;17.99;アイテム;item;[];0;4;loanword
3413;疑う;17.99;うたがう;doubt;[1513];37;;vocab
3414;商売;17.98;しょうばい;trade;[471, 345];18;;vocab
3415;グローバル;17.98;グローバル;global;[];0;4;loanword
3416;恐らく;17.96;おそらく;perhaps;[660];22;;vocab
3417;科目;17.96;かもく;subject;[1263, 15];31;;vocab
3418;連;17.96;れん;Ren;[305];13;;vocab
3419;短期;17.96;たんき;short term;[1550, 1902];46;;vocab
3420;特性;17.95;とくせい;special characteristic;[261, 1679];40;;vocab
3421;復帰;17.95;ふっき;return;[940, 1316];33;;vocab
3422;付近;17.94;ふきん;neighbourhood;[1075, 1210];31;;vocab
3423;廃棄;17.93;はいき;disposal;[1841, 820];44;;vocab
3424;門;17.92;もん;gate;[1743];42;;vocab
3425;素人;17.92;しろうと;amateur;[1652, 1023];40;;vocab
3426;犯人;17.91;はんにん;offender;[1517, 1023];37;;vocab
3427;盤;17.9;ばん;board;[2017];50;;vocab
3428;北京;17.9;ぺきん;Beijing;[480, 334];18;;vocab
3429;永遠;17.9;えいえん;eternity;[139, 429];18;;vocab
3430;まち;17.89;まち;town;[];0;4;vocab
3431;ブーム;17.88;ブーム;boom;[];0;4;loanword
3432;念;17.88;ねん;Thought;[1715];41;;vocab
3433;尊重;17.88;そんちょう;respect;[1547, 1805];43;;vocab
3434;古代;17.87;こだい;ancient times;[16, 1080];27;;vocab
3435;ブルー;17.87;ブルー;blue;[];0;4;loanword
3436;帝国;17.87;ていこく;empire;[466, 624];22;;vocab
3437;冒頭;17.86;ぼうとう;beginning;[18, 1549];38;;vocab
3438;マスター;17.83;マスター;Master;[];0;4;loanword
3439;郵政;17.82;ゆうせい;postal system;[1990, 407];49;;vocab
3440;体重;17.82;たいじゅう;body weight;[1030, 1805];43;;vocab
3441;随分;17.8;ずいぶん;very;[1395, 844];35;;vocab
3442;本件;17.79;ほんけん;this matter;[224, 1032];27;;vocab
3443;有;17.78;ゆう;Yes;[83];5;;vocab
3444;通貨;17.78;つうか;currency;[1511, 1085];37;;vocab
3445;木村;17.77;きむら;Kimura;[207, 221];10;;vocab
3446;動画;17.75;どうが;video;[1806, 1254];43;;vocab
3447;バブル;17.74;バブル;bubble;[];0;4;loanword
3448;龍;17.73;りゅう;dragon;[9999];99;;vocab
3449;ルート;17.72;ルート;root;[];0;4;loanword
3450;上海;17.71;しゃんはい;Shanghai;[50, 500];18;;vocab
3451;財;17.68;ざい;Wealth;[737];23;;vocab
3452;人工;17.68;じんこう;artificial;[1023, 80];27;;vocab
3453;気温;17.67;きおん;atmospheric temperature;[2030, 1560];51;;vocab
3454;適正;17.67;てきせい;reasonable;[473, 405];18;;vocab
3455;記す;17.66;しるす;Write down;[568];21;;vocab
3456;新潟;17.65;にいがた;Niigata;[1619, 2195];56;;vocab
3457;エン;17.64;エン;En;[];0;4;loanword
3458;ばる;17.63;ばる;Bar;[];0;4;vocab
3459;抗議;17.62;こうぎ;protest;[700, 692];23;;vocab
3460;パフォーマンス;17.62;パフォーマンス;performance;[];0;4;loanword
3461;広場;17.61;ひろば;plaza;[799, 584];23;;vocab
3462;台風;17.61;たいふう;typhoon;[805, 563];23;;vocab
3463;徐々に;17.59;じょじょに;gradually;[1788];43;;vocab
3464;受付;17.58;うけつけ;reception;[794, 1075];27;;vocab
3465;祭り;17.58;まつり;festival;[1183];30;;vocab
3466;苦笑;17.57;くしょう;bitter smile;[239, 1008];26;;vocab
3467;ショッピング;17.55;ショッピング;shopping;[];0;4;loanword
3468;ダム;17.54;ダム;dam;[];0;4;loanword
3469;生涯;17.54;しょうがい;one's lifetime;[1675, 169];40;;vocab
3470;しま;17.53;しま;Island;[];0;4;vocab
3471;妙;17.53;みょう;Myo;[130];7;;vocab
3472;自覚;17.53;じかく;self-consciousness;[36, 347];15;;vocab
3473;寄る;17.53;よる;Drop in;[204];9;;vocab
3474;比率;17.51;ひりつ;ratio;[482, 1874];45;;vocab
3475;拉致;17.5;らち;taking captive;[696, 818];23;;vocab
3476;上映;17.49;じょうえい;screening;[50, 1879];45;;vocab
3477;しゃべる;17.49;しゃべる;speak;[];0;4;vocab
3478;ジャズ;17.47;ジャズ;jazz;[];0;4;loanword
3479;仏;17.47;ふつ;Buddha;[1037];27;;vocab
3480;飾る;17.46;かざる;decorate;[1587];38;;vocab
3481;再度;17.45;さいど;twice;[1956, 1278];48;;vocab
3482;観測;17.42;かんそく;observation;[614, 160];21;;vocab
3483;誤る;17.42;あやまる;make a mistake;[2048];51;;vocab
3484;ミニ;17.41;ミニ;mini;[];0;4;loanword
3485;兄;17.41;あに;older brother;[107];6;;vocab
3486;純粋;17.41;じゅんすい;pure;[1609, 993];39;;vocab
3487;拍手;17.4;はくしゅ;clapping hands;[704, 687];23;;vocab
3488;要件;17.39;ようけん;important matter;[1730, 1032];41;;vocab
3489;赤ちゃん;17.39;あかちゃん;baby;[1880];45;;vocab
3490;札幌;17.39;さっぽろ;Sapporo;[225, 438];18;;vocab
3491;どころ;17.39;どころ;Place;[];0;4;vocab
3492;数値;17.36;すうち;numerical value;[998, 1052];27;;vocab
3493;基;17.36;もと;basis;[1904];46;;vocab
3494;鼻;17.35;はな;nose;[733];23;;vocab
3495;保守;17.35;ほしゅ;maintenance;[1072, 198];27;;vocab
3496;どおり;17.35;どおり;As expected;[];0;4;vocab
3497;欠く;17.35;かく;lack;[505];18;;vocab
3498;ヨ;17.34;ヨ;Yo;[];0;;morpheme
3499;おもう;17.34;おもう;I think;[];0;4;vocab
3500;覚悟;17.33;かくご;resolution;[347, 669];22;;vocab
3501;にわたって;17.32;にわたって;across;[];0;4;vocab
3502;生き方;17.3;いきかた;Way of life;[1675, 529];40;;vocab
3503;務める;17.29;つとめる;serve;[1313];33;;vocab
3504;お腹;17.29;おなか;stomach;[503];18;;vocab
3505;財源;17.29;ざいげん;source of funds;[737, 153];23;;vocab
3506;吉田;17.28;よしだ;Yoshida;[342, 14];14;;vocab
3507;たまる;17.28;たまる;Accumulate;[];0;4;vocab
3508;オーナー;17.28;オーナー;Owner;[];0;4;loanword
3509;駄目;17.25;だめ;no good;[2140, 15];54;;vocab
3510;そ;17.25;そ;So;[];0;4;vocab
3511;経緯;17.23;けいい;details;[1460, 1774];42;;vocab
3512;支出;17.23;ししゅつ;expenditure;[768, 829];24;;vocab
3513;后;17.23;きさき;after;[2005];50;;vocab
3514;やさしい;17.22;やさしい;kind;[];0;2;vocab
3515;倒れる;17.22;たおれる;fall down;[1055];27;;vocab
3516;疲れ;17.22;つかれ;fatigue;[1823];44;;vocab
3517;まさか;17.21;まさか;No way;[];0;4;vocab
3518;鬼;17.2;おに;demon;[2175];55;;vocab
3519;べ;17.2;べ;Be;[];0;4;vocab
3520;さえる;17.19;さえる;Even;[];0;4;vocab
3521;対話;17.19;たいわ;dialogue;[1862, 368];45;;vocab
3522;ジャ;17.19;ジャ;Ja;[];0;4;loanword
3523;入り口;17.18;いりくち;Entrance;[842, 11];24;;vocab
3524;吸う;17.17;すう;inhale;[744];23;;vocab
3525;長年;17.16;ながねん;long time;[2070, 1114];52;;vocab
3526;毎回;17.15;まいかい;every time;[497, 630];22;;vocab
3527;返信;17.15;へんしん;reply;[782, 1043];27;;vocab
3528;会談;17.15;かいだん;conversation;[814, 374];23;;vocab
3529;ソニー;17.15;ソニー;Sony;[];0;4;loanword
3530;信号;17.15;しんごう;traffic lights;[1043, 1330];33;;vocab
3531;借金;17.14;しゃっきん;debt;[1270, 287];32;;vocab
3532;監査;17.14;かんさ;inspection;[1562, 1920];47;;vocab
3533;タバコ;17.12;タバコ;tobacco;[];0;4;loanword
3534;溢れる;17.12;あふれる;overflowing;[9999];99;;vocab
3535;選択肢;17.11;せんたくし;Choices;[1944, 1155, 771];47;;vocab
3536;囲む;17.11;かこむ;surround;[1948];48;;vocab
3537;広報;17.11;こうほう;public relations;[799, 1625];39;;vocab
3538;ティー;17.1;ティー;tea;[];0;4;loanword
3539;エントリー;17.1;エントリー;Entry;[];0;4;loanword
3540;付き合う;17.1;つきあう;keep company;[1075, 269];27;;vocab
3541;過剰;17.09;かじょう;excess;[1389, 1710];40;;vocab
3542;おめでとう;17.09;おめでとう;Congratulations;[];0;4;vocab
3543;谷;17.08;たに;valley;[851];24;;vocab
3544;極端;17.08;きょくたん;extreme;[2052, 1251];51;;vocab
3545;商業;17.08;しょうぎょう;commerce;[471, 1931];47;;vocab
3546;イラン;17.07;イラン;Iran;[];0;4;loanword
3547;気味;17.07;きみ;sensation;[2030, 233];51;;vocab
3548;たっぷり;17.07;たっぷり;Plenty;[];0;4;vocab
3549;大半;17.07;たいはん;majority;[112, 1286];32;;vocab
3550;社内;17.06;しゃない;within a company;[1173, 1095];30;;vocab
3551;旦那;17.05;だんな;master;[30, 1992];49;;vocab
3552;調達;17.04;ちょうたつ;supply;[373, 591];21;;vocab
3553;辞典;17.04;じてん;dictionary;[1613, 1969];48;;vocab
3554;担う;17.02;になう;bear;[721];23;;vocab
3555;正義;17.01;まさよし;justice;[405, 691];23;;vocab
3556;ペット;17.0;ペット;Pets;[];0;4;loanword
3557;完璧;16.99;かんぺき;perfect;[199, 1617];39;;vocab
3558;世帯;16.99;せたい;household;[28, 444];18;;vocab
3559;襲う;16.98;おそう;attack;[2181];55;;vocab
3560;そうそう;16.98;そうそう;oh yeah;[];0;4;vocab
3561;審判;16.98;しんぱん;refereeing;[2059, 1289];52;;vocab
3562;くらう;16.97;くらう;Get hit;[];0;4;vocab
3563;大戦;16.97;たいせん;great war;[112, 2079];53;;vocab
3564;間違える;16.97;まちがえる;mistake;[1747, 1773];42;;vocab
3565;教材;16.96;きょうざい;teaching materials;[1343, 738];34;;vocab
3566;阪神;16.95;はんしん;Hanshin;[1390, 1200];35;;vocab
3567;後に;16.95;ごに;later;[1479];36;;vocab
3568;上る;16.94;のぼる;climb;[50];3;;vocab
3569;外務省;16.94;がいむしょう;Ministry of Foreign Affairs;[116, 1313, 131];33;;vocab
3570;スキー;16.94;スキー;Skiing;[];0;4;loanword
3571;ヒト;16.92;ヒト;Human;[];0;4;loanword
3572;たん;16.91;たん;sputum;[];0;4;vocab
3573;制定;16.9;せいてい;enactment;[447, 408];18;;vocab
3574;才能;16.9;さいのう;talent;[736, 2160];54;;vocab
3575;発明;16.88;はつめい;invention;[1840, 20];44;;vocab
3576;そのうち;16.87;そのうち;Eventually;[];0;4;vocab
3577;あふれる;16.87;あふれる;overflowing;[];0;4;vocab
3578;ノー;16.86;ノー;No;[];0;4;loanword
3579;幸福;16.86;こうふく;happiness;[1622, 1171];39;;vocab
3580;通知;16.86;つうち;notice;[1511, 1308];37;;vocab
3581;汚染;16.85;おせん;pollution;[1334, 548];33;;vocab
3582;クリア;16.84;クリア;Clear;[];0;4;loanword
3583;体力;16.84;たいりょく;stamina;[1030, 922];27;;vocab
3584;見直す;16.83;みなおす;Review;[61, 77];5;;vocab
3585;邪魔;16.82;じゃま;hindrance;[2055, 2178];55;;vocab
3586;冷静;16.81;れいせい;calm;[1506, 1660];40;;vocab
3587;込む;16.81;こむ;Enter;[843];24;;vocab
3588;血液;16.81;けつえき;blood;[1556, 1116];38;;vocab
3589;サラリーマン;16.8;サラリーマン;Salaryman;[];0;4;loanword
3590;地上;16.79;ちじょう;above ground;[554, 50];21;;vocab
3591;まわり;16.78;まわり;surroundings;[];0;4;vocab
3592;通勤;16.76;つうきん;commuting to work;[1511, 1700];40;;vocab
3593;反論;16.76;はんろん;objection;[779, 1961];48;;vocab
3594;キャンプ;16.75;キャンプ;camp;[];0;4;loanword
3595;あり;16.75;あり;can be;[];0;4;vocab
3596;青い;16.73;あおい;blue;[1654];40;;vocab
3597;味わう;16.73;あじわう;taste;[233];10;;vocab
3598;コンビニ;16.71;コンビニ;convenience store;[];0;4;loanword
3599;幅広い;16.71;はばひろい;Wide range;[435, 799];23;;vocab
3600;オリンピック;16.71;オリンピック;Olympic;[];0;4;loanword
3601;正常;16.7;せいじょう;normalcy;[405, 862];25;;vocab
3602;人格;16.7;じんかく;personality;[1023, 312];27;;vocab
3603;独特;16.69;どくとく;peculiarity;[561, 261];21;;vocab
3604;意欲;16.69;いよく;will;[654, 855];24;;vocab
3605;パーティ;16.68;パーティ;Party;[];0;4;loanword
3606;開放;16.67;かいほう;open;[1750, 535];42;;vocab
3607;中国人;16.67;ちゅうごくじん;Chinese;[39, 624, 1023];27;;vocab
3608;面積;16.66;めんせき;area;[2039, 1663];51;;vocab
3609;熱心;16.66;ねっしん;zeal;[1634, 639];39;;vocab
3610;さす;16.66;さす;Sasu;[];0;4;vocab
3611;だらけ;16.64;だらけ;Laden;[];0;4;vocab
3612;オプション;16.63;オプション;option;[];0;4;loanword
3613;サーバ;16.62;サーバ;server;[];0;4;loanword
3614;原子力;16.62;げんしりょく;nuclear power;[142, 99, 922];25;;vocab
3615;分離;16.62;ぶんり;separation;[844, 1605];39;;vocab
3616;段;16.62;だん;step;[2003];50;;vocab
3617;呼吸;16.62;こきゅう;breath;[1597, 744];39;;vocab
3618;日程;16.61;にってい;schedule;[12, 960];26;;vocab
3619;移す;16.61;うつす;Transfer;[964];26;;vocab
3620;最悪;16.61;さいあく;the worst;[884, 1951];48;;vocab
3621;友;16.6;とも;friend;[760];23;;vocab
3622;さあ;16.6;さあ;here we go;[];0;4;vocab
3623;演技;16.58;えんぎ;acting;[2163, 769];55;;vocab
3624;ポール;16.58;ポール;pole;[];0;4;loanword
3625;好む;16.57;このむ;prefer;[103];6;;vocab
3626;積む;16.56;つむ;Load;[1663];40;;vocab
3627;放置;16.55;ほうち;leave as is;[535, 895];25;;vocab
3628;我;16.55;わが;I;[690];23;;vocab
3629;やっぱ;16.54;やっぱ;After all;[];0;4;vocab
3630;イヤ;16.54;イヤ;No;[];0;4;loanword
3631;すね;16.53;すね;Shin;[];0;4;vocab
3632;保健;16.53;ほけん;health preservation;[1072, 1048];27;;vocab
3633;そりゃ;16.52;そりゃ;That's right;[];0;4;vocab
3634;改良;16.52;かいりょう;improvement;[567, 1578];38;;vocab
3635;執筆;16.52;しっぴつ;writing;[1623, 1014];39;;vocab
3636;っす;16.52;っす;ssu;[];0;4;vocab
3637;集会;16.51;しゅうかい;meeting;[601, 814];23;;vocab
3638;なんとも;16.5;なんとも;What a;[];0;4;vocab
3639;店員;16.5;てんいん;shop assistant;[632, 59];22;;vocab
3640;気軽;16.49;きがる;carefree;[2030, 774];51;;vocab
3641;つらい;16.49;つらい;tough;[];0;4;vocab
3642;毎月;16.49;まいつき;every month;[497, 13];18;;vocab
3643;男の子;16.49;おとこのこ;boy;[923, 99];25;;vocab
3644;分かれる;16.49;わかれる;Divide;[844];24;;vocab
3645;開示;16.48;かいじ;release;[1750, 1167];42;;vocab
3646;頂ける;16.48;いただける;Can receive;[98];5;;vocab
3647;アクション;16.48;アクション;action;[];0;4;loanword
3648;診療;16.47;しんりょう;medical examination and treatment;[1860, 1845];45;;vocab
3649;たしかに;16.47;たしかに;surely;[];0;4;vocab
3650;有する;16.46;ゆうする;have;[83];5;;vocab
3651;悪化;16.46;あっか;deterioration;[1951, 1083];48;;vocab
3652;両者;16.45;りょうしゃ;pair;[1252, 1345];34;;vocab
3653;フィルム;16.45;フィルム;film;[];0;4;loanword
3654;見れる;16.45;みれる;Can be seen;[61];4;;vocab
3655;拡張;16.45;かくちょう;expansion;[801, 2071];52;;vocab
3656;ピン;16.45;ピン;pin;[];0;4;loanword
3657;みな;16.45;みな;everyone;[];0;4;vocab
3658;在住;16.45;ざいじゅう;residing;[740, 1027];27;;vocab
3659;幼稚園;16.44;ようちえん;kindergarten;[1478, 962, 629];36;;vocab
3660;選;16.44;せん;Selection;[1944];47;;vocab
3661;目次;16.44;もくじ;table of contents;[15, 510];18;;vocab
3662;済み;16.43;すみ;Done;[1868];45;;vocab
3663;出せる;16.43;だせる;Can be produced;[829];24;;vocab
3664;看板;16.43;かんばん;signboard;[688, 781];23;;vocab
3665;仏教;16.41;ぶっきょう;Buddhism;[1037, 1343];34;;vocab
3666;引退;16.41;いんたい;retire;[1318, 1575];38;;vocab
3667;セックス;16.41;セックス;sex;[];0;4;loanword
3668;名称;16.41;めいしょう;name;[117, 971];26;;vocab
3669;上位;16.4;じょうい;superior;[50, 1028];27;;vocab
3670;姉;16.4;あね;sister;[442];18;;vocab
3671;路;16.39;みち;road;[1376];34;;vocab
3672;無線;16.39;むせん;wireless;[1913, 1438];46;;vocab
3673;近年;16.39;きんねん;recent years;[1210, 1114];31;;vocab
3674;山田;16.36;やまだ;Yamada;[830, 14];24;;vocab
3675;幾つ;16.35;いくつ;how many;[1481];36;;vocab
3676;文献;16.34;ぶんけん;literature;[1861, 1742];45;;vocab
3677;空く;16.33;すく;Available;[1414];35;;vocab
3678;引き続き;16.32;ひきつづき;continuation;[1318, 1445];36;;vocab
3679;不要;16.31;ふよう;unnecessary;[1302, 1730];41;;vocab
3680;果たして;16.3;はたして;Indeed;[1202];30;;vocab
3681;就任;16.28;しゅうにん;inauguration;[2121, 1078];53;;vocab
3682;こむ;16.28;こむ;Komu;[];0;4;vocab
3683;椅子;16.28;いす;chair;[218, 99];10;;vocab
3684;かえる;16.28;かえる;change;[];0;4;vocab
3685;いつか;16.27;いつか;someday;[];0;4;vocab
3686;ゆえ;16.27;ゆえ;Therefore;[];0;4;vocab
3687;上回る;16.27;うわまわる;surpass;[50, 630];22;;vocab
3688;有利;16.26;ゆうり;advantageous;[83, 972];26;;vocab
3689;出現;16.25;しゅつげん;appearance;[829, 275];24;;vocab
3690;おじさん;16.25;おじさん;uncle;[];0;4;vocab
3691;感心;16.25;かんしん;admiration;[662, 639];22;;vocab
3692;連中;16.24;れんちゅう;colleagues;[305, 39];13;;vocab
3693;庁;16.23;ちょう;Agency;[635];22;;vocab
3694;心から;16.22;こころから;Sincerely;[639];22;;vocab
3695;いたる;16.22;いたる;All over;[];0;4;vocab
3696;魔法;16.22;まほう;magic;[2178, 813];55;;vocab
3697;網;16.2;あみ;network;[1473];36;;vocab
3698;出産;16.2;しゅっさん;childbirth;[829, 1681];40;;vocab
3699;家具;16.19;かぐ;furniture;[580, 78];21;;vocab
3700;課税;16.19;かぜい;taxation;[1204, 961];30;;vocab
3701;関東;16.18;かんとう;Kanto;[2173, 543];55;;vocab
3702;こなす;16.18;こなす;Complete;[];0;4;vocab
3703;しよう;16.17;しよう;let's;[];0;4;vocab
3704;中田;16.16;なかた;Nakata;[39, 14];3;;vocab
3705;イスラム;16.15;イスラム;Islam;[];0;4;loanword
3706;業績;16.14;ぎょうせき;achievement;[1931, 1662];47;;vocab
3707;スイス;16.14;スイス;Switzerland;[];0;4;loanword
3708;車両;16.14;しゃりょう;rolling stock;[304, 1252];31;;vocab
3709;不可欠;16.1;ふかけつ;essential;[1302, 97, 505];32;;vocab
3710;関与;16.1;かんよ;participation;[2173, 1335];55;;vocab
3711;月曜日;16.09;げつようび;Monday;[13, 618, 12];21;;vocab
3712;神奈川;16.09;かながわ;Kanagawa;[1200, 1175, 134];30;;vocab
3713;得;16.08;とく;profit;[941];25;;vocab
3714;プレイヤー;16.07;プレイヤー;Player;[];0;4;loanword
3715;中学生;16.07;ちゅうがくせい;junior high school students;[39, 346, 1675];40;;vocab
3716;筋肉;16.06;きんにく;muscle;[1012, 1098];27;;vocab
3717;アパート;16.06;アパート;Apartment;[];0;4;loanword
3718;サイ;16.05;サイ;Rhinoceros;[];0;4;loanword
3719;踏む;16.05;ふむ;step on;[1381];34;;vocab
3720;西洋;16.05;せいよう;the west;[1728, 588];41;;vocab
3721;傷;16.03;きず;scratch;[1071];27;;vocab
3722;外す;16.03;はずす;remove;[116];7;;vocab
3723;まして;16.02;まして;Moreover;[];0;4;vocab
3724;九州;16.02;きゅうしゅう;Kyushu;[9, 135];8;;vocab
3725;霊;16.02;れい;spirits;[1930];47;;vocab
3726;同時;16.02;どうじ;simultaneous;[192, 171];9;;vocab
3727;及ぼす;16.02;およぼす;influence;[743];23;;vocab
3728;スタジオ;16.0;スタジオ;studio;[];0;4;loanword
3729;思わず;16.0;おもわず;Without thinking;[651];22;;vocab
3730;真面目;16.0;まじめ;serious;[79, 2039, 15];51;;vocab
3731;諦める;16.0;あきらめる;give up;[467];18;;vocab
3732;じゃん;16.0;じゃん;Here you go!;[];0;4;vocab
3733;ブロック;16.0;ブロック;block;[];0;4;loanword
3734;学科;16.0;がっか;study subject;[346, 1263];31;;vocab
3735;衛生;15.97;えいせい;health;[1775, 1675];42;;vocab
3736;渡辺;15.96;わたなべ;Watanabe;[1279, 302];32;;vocab
3737;中学校;15.95;ちゅうがっこう;junior high school;[39, 346, 1371];34;;vocab
3738;大勢;15.94;たいせい;many;[112, 1633];39;;vocab
3739;ゲスト;15.93;ゲスト;guest;[];0;4;loanword
3740;まとも;15.92;まとも;Normal;[];0;4;vocab
3741;債務;15.92;さいむ;debt;[1664, 1313];40;;vocab
3742;断る;15.91;ことわる;turn down;[1218];31;;vocab
3743;同僚;15.91;どうりょう;coworker;[192, 1842];44;;vocab
3744;持てる;15.9;もてる;Can have;[712];23;;vocab
3745;コム;15.89;コム;com;[];0;4;loanword
3746;包む;15.88;つつむ;Wrap;[569];21;;vocab
3747;バラ;15.86;バラ;rose;[];0;4;loanword
3748;愛情;15.86;あいじょう;love;[796, 1657];40;;vocab
3749;洗う;15.84;あらう;wash;[264];11;;vocab
3750;余計;15.84;よけい;too many;[1786, 359];43;;vocab
3751;エピソード;15.83;エピソード;episode;[];0;4;loanword
3752;起動;15.83;きどう;startup;[565, 1806];43;;vocab
3753;一見;15.82;いっけん;look;[1, 61];4;;vocab
3754;ワタ;15.82;ワタ;cotton;[];0;4;loanword
3755;配る;15.81;くばる;Distribute;[1544];38;;vocab
3756;つかむ;15.81;つかむ;Grab;[];0;4;vocab
3757;電源;15.8;でんげん;source of electricity;[574, 153];21;;vocab
3758;ひたすら;15.8;ひたすら;earnestly;[];0;4;vocab
3759;覗く;15.8;のぞく;peek;[9999];99;;vocab
3760;日銀;15.8;にちぎん;Bank of Japan;[12, 1569];38;;vocab
3761;疑い;15.79;うたがい;doubt;[1513];37;;vocab
3762;少数;15.78;しょうすう;minority;[111, 998];26;;vocab
3763;プレ;15.78;プレ;Pre;[];0;4;loanword
3764;署名;15.78;しょめい;signature;[1349, 117];34;;vocab
3765;アリ;15.77;アリ;Ants;[];0;4;loanword
3766;回避;15.77;かいひ;evasion;[630, 1618];39;;vocab
3767;知り合い;15.76;しりあい;acquaintance;[1308, 269];33;;vocab
3768;金持ち;15.76;かねもち;rich;[287, 712];23;;vocab
3769;弁当;15.75;べんとう;bento;[803, 1236];31;;vocab
3770;センス;15.74;センス;Sense;[];0;4;loanword
3771;ペース;15.74;ペース;pace;[];0;4;loanword
3772;格好;15.74;かっこう;shape;[312, 103];13;;vocab
3773;興奮;15.74;こうふん;excitement;[1533, 607];37;;vocab
3774;平等;15.73;びょうどう;equality;[1596, 1016];39;;vocab
3775;欠ける;15.71;かける;Missing;[505];18;;vocab
3776;パスワード;15.71;パスワード;password;[];0;4;loanword
3777;ベンチャー;15.71;ベンチャー;venture;[];0;4;loanword
3778;ほんとに;15.7;ほんとに;Really;[];0;4;vocab
3779;決断;15.7;けつだん;decision;[1770, 1218];42;;vocab
3780;対抗;15.7;たいこう;opposition;[1862, 700];45;;vocab
3781;球;15.69;たま;ball;[1005];26;;vocab
3782;行使;15.69;こうし;use;[938, 1065];27;;vocab
3783;抑制;15.68;よくせい;control;[1835, 447];44;;vocab
3784;インドネシア;15.68;インドネシア;Indonesia;[];0;4;loanword
3785;該当;15.67;がいとう;corresponding to;[1640, 1236];39;;vocab
3786;一連;15.67;いちれん;series;[1, 305];13;;vocab
3787;認知;15.67;にんち;acknowledgement;[643, 1308];33;;vocab
3788;衛星;15.65;えいせい;satellite;[1775, 1676];42;;vocab
3789;要;15.64;よう;Essential;[1730];41;;vocab
3790;登る;15.64;のぼる;climb;[1838];44;;vocab
3791;努める;15.63;つとめる;strive;[929];25;;vocab
3792;証人;15.63;しょうにん;witness;[406, 1023];27;;vocab
3793;今や;15.61;いまや;now;[1711];41;;vocab
3794;虫;15.61;むし;insect;[556];21;;vocab
3795;チャレンジ;15.6;チャレンジ;Challenge;[];0;4;loanword
3796;テープ;15.6;テープ;tape;[];0;4;loanword
3797;夏休み;15.6;なつやすみ;Summer vacation;[317, 1038];27;;vocab
3798;通過;15.6;つうか;passage through;[1511, 1389];37;;vocab
3799;他者;15.59;たしゃ;another person;[1034, 1345];34;;vocab
3800;平;15.59;たいら;flat;[1596];39;;vocab
3801;現金;15.59;げんきん;cash;[275, 287];12;;vocab
3802;通う;15.58;かよう;go to;[1511];37;;vocab
3803;エッセイ;15.58;エッセイ;Essay;[];0;4;loanword
3804;経由;15.58;けいゆ;through;[1460, 1186];36;;vocab
3805;パーティー;15.58;パーティー;party;[];0;4;loanword
3806;レイ;15.58;レイ;Ray;[];0;4;loanword
3807;勝ち;15.57;かち;Win;[1294];32;;vocab
3808;透明;15.57;とうめい;transparency;[981, 20];26;;vocab
3809;映る;15.56;うつる;Reflect;[1879];45;;vocab
3810;支部;15.56;しぶ;branch;[768, 1988];49;;vocab
3811;脅威;15.54;きょうい;threat;[936, 389];25;;vocab
3812;つた;15.54;つた;Ivy;[];0;4;vocab
3813;にゃ;15.52;にゃ;Meow;[];0;4;vocab
3814;デスク;15.52;デスク;desk;[];0;4;loanword
3815;自社;15.52;じしゃ;one's company;[36, 1173];30;;vocab
3816;一層;15.52;いっそう;much more;[1, 1146];29;;vocab
3817;児;15.52;こ;child;[62];4;;vocab
3818;親子;15.51;おやこ;parent and child;[1621, 99];39;;vocab
3819;期限;15.5;きげん;term;[1902, 1576];46;;vocab
3820;新鮮;15.5;しんせん;fresh;[1619, 590];39;;vocab
3821;農民;15.5;のうみん;farmers;[2170, 1976];55;;vocab
3822;違和感;15.49;いわかん;discomfort;[1773, 963, 662];42;;vocab
3823;引っ張る;15.48;ひっぱる;pull;[1318, 2071];52;;vocab
3824;輪;15.48;わ;ring;[1963];48;;vocab
3825;やる気;15.47;やるき;Motivation;[2030];51;;vocab
3826;警告;15.47;けいこく;warning;[358, 262];15;;vocab
3827;鉄;15.47;てつ;iron;[909];25;;vocab
3828;宿;15.46;やど;inn;[1070];27;;vocab
3829;ぶる;15.45;ぶる;Blue;[];0;4;vocab
3830;応える;15.45;こたえる;answer;[653];22;;vocab
3831;地下鉄;15.45;ちかてつ;subway;[554, 51, 909];25;;vocab
3832;世論;15.44;せろん;public opinion;[28, 1961];48;;vocab
3833;通訳;15.44;つうやく;interpretation;[1511, 1154];37;;vocab
3834;意;15.42;い;meaning;[654];22;;vocab
3835;放つ;15.4;はなつ;release;[535];19;;vocab
3836;パッケージ;15.38;パッケージ;package;[];0;4;loanword
3837;指数;15.38;しすう;index;[711, 998];26;;vocab
3838;野;15.38;の;field;[1722];41;;vocab
3839;ひく;15.35;ひく;pull;[];0;4;vocab
3840;机;15.35;つくえ;desk;[223];10;;vocab
3841;了承;15.34;りょうしょう;acknowledgement;[101, 2050];51;;vocab
3842;お待ち;15.34;おまち;Please wait;[944];25;;vocab
3843;吸収;15.34;きゅうしゅう;absorption;[744, 1628];39;;vocab
3844;以後;15.34;いご;after this;[1105, 1479];36;;vocab
3845;はかる;15.33;はかる;Measure;[];0;4;vocab
3846;柄;15.33;え;Pattern;[1097];27;;vocab
3847;数々;15.33;かずかず;many;[998];26;;vocab
3848;巡る;15.31;めぐる;Tour;[303];13;;vocab
3849;収穫;15.31;しゅうかく;harvest;[1628, 974];39;;vocab
3850;プール;15.3;プール;Pool;[];0;4;loanword
3851;嫌う;15.3;きらう;hate;[1724];41;;vocab
3852;自;15.29;じ;Self;[36];3;;vocab
3853;込める;15.28;こめる;Put in;[843];24;;vocab
3854;ですが;15.28;ですが;But;[];0;4;vocab
3855;肉体;15.28;にくたい;the body;[1098, 1030];27;;vocab
3856;上場;15.28;じょうじょう;listing;[50, 584];21;;vocab
3857;機種;15.27;きしゅ;type of equipment;[1482, 1810];43;;vocab
3858;奇跡;15.26;きせき;miracle;[133, 1883];45;;vocab
3859;つなぐ;15.26;つなぐ;hook up;[];0;4;vocab
3860;投入;15.26;とうにゅう;throwing into;[762, 842];24;;vocab
3861;一貫;15.25;いっかん;consistency;[1, 106];6;;vocab
3862;俳優;15.24;はいゆう;actor;[1761, 1068];42;;vocab
3863;先頭;15.24;せんとう;head;[263, 1549];38;;vocab
3864;のんびり;15.23;のんびり;leisurely;[];0;4;vocab
3865;パート;15.22;パート;part;[];0;4;loanword
3866;パートナー;15.22;パートナー;partner;[];0;4;loanword
3867;協;15.22;きょう;cooperation;[937];25;;vocab
3868;背中;15.21;せなか;back;[481, 39];18;;vocab
3869;埋める;15.21;うめる;fill in;[191];9;;vocab
3870;次元;15.21;じげん;dimension;[510, 63];18;;vocab
3871;貸す;15.2;かす;lend;[1082];27;;vocab
3872;化粧;15.2;けしょう;make-up;[1083, 991];27;;vocab
3873;皮;15.2;かわ;leather;[865];25;;vocab
3874;ルーム;15.2;ルーム;Room;[];0;4;loanword
3875;あっ;15.19;あっ;Ah;[];0;4;vocab
3876;ついでに;15.19;ついでに;In addition;[];0;4;vocab
3877;商;15.19;しょう;quotient;[471];18;;vocab
3878;いかなる;15.18;いかなる;Any;[];0;4;vocab
3879;山口;15.16;やまぐち;Yamaguchi;[830, 11];24;;vocab
3880;装備;15.16;そうび;equipment;[425, 1267];32;;vocab
3881;物事;15.16;ものごと;things;[1129, 1240];31;;vocab
3882;楽天;15.16;らくてん;optimism;[1872, 457];45;;vocab
3883;異;15.16;あや;different;[1936];47;;vocab
3884;トーク;15.15;トーク;Talk;[];0;4;loanword
3885;毛;15.15;もう;hair;[2062];52;;vocab
3886;だいぶ;15.15;だいぶ;A lot;[];0;4;vocab
3887;故;15.13;こ;late;[355];15;;vocab
3888;ぽい;15.12;ぽい;Like;[];0;4;vocab
3889;がら;15.12;がら;Gara;[];0;4;vocab
3890;テクノロジー;15.12;テクノロジー;technology;[];0;4;loanword
3891;同盟;15.12;どうめい;alliance;[192, 1558];38;;vocab
3892;玄関;15.11;げんかん;entranceway;[1484, 2173];55;;vocab
3893;扉;15.11;とびら;door;[1766];42;;vocab
3894;兵士;15.11;へいし;soldier;[1429, 341];35;;vocab
3895;ドン;15.1;ドン;Don;[];0;4;loanword
3896;揃う;15.1;そろう;Align;[9999];99;;vocab
3897;委託;15.09;いたく;to a firm;[979, 2066];52;;vocab
3898;閲覧;15.07;えつらん;inspection;[1745, 919];42;;vocab
3899;僕ら;15.07;ぼくら;we;[1933];47;;vocab
3900;等々;15.06;とうとう;and so on;[1016];26;;vocab
3901;昼食;15.04;ちゅうしょく;lunch;[1156, 1582];38;;vocab
3902;光景;15.03;こうけい;scene;[125, 336];14;;vocab
3903;カン;15.03;カン;Can;[];0;4;loanword
3904;入場;15.02;にゅうじょう;entrance;[842, 584];24;;vocab
3905;救済;15.02;きゅうさい;relief;[1006, 1868];45;;vocab
3906;カテゴリ;15.02;カテゴリ;category;[];0;4;loanword
3907;記入;15.01;きにゅう;entry;[568, 842];24;;vocab
3908;作れる;15.01;つくれる;Can be made;[1224];31;;vocab
3909;タン;15.01;タン;Tan;[];0;4;loanword
3910;参拝;15.0;さんぱい;visit to a shrine or temple;[1856, 1686];45;;vocab
3911;話し合い;15.0;はなしあい;discussion;[368, 269];15;;vocab
3912;入;14.99;いり;Enter;[842];24;;vocab
3913;補償;14.99;ほしょう;compensation;[1983, 1060];49;;vocab
3914;響く;14.98;ひびく;resonate;[1994];49;;vocab
3915;国籍;14.96;こくせき;nationality;[624, 1689];40;;vocab
3916;重なる;14.96;かさなる;overlap;[1805];43;;vocab
3917;掛かる;14.96;かかる;Hang up;[727];23;;vocab
3918;閉じる;14.95;とじる;close;[1751];42;;vocab
3919;絵本;14.95;えほん;picture book;[1446, 224];36;;vocab
3920;共感;14.95;きょうかん;sympathy;[1934, 662];47;;vocab
3921;日曜;14.94;にちよう;Sunday;[12, 618];21;;vocab
3922;この世;14.94;このよ;This world;[28];2;;vocab
3923;何人;14.94;なんにん;everyone;[1087, 1023];27;;vocab
3924;アルバイト;14.93;アルバイト;part-time job;[];0;4;loanword
3925;国境;14.92;こっきょう;national border;[624, 523];22;;vocab
3926;思いつく;14.92;おもいつく;come up with an idea;[651];22;;vocab
3927;申し込み;14.92;もうしこみ;application;[1198, 843];30;;vocab
3928;あきらめる;14.92;あきらめる;Give up;[];0;4;vocab
3929;工学;14.91;こうがく;engineering;[80, 346];15;;vocab
3930;探る;14.91;さぐる;explore;[1425];35;;vocab
3931;手元;14.91;てもと;at hand;[687, 63];23;;vocab
3932;がたい;14.9;がたい;muscular;[];0;4;vocab
3933;ケア;14.9;ケア;care;[];0;4;loanword
3934;芸能;14.89;げいのう;public entertainment;[450, 2160];54;;vocab
3935;そちら;14.89;そちら;there;[];0;2;vocab
3936;およそ;14.89;およそ;about;[];0;4;vocab
3937;笑い;14.88;わらい;Laughter;[1008];26;;vocab
3938;典型;14.88;てんけい;type;[1969, 735];48;;vocab
3939;かわる;14.88;かわる;Change;[];0;4;vocab
3940;双方;14.87;そうほう;two way;[753, 529];23;;vocab
3941;マジ;14.87;マジ;Seriously;[];0;4;loanword
3942;恵まれる;14.87;めぐまれる;be blessed;[659];22;;vocab
3943;ともに;14.87;ともに;Both;[];0;4;vocab
3944;後者;14.86;こうしゃ;the latter;[1479, 1345];36;;vocab
3945;観戦;14.86;かんせん;game;[614, 2079];53;;vocab
3946;在日;14.86;ざいにち;in Japan;[740, 12];23;;vocab
3947;静岡;14.85;しずおか;Shizuoka;[1660, 2112];53;;vocab
3948;養成;14.85;ようせい;training;[1591, 386];38;;vocab
3949;現役;14.85;げんえき;active duty;[275, 949];25;;vocab
3950;沖;14.84;おき;Oki;[146];8;;vocab
3951;再現;14.84;さいげん;reappearance;[1956, 275];48;;vocab
3952;心臓;14.84;しんぞう;heart;[639, 914];25;;vocab
3953;尊敬;14.82;そんけい;respect;[1547, 356];38;;vocab
3954;恐れる;14.82;おそれる;fear;[660];22;;vocab
3955;女優;14.82;じょゆう;actress;[102, 1068];27;;vocab
3956;ホワイト;14.81;ホワイト;white;[];0;4;loanword
3957;お話し;14.81;おはなし;Talk;[368];15;;vocab
3958;武;14.81;たけ;Takeshi;[403];17;;vocab
3959;宮崎;14.81;みやざき;Miyazaki;[1110, 840];28;;vocab
3960;権威;14.8;けんい;authority;[613, 389];21;;vocab
3961;メールアドレス;14.8;メールアドレス;email address;[];0;4;loanword
3962;浴びる;14.8;あびる;bathe;[852];24;;vocab
3963;テクニック;14.8;テクニック;technique;[];0;4;loanword
3964;返る;14.79;かえる;return;[782];23;;vocab
3965;保育;14.79;ほいく;nursing;[1072, 821];27;;vocab
3966;別れる;14.79;わかれる;break up;[94];5;;vocab
3967;拾う;14.77;ひろう;pick up;[720];23;;vocab
3968;センチ;14.77;センチ;centimeter;[];0;4;loanword
3969;税制;14.76;ぜいせい;tax system;[961, 447];26;;vocab
3970;おれ;14.75;おれ;I;[];0;4;vocab
3971;本社;14.75;ほんしゃ;head office;[224, 1173];30;;vocab
3972;ラスト;14.74;ラスト;last;[];0;4;loanword
3973;実用;14.73;じつよう;practical use;[1694, 1265];40;;vocab
3974;強;14.72;つよ;strength;[1321];33;;vocab
3975;制約;14.72;せいやく;limitation;[447, 1462];36;;vocab
3976;オブ;14.71;オブ;of;[];0;4;loanword
3977;演劇;14.71;えんげき;drama;[2163, 2152];55;;vocab
3978;人種;14.7;じんしゅ;race;[1023, 1810];43;;vocab
3979;条例;14.7;じょうれい;regulations;[319, 1046];27;;vocab
3980;有料;14.7;ゆうりょう;toll;[83, 1262];31;;vocab
3981;審;14.7;しん;referee;[2059];52;;vocab
3982;判定;14.7;はんてい;judgement;[1289, 408];32;;vocab
3983;住まい;14.7;すまい;Housing;[1027];27;;vocab
3984;占い;14.69;うらない;fortune telling;[49];3;;vocab
3985;瓦;14.69;かわら;tile;[1108];28;;vocab
3986;順位;14.69;じゅんい;order;[136, 1028];27;;vocab
3987;急速;14.69;きゅうそく;rapid;[1229, 1799];43;;vocab
3988;インフレ;14.68;インフレ;inflation;[];0;4;loanword
3989;フォーラム;14.68;フォーラム;forum;[];0;4;loanword
3990;詐欺;14.67;さぎ;fraud;[1223, 1899];46;;vocab
3991;可;14.67;か;Possible;[97];5;;vocab
3992;ヘッド;14.67;ヘッド;head;[];0;4;loanword
3993;築く;14.67;きずく;build;[1021];26;;vocab
3994;朝食;14.66;ちょうしょく;breakfast;[53, 1582];38;;vocab
3995;独占;14.66;どくせん;monopoly;[561, 49];21;;vocab
3996;シナリオ;14.66;シナリオ;scenario;[];0;4;loanword
3997;輸送;14.66;ゆそう;transport;[307, 2172];55;;vocab
3998;高等;14.65;こうとう;high class;[329, 1016];26;;vocab
3999;推測;14.64;すいそく;guess;[716, 160];23;;vocab
4000;天然;14.63;てんねん;nature;[457, 256];18;;vocab
4001;下手;14.61;へた;lower part, unskillful;[51, 687];23;;vocab
4002;知人;14.61;ちじん;friend;[1308, 1023];33;;vocab
4003;頻繁;14.61;ひんぱん;frequent;[399, 1435];36;;vocab
4004;まとまる;14.6;まとまる;come together;[];0;4;vocab
4005;姫;14.57;ひめ;princess;[912];25;;vocab
4006;闇;14.57;やみ;darkness;[1748];42;;vocab
4007;向き;14.57;むき;direction;[195];9;;vocab
4008;勝てる;14.57;かてる;Win;[1294];32;;vocab
4009;言及;14.55;げんきゅう;reference;[357, 743];23;;vocab
4010;睡眠;14.54;すいみん;sleep;[1707, 1977];49;;vocab
4011;大学生;14.54;だいがくせい;university student;[112, 346, 1675];40;;vocab
4012;解く;14.54;とく;solve;[1955];48;;vocab
4013;提言;14.54;ていげん;proposal;[718, 357];23;;vocab
4014;自慢;14.53;じまん;pride;[36, 892];25;;vocab
4015;人形;14.53;にんぎょう;doll;[1023, 1847];45;;vocab
4016;つづける;14.53;つづける;Continue;[];0;4;vocab
4017;鍋;14.52;なべ;pot;[1388];34;;vocab
4018;銀;14.52;ぎん;silver;[1569];38;;vocab
4019;望ましい;14.52;のぞましい;desirable;[528];19;;vocab
4020;不当;14.51;ふとう;injustice;[1302, 1236];32;;vocab
4021;訪ねる;14.51;たずねる;visit;[534];19;;vocab
4022;毎;14.51;まい;every;[497];18;;vocab
4023;持ち込む;14.51;もちこむ;Bring in;[712, 843];24;;vocab
4024;間に合う;14.5;まにあう;In time;[1747, 269];42;;vocab
4025;グッズ;14.49;グッズ;Goods;[];0;4;loanword
4026;展望;14.49;てんぼう;view;[2075, 528];52;;vocab
4027;郡;14.47;ぐん;county;[1986];49;;vocab
4028;どうせ;14.47;どうせ;Anyway;[];0;4;vocab
4029;国語;14.46;こくご;national language;[624, 371];22;;vocab
4030;職人;14.46;しょくにん;worker;[887, 1023];27;;vocab
4031;試みる;14.45;こころみる;try;[378];16;;vocab
4032;焦点;14.44;しょうてん;focus;[599, 181];21;;vocab
4033;おまえ;14.43;おまえ;You;[];0;4;vocab
4034;総額;14.42;そうがく;sum total;[1466, 316];36;;vocab
4035;食料;14.42;しょくりょう;food;[1582, 1262];38;;vocab
4036;銃;14.42;じゅう;gun;[824];23;;vocab
4037;井上;14.42;いのうえ;Inoue;[1946, 50];48;;vocab
4038;フォーム;14.41;フォーム;Form;[];0;4;loanword
4039;あんた;14.41;あんた;You;[];0;4;vocab
4040;略;14.41;りゃく;omitted;[314];13;;vocab
4041;古典;14.41;こてん;old book;[16, 1969];48;;vocab
4042;この辺;14.4;このあたり;Around here;[302];13;;vocab
4043;黙る;14.4;だまる;Shut up;[255];11;;vocab
4044;テニス;14.39;テニス;tennis;[];0;4;loanword
4045;貧しい;14.39;まずしい;poor;[845];24;;vocab
4046;じっくり;14.39;じっくり;Take your time;[];0;4;vocab
4047;増大;14.39;ぞうだい;enlargement;[541, 112];19;;vocab
4048;闘争;14.38;とうそう;strife;[1757, 1238];42;;vocab
4049;タグ;14.38;タグ;tag;[];0;4;loanword
4050;池田;14.38;いけだ;Ikeda;[555, 14];21;;vocab
4051;相対;14.37;そうたい;confrontation;[222, 1862];45;;vocab
4052;追記;14.36;ついき;PS;[1359, 568];34;;vocab
4053;当選;14.35;とうせん;being elected;[1236, 1944];47;;vocab
4054;ランチ;14.35;ランチ;lunch;[];0;4;loanword
4055;日中;14.35;にちちゅう;daytime;[12, 39];3;;vocab
4056;預金;14.35;よきん;deposit;[1721, 287];41;;vocab
4057;特;14.35;とく;Special;[261];11;;vocab
4058;オタク;14.34;オタク;Otaku;[];0;4;loanword
4059;キーボード;14.34;キーボード;keyboard;[];0;4;loanword
4060;アピール;14.34;アピール;appeal;[];0;4;loanword
4061;組み合わせ;14.34;くみあわせ;combination;[1914, 269];47;;vocab
4062;金属;14.34;きんぞく;metal;[287, 2103];53;;vocab
4063;産む;14.33;うむ;give birth;[1681];40;;vocab
4064;はまる;14.33;はまる;Get hooked;[];0;4;vocab
4065;評判;14.33;ひょうばん;fame;[1599, 1289];39;;vocab
4066;ぶつ;14.31;ぶつ;bump;[];0;4;vocab
4067;レッド;14.31;レッド;Red;[];0;4;loanword
4068;共産党;14.3;きょうさんとう;Communist Party;[1934, 1681, 860];47;;vocab
4069;絞る;14.3;しぼる;squeeze;[1448];36;;vocab
4070;前年;14.3;ぜんねん;the preceding year;[309, 1114];28;;vocab
4071;給付;14.3;きゅうふ;payment;[1449, 1075];36;;vocab
4072;主演;14.3;しゅえん;starring;[284, 2163];55;;vocab
4073;いかにも;14.29;いかにも;Indeed;[];0;4;vocab
4074;編成;14.29;へんせい;composition;[1966, 386];48;;vocab
4075;まつ;14.29;まつ;pine tree;[];0;4;vocab
4076;証言;14.29;しょうげん;evidence;[406, 357];17;;vocab
4077;カップル;14.28;カップル;Couple;[];0;4;loanword
4078;提起;14.28;ていき;bring suit;[718, 565];23;;vocab
4079;実務;14.28;じつむ;practical business;[1694, 1313];40;;vocab
4080;誇る;14.28;ほこる;be proud;[1332];33;;vocab
4081;提携;14.26;ていけい;cooperation;[718, 742];23;;vocab
4082;損失;14.26;そんしつ;loss;[719, 908];25;;vocab
4083;太;14.25;ふとし;Thick;[126];7;;vocab
4084;早期;14.24;そうき;early stage;[26, 1902];46;;vocab
4085;ポジション;14.24;ポジション;position;[];0;4;loanword
4086;手当;14.24;てあて;salary;[687, 1236];31;;vocab
4087;埼玉;14.22;さいたま;Saitama;[164, 272];12;;vocab
4088;コーチ;14.22;コーチ;coach;[];0;4;loanword
4089;スコア;14.22;スコア;Score;[];0;4;loanword
4090;厚い;14.22;あつい;thick;[132];7;;vocab
4091;栄養;14.21;えいよう;nutrition;[348, 1591];38;;vocab
4092;結びつく;14.21;むすびつく;connect;[1451];36;;vocab
4093;分割;14.2;ぶんかつ;partition;[844, 1673];40;;vocab
4094;判明;14.19;はんめい;establishing;[1289, 20];32;;vocab
4095;健全;14.19;けんぜん;health;[1048, 281];27;;vocab
4096;半ば;14.19;なかば;middle;[1286];32;;vocab
4097;イラスト;14.18;イラスト;Illustration;[];0;4;loanword
4098;持続;14.18;じぞく;continuation;[712, 1445];36;;vocab
4099;結婚式;14.17;けっこんしき;wedding;[1451, 1972, 377];49;;vocab
4100;のる;14.16;のる;Ride;[];0;4;vocab
4101;弁護;14.15;べんご;defense;[803, 756];23;;vocab
4102;妥当;14.15;だとう;valid;[785, 1236];31;;vocab
4103;ション;14.15;ション;tion;[];0;4;loanword
4104;之;14.15;これ;this;[1299];32;;vocab
4105;豆;14.14;まめ;beans;[1548];38;;vocab
4106;臭い;14.14;くさい;odor;[128];7;;vocab
4107;好;14.13;よしみ;good;[103];6;;vocab
4108;ふさわしい;14.13;ふさわしい;Suitable;[];0;4;vocab
4109;控える;14.13;ひかえる;Refrain;[1415];35;;vocab
4110;宮;14.13;みや;Palace;[1110];28;;vocab
4111;仲;14.13;なか;Naka;[1029];27;;vocab
4112;えっ;14.12;えっ;Huh?;[];0;4;vocab
4113;鑑賞;14.12;かんしょう;appreciation;[1564, 859];38;;vocab
4114;オペラ;14.12;オペラ;Opera;[];0;4;loanword
4115;メキシコ;14.11;メキシコ;Mexico;[];0;4;loanword
4116;教;14.11;きょう;teaching;[1343];34;;vocab
4117;評論;14.11;ひょうろん;criticism;[1599, 1961];48;;vocab
4118;わが;14.1;わが;My;[];0;4;vocab
4119;後で;14.1;あとで;later;[1479];36;;vocab
4120;覆う;14.1;おおう;cover;[1738];41;;vocab
4121;剣;14.09;けん;sword;[1801];43;;vocab
4122;臨時;14.09;りんじ;temporary;[918, 171];25;;vocab
4123;あく;14.09;あく;evil;[];0;4;vocab
4124;拠点;14.08;きょてん;position;[722, 181];23;;vocab
4125;宿泊;14.08;しゅくはく;lodging;[1070, 158];27;;vocab
4126;ディスク;14.07;ディスク;disk;[];0;4;loanword
4127;繊維;14.07;せんい;fibre;[1929, 1441];47;;vocab
4128;ふたり;14.06;ふたり;Two people;[];0;4;vocab
4129;ボード;14.06;ボード;board;[];0;4;loanword
4130;会合;14.06;かいごう;meeting;[814, 269];23;;vocab
4131;ジャーナリスト;14.06;ジャーナリスト;journalist;[];0;4;loanword
4132;閉鎖;14.05;へいさ;closing;[1751, 2087];53;;vocab
4133;話し合う;14.05;はなしあう;discuss;[368, 269];15;;vocab
4134;論議;14.05;ろんぎ;discussion;[1961, 692];48;;vocab
4135;壊す;14.05;こわす;break;[427];18;;vocab
4136;お昼;14.04;おひる;Lunch;[1156];29;;vocab
4137;座長;14.04;ざちょう;chairman;[1100, 2070];52;;vocab
4138;天才;14.03;てんさい;genius;[457, 736];23;;vocab
4139;サンプル;14.02;サンプル;sample;[];0;4;loanword
4140;深める;14.01;ふかめる;deepen;[1426];35;;vocab
4141;いざ;14.0;いざ;Now;[];0;4;vocab
4142;オー;14.0;オー;Oh;[];0;4;loanword
4143;犯す;14.0;おかす;commit;[1517];37;;vocab
4144;動機;13.99;どうき;motive;[1806, 1482];43;;vocab
4145;妄想;13.98;もうそう;wild idea;[526, 656];22;;vocab
4146;せめて;13.98;せめて;at least;[];0;4;vocab
4147;長野;13.97;ながの;Nagano;[2070, 1722];52;;vocab
4148;がん;13.96;がん;cancer;[];0;4;vocab
4149;働き;13.96;はたらき;Work;[1809];43;;vocab
4150;堀江;13.96;ほりえ;Horie;[1142, 148];29;;vocab
4151;届け;13.96;とどけ;Delivery;[1191];30;;vocab
4152;試み;13.95;こころみ;Attempt;[378];16;;vocab
4153;論じる;13.95;ろんじる;discuss;[1961];48;;vocab
4154;加盟;13.94;かめい;participation;[932, 1558];38;;vocab
4155;とどまる;13.94;とどまる;stay;[];0;4;vocab
4156;スープ;13.94;スープ;soup;[];0;4;loanword
4157;マップ;13.93;マップ;map;[];0;4;loanword
4158;呼びかける;13.92;よびかける;Call out;[1597];39;;vocab
4159;帳;13.92;とばり;Account;[2072];52;;vocab
4160;美容;13.92;びよう;beauty of figure or form;[587, 853];24;;vocab
4161;晩;13.92;ばん;night;[2128];53;;vocab
4162;草;13.91;くさ;grass;[238];10;;vocab
4163;キング;13.91;キング;King;[];0;4;loanword
4164;保全;13.91;ほぜん;preservation;[1072, 281];27;;vocab
4165;何処;13.91;どこ;where;[1087, 318];27;;vocab
4166;パネル;13.9;パネル;panel;[];0;4;loanword
4167;演説;13.9;えんぜつ;speech;[2163, 538];55;;vocab
4168;衆議院;13.89;しゅうぎいん;House of Representatives;[2001, 692, 1401];50;;vocab
4169;中国語;13.88;ちゅうごくご;Chinese;[39, 624, 371];22;;vocab
4170;促す;13.87;うながす;prompt;[1373];34;;vocab
4171;買い;13.87;かい;Buy;[894];25;;vocab
4172;プレス;13.86;プレス;press;[];0;4;loanword
4173;実情;13.86;じつじょう;real condition;[1694, 1657];40;;vocab
4174;チャンネル;13.85;チャンネル;channel;[];0;4;loanword
4175;文字数;13.84;もじすう;Number of characters;[1861, 197, 998];45;;vocab
4176;つき;13.84;つき;moon;[];0;4;vocab
4177;兵;13.83;へい;soldier;[1429];35;;vocab
4178;取り出す;13.83;とりだす;Take out;[882, 829];25;;vocab
4179;東大;13.81;とうだい;University of Tokyo;[543, 112];19;;vocab
4180;雑感;13.8;ざっかん;miscellaneous impressions;[604, 662];22;;vocab
4181;元々;13.8;もともと;originally;[63];4;;vocab
4182;あぁ;13.78;あぁ;Ah;[];0;4;vocab
4183;運転手;13.77;うんてんしゅ;driver;[325, 449, 687];23;;vocab
4184;フィールド;13.76;フィールド;field;[];0;4;loanword
4185;タル;13.75;タル;barrel;[];0;4;loanword
4186;徹底的;13.74;てっていてき;Thorough;[951, 1975, 73];49;;vocab
4187;造る;13.74;つくる;make;[299];13;;vocab
4188;あれこれ;13.73;あれこれ;This and that;[];0;4;vocab
4189;窓口;13.73;まどぐち;ticket window;[811, 11];23;;vocab
4190;打ち合わせ;13.73;うちあわせ;Meeting;[705, 269];23;;vocab
4191;勧める;13.73;すすめる;recommend;[928];25;;vocab
4192;かぶる;13.72;かぶる;Wear;[];0;4;vocab
4193;愛する;13.71;あいする;love;[796];23;;vocab
4194;飽きる;13.71;あきる;get bored;[1592];38;;vocab
4195;背;13.71;せ;Back;[481];18;;vocab
4196;にあたって;13.71;にあたって;In regards to;[];0;4;vocab
4197;お菓子;13.7;おかし;sweets;[1203, 99];30;;vocab
4198;購読;13.7;こうどく;paid subscription;[1958, 372];48;;vocab
4199;得点;13.7;とくてん;score;[941, 181];25;;vocab
4200;ペン;13.7;ペン;pen;[];0;4;loanword
4201;立法;13.7;りっぽう;legislation;[462, 813];23;;vocab
4202;真ん中;13.7;まんなか;middle;[79, 39];5;;vocab
4203;否;13.69;いな;No;[1303];32;;vocab
4204;遠く;13.68;とおく;far away;[429];18;;vocab
4205;成分;13.68;せいぶん;ingredient;[386, 844];24;;vocab
4206;飛ばす;13.68;とばす;Fly;[2032];51;;vocab
4207;国債;13.66;こくさい;national debt;[624, 1664];40;;vocab
4208;とりわけ;13.66;とりわけ;In particular;[];0;4;vocab
4209;つづく;13.65;つづく;to be continued;[];0;4;vocab
4210;コート;13.65;コート;coat;[];0;4;loanword
4211;推薦;13.64;すいせん;recommendation;[716, 2156];54;;vocab
4212;手順;13.64;てじゅん;process;[687, 136];23;;vocab
4213;本文;13.64;ほんぶん;text;[224, 1861];45;;vocab
4214;求人;13.64;きゅうじん;offer of job;[1004, 1023];27;;vocab
4215;お礼;13.64;おれい;Thank you;[1168];30;;vocab
4216;ケーブル;13.64;ケーブル;cable;[];0;4;loanword
4217;清;13.64;きよし;Qing;[1659];40;;vocab
4218;屋根;13.64;やね;roof;[1138, 1571];38;;vocab
4219;財務;13.64;ざいむ;financial affairs;[737, 1313];33;;vocab
4220;根;13.63;ね;root;[1571];38;;vocab
4221;サー;13.63;サー;Sir;[];0;4;loanword
4222;突っ込む;13.62;つっこむ;Poke in;[1416, 843];35;;vocab
4223;寺;13.62;てら;temple;[170];8;;vocab
4224;反発;13.62;はんぱつ;opposition;[779, 1840];44;;vocab
4225;ヒント;13.62;ヒント;Tip;[];0;4;loanword
4226;管;13.62;かん;tube;[1365];34;;vocab
4227;巻く;13.62;まく;Roll;[1292];32;;vocab
4228;端;13.61;はじ;end;[1251];31;;vocab
4229;福井;13.6;ふくい;Fukui;[1171, 1946];48;;vocab
4230;放映;13.59;ほうえい;televising;[535, 1879];45;;vocab
4231;豚;13.59;ぶた;pig;[577];21;;vocab
4232;支給;13.58;しきゅう;provision;[768, 1449];36;;vocab
4233;ブル;13.58;ブル;Bull;[];0;4;loanword
4234;あらかじめ;13.58;あらかじめ;in advance;[];0;4;vocab
4235;プレーヤー;13.58;プレーヤー;player;[];0;4;loanword
4236;遺産;13.58;いさん;inheritance;[1909, 1681];46;;vocab
4237;に従って;13.57;にしたがって;According to;[942];25;;vocab
4238;招待;13.57;しょうたい;invitation;[702, 944];25;;vocab
4239;第三者;13.57;だいさんしゃ;third party;[1327, 3, 1345];34;;vocab
4240;無くなる;13.57;なくなる;disappear;[1913];46;;vocab
4241;神話;13.57;しんわ;myth;[1200, 368];30;;vocab
4242;視線;13.57;しせん;one's line of sight;[1174, 1438];36;;vocab
4243;四月;13.56;しがつ;April;[4, 13];1;;vocab
4244;予選;13.54;よせん;preliminary contest;[1719, 1944];47;;vocab
4245;解明;13.54;かいめい;clarification;[1955, 20];48;;vocab
4246;収支;13.53;しゅうし;income and expenditure;[1628, 768];39;;vocab
4247;スライド;13.52;スライド;slide;[];0;4;loanword
4248;匂い;13.51;におい;odor;[478];18;;vocab
4249;前向き;13.51;まえむき;Positive;[309, 195];13;;vocab
4250;グルメ;13.51;グルメ;Gourmet;[];0;4;loanword
4251;今夜;13.5;こんや;this evening;[1711, 1115];41;;vocab
4252;乾燥;13.49;かんそう;dryness;[502, 228];18;;vocab
4253;だからこそ;13.49;だからこそ;That's why;[];0;4;vocab
4254;適宜;13.49;てきぎ;suitable;[473, 1922];47;;vocab
4255;活発;13.49;かっぱつ;vigor;[154, 1840];44;;vocab
4256;立ち上がる;13.48;たちあがる;stand up;[462, 50];18;;vocab
4257;釣り;13.48;つり;fishing;[291];12;;vocab
4258;容量;13.48;ようりょう;capacity;[853, 189];24;;vocab
4259;告げる;13.47;つげる;tell;[262];11;;vocab
4260;基金;13.47;ききん;fund;[1904, 287];46;;vocab
4261;はじまる;13.47;はじまる;Beginning;[];0;4;vocab
4262;湖;13.46;みずうみ;lake;[159];8;;vocab
4263;要る;13.46;いる;need;[1730];41;;vocab
4264;修行;13.45;しゅぎょう;ascetic practices;[1858, 938];45;;vocab
4265;売却;13.45;ばいきゃく;selling off;[345, 1497];37;;vocab
4266;早め;13.45;はやめ;Early;[26];2;;vocab
4267;いっしょ;13.45;いっしょ;together;[];0;4;vocab
4268;飛行;13.45;ひこう;aviation;[2032, 938];51;;vocab
4269;成る;13.44;なる;become;[386];16;;vocab
4270;サークル;13.44;サークル;circle;[];0;4;loanword
4271;警備;13.44;けいび;defense;[358, 1267];32;;vocab
4272;それる;13.44;それる;deviate;[];0;4;vocab
4273;余地;13.44;よち;place;[1786, 554];43;;vocab
4274;膨大;13.43;ぼうだい;huge;[1855, 112];45;;vocab
4275;発送;13.43;はっそう;sending;[1840, 2172];55;;vocab
4276;旨;13.43;むね;effect;[493];18;;vocab
4277;憧れる;13.43;あこがれる;Admire;[681];22;;vocab
4278;不安定;13.43;ふあんてい;Unstable;[1302, 202, 408];32;;vocab
4279;送料;13.43;そうりょう;postage;[2172, 1262];55;;vocab
4280;鳴る;13.42;なる;ring;[2092];53;;vocab
4281;リード;13.42;リード;Lead;[];0;4;loanword
4282;民事;13.41;みんじ;civil affairs;[1976, 1240];49;;vocab
4283;トップページ;13.41;トップページ;Home Page;[];0;4;loanword
4284;規格;13.4;きかく;standard;[904, 312];25;;vocab
4285;潜在;13.4;せんざい;potentiality;[907, 740];25;;vocab
4286;景色;13.39;けしき;scenery;[336, 1890];45;;vocab
4287;弊社;13.38;へいしゃ;our firm;[1120, 1173];30;;vocab
4288;脇;13.38;わき;side;[935];25;;vocab
4289;さっそく;13.38;さっそく;Immediately;[];0;4;vocab
4290;配分;13.38;はいぶん;distribution;[1544, 844];38;;vocab
4291;店長;13.37;てんちょう;shop manager;[632, 2070];52;;vocab
4292;長崎;13.37;ながさき;Nagasaki;[2070, 840];52;;vocab
4293;見守る;13.36;みまもる;Watch over;[61, 198];9;;vocab
4294;国土;13.36;こくど;country;[624, 161];22;;vocab
4295;ごめんなさい;13.35;ごめんなさい;sorry;[];0;4;vocab
4296;パック;13.34;パック;pack;[];0;4;loanword
4297;おこなう;13.34;おこなう;Do;[];0;4;vocab
4298;古;13.33;ふる;old;[16];2;;vocab
4299;コンサルタント;13.33;コンサルタント;consultant;[];0;4;loanword
4300;擁護;13.32;ようご;protection;[1488, 756];36;;vocab
4301;突破;13.31;とっぱ;breaking through;[1416, 869];35;;vocab
4302;いれる;13.3;いれる;Put;[];0;4;vocab
4303;ルー;13.3;ルー;Lou;[];0;4;loanword
4304;自動的;13.3;じどうてき;automatically;[36, 1806, 73];43;;vocab
4305;都会;13.29;とかい;city;[1989, 814];49;;vocab
4306;ニュー;13.29;ニュー;New;[];0;4;loanword
4307;偉い;13.28;えらい;great;[1772];42;;vocab
4308;承る;13.28;うけたまわる;Accept;[2050];51;;vocab
4309;なので;13.28;なので;that's why;[];0;4;vocab
4310;オブジェクト;13.27;オブジェクト;Object;[];0;4;loanword
4311;仙台;13.27;せんだい;Sendai;[1061, 805];27;;vocab
4312;まわる;13.27;まわる;Turn;[];0;4;vocab
4313;豪華;13.25;ごうか;wonderful;[582, 1704];40;;vocab
4314;やたら;13.25;やたら;Excessively;[];0;4;vocab
4315;交代;13.25;こうたい;alternation;[1368, 1080];34;;vocab
4316;花火;13.24;はなび;fireworks;[1084, 173];27;;vocab
4317;下落;13.24;げらく;depreciation;[51, 320];13;;vocab
4318;まずい;13.24;まずい;bad;[];0;4;vocab
4319;受け止める;13.23;うけとめる;Accept;[794, 396];23;;vocab
4320;引き起こす;13.23;ひきおこす;cause;[1318, 565];33;;vocab
4321;訂正;13.23;ていせい;correction;[362, 405];17;;vocab
4322;回数;13.23;かいすう;number of times;[630, 998];26;;vocab
4323;ビックリ;13.22;ビックリ;Surprise;[];0;4;loanword
4324;つながり;13.22;つながり;Connections;[];0;4;vocab
4325;ブラック;13.21;ブラック;black;[];0;4;loanword
4326;作り出す;13.21;つくりだす;produce;[1224, 829];31;;vocab
4327;度目;13.21;どめ;the Nth time;[1278, 15];32;;vocab
4328;確かめる;13.2;たしかめる;Verify;[609];21;;vocab
4329;ミーティング;13.2;ミーティング;Meeting;[];0;4;loanword
4330;講習;13.19;こうしゅう;short course;[1957, 616];48;;vocab
4331;墓;13.19;はか;grave;[246];10;;vocab
4332;ずる;13.18;ずる;cheating;[];0;4;vocab
4333;みなす;13.18;みなす;I reckon;[];0;4;vocab
4334;寄付;13.17;きふ;contribution;[204, 1075];27;;vocab
4335;マネージャー;13.17;マネージャー;manager;[];0;4;loanword
4336;巻き込む;13.17;まきこむ;Involve;[1292, 843];32;;vocab
4337;先行;13.17;せんこう;preceding;[263, 938];25;;vocab
4338;表紙;13.17;ひょうし;front cover;[1666, 1971];49;;vocab
4339;泉;13.16;いずみ;Izumi;[140];8;;vocab
4340;冒険;13.15;ぼうけん;risk;[18, 1802];43;;vocab
4341;中継;13.15;ちゅうけい;relay;[39, 1470];36;;vocab
4342;保持;13.14;ほじ;retention;[1072, 712];27;;vocab
4343;コンセプト;13.14;コンセプト;concept;[];0;4;loanword
4344;視覚;13.14;しかく;sense of sight;[1174, 347];30;;vocab
4345;工作;13.14;こうさく;handicraft;[80, 1224];31;;vocab
4346;地獄;13.13;じごく;hell;[554, 361];21;;vocab
4347;大陸;13.13;たいりく;continent;[112, 1631];39;;vocab
4348;フレーム;13.13;フレーム;Frame;[];0;4;loanword
4349;看護;13.12;かんご;nursing;[688, 756];23;;vocab
4350;売り上げ;13.12;うりあげ;Sales;[345, 50];14;;vocab
4351;無し;13.11;なし;none;[1913];46;;vocab
4352;もうすぐ;13.11;もうすぐ;very soon;[];0;4;vocab
4353;ピーター;13.11;ピーター;Peter;[];0;4;loanword
4354;角度;13.11;かくど;angle;[1953, 1278];48;;vocab
4355;控訴;13.11;こうそ;koso appeal;[1415, 1221];35;;vocab
4356;勘違い;13.1;かんちがい;misunderstanding;[1906, 1773];46;;vocab
4357;端末;13.1;たんまつ;terminal;[1251, 231];31;;vocab
4358;余る;13.08;あまる;surplus;[1786];43;;vocab
4359;栽培;13.08;さいばい;cultivation;[382, 516];19;;vocab
4360;定着;13.08;ていちゃく;taking hold;[408, 594];21;;vocab
4361;必然;13.08;ひつぜん;inevitable;[685, 256];22;;vocab
4362;触る;13.08;さわる;touch;[1954];48;;vocab
4363;かん;13.07;かん;intuition;[];0;4;vocab
4364;ライセンス;13.06;ライセンス;license;[];0;4;loanword
4365;破る;13.05;やぶる;Break;[869];25;;vocab
4366;後悔;13.04;こうかい;regret;[1479, 672];36;;vocab
4367;出力;13.04;しゅつりょく;output;[829, 922];25;;vocab
4368;想い;13.04;おもい;Thoughts;[656];22;;vocab
4369;指標;13.04;しひょう;index;[711, 1734];41;;vocab
4370;オークション;13.04;オークション;auction;[];0;4;loanword
4371;見た目;13.04;みため;Appearance;[61, 15];4;;vocab
4372;脚本;13.04;きゃくほん;script;[1498, 224];37;;vocab
4373;ランド;13.03;ランド;land;[];0;4;loanword
4374;順番;13.02;じゅんばん;turn;[136, 2058];52;;vocab
4375;疑惑;13.02;ぎわく;doubt;[1513, 661];37;;vocab
4376;恐れ;13.02;おそれ;fear;[660];22;;vocab
4377;応答;13.02;おうとう;reply;[653, 1018];26;;vocab
4378;語学;13.01;ごがく;language study;[371, 346];15;;vocab
4379;拘束;13.0;こうそく;restriction;[706, 1793];43;;vocab
4380;妊娠;13.0;にんしん;conception;[546, 2168];55;;vocab
4381;録画;13.0;ろくが;recording;[1226, 1254];31;;vocab
4382;クラシック;13.0;クラシック;Classic;[];0;4;loanword
4383;やれる;12.99;やれる;Can be done;[];0;4;vocab
4384;改行;12.98;かいぎょう;new line;[567, 938];25;;vocab
4385;愛知;12.98;あいち;Aichi;[796, 1308];33;;vocab
4386;ベル;12.98;ベル;Bell;[];0;4;loanword
4387;ポー;12.98;ポー;Poe;[];0;4;loanword
4388;タウン;12.97;タウン;Town;[];0;4;loanword
4389;削る;12.97;けずる;Shave;[124];7;;vocab
4390;記号;12.96;きごう;symbol;[568, 1330];33;;vocab
4391;再建;12.95;さいけん;rebuilding;[1956, 417];48;;vocab
4392;池;12.95;いけ;pond;[555];21;;vocab
4393;奈良;12.94;なら;Nara;[1175, 1578];38;;vocab
4394;代替;12.94;だいたい;substitution;[1080, 905];27;;vocab
4395;細い;12.94;ほそい;thin;[1463];36;;vocab
4396;幼児;12.93;ようじ;infant;[1478, 62];36;;vocab
4397;電波;12.92;でんぱ;electro-magnetic wave;[574, 866];25;;vocab
4398;転載;12.92;てんさい;reprinting;[449, 383];18;;vocab
4399;たいてい;12.92;たいてい;generally;[];0;4;vocab
4400;フィリピン;12.91;フィリピン;Philippines;[];0;4;loanword
4401;生成;12.91;せいせい;creation;[1675, 386];40;;vocab
4402;意外と;12.91;いがいと;Surprisingly;[654, 116];22;;vocab
4403;接触;12.91;せっしょく;touch;[725, 1954];48;;vocab
4404;時には;12.91;ときには;in some cases;[171];8;;vocab
4405;トルコ;12.91;トルコ;Türkiye;[];0;4;loanword
4406;大分;12.91;おおいた;Oita;[112, 844];24;;vocab
4407;表記;12.9;ひょうき;writing on the surface;[1666, 568];40;;vocab
4408;新人;12.9;しんじん;new face;[1619, 1023];39;;vocab
4409;情熱;12.9;じょうねつ;passion;[1657, 1634];40;;vocab
4410;昨夜;12.89;さくや;last night;[1222, 1115];31;;vocab
4411;申込;12.89;もうしこみ;application;[1198, 843];30;;vocab
4412;私的;12.89;してき;personal;[968, 73];26;;vocab
4413;正解;12.89;せいかい;correct;[405, 1955];48;;vocab
4414;次第に;12.89;しだいに;gradually;[510, 1327];33;;vocab
4415;殺害;12.88;さつがい;killing;[1607, 1671];40;;vocab
4416;何だか;12.88;なんだか;somehow;[1087];27;;vocab
4417;カ国;12.88;かこく;countries;[624];22;;vocab
4418;親切;12.88;しんせつ;kindness;[1621, 89];39;;vocab
4419;冗談;12.87;じょうだん;jest;[321, 374];15;;vocab
4420;昼間;12.87;ひるま;daytime;[1156, 1747];42;;vocab
4421;バン;12.86;バン;van;[];0;4;loanword
4422;絵画;12.86;かいが;picture;[1446, 1254];36;;vocab
4423;稽古;12.84;けいこ;practice;[983, 16];26;;vocab
4424;対戦;12.84;たいせん;waging war;[1862, 2079];53;;vocab
4425;来日;12.84;らいにち;arrival in Japan;[2029, 12];51;;vocab
4426;循環;12.83;じゅんかん;circulation;[1998, 899];50;;vocab
4427;萌える;12.83;もえる;Cute;[9999];99;;vocab
4428;蓄積;12.83;ちくせき;accumulation;[1486, 1663];40;;vocab
4429;小型;12.83;こがた;small size;[110, 735];23;;vocab
4430;クロ;12.83;クロ;Kuro;[];0;4;loanword
4431;悪魔;12.82;あくま;devil;[1951, 2178];55;;vocab
4432;オーディオ;12.82;オーディオ;audio;[];0;4;loanword
4433;モー;12.81;モー;Mo;[];0;4;loanword
4434;海岸;12.81;かいがん;coast;[500, 1782];43;;vocab
4435;取り戻す;12.81;とりもどす;regain;[882, 1162];29;;vocab
4436;きつい;12.8;きつい;tight;[];0;4;vocab
4437;視野;12.8;しや;field of vision;[1174, 1722];41;;vocab
4438;天井;12.8;てんじょう;ceiling;[457, 1946];48;;vocab
4439;戸;12.79;と;door;[1157];29;;vocab
4440;与党;12.79;よとう;ruling party;[1335, 860];33;;vocab
4441;縦;12.79;たて;vertical;[1436];36;;vocab
4442;通販;12.79;つうはん;mail order;[1511, 783];37;;vocab
4443;中華;12.78;ちゅうか;Chinese;[39, 1704];40;;vocab
4444;トレード;12.78;トレード;trade;[];0;4;loanword
4445;ウチ;12.78;ウチ;My house;[];0;4;loanword
4446;ワシントン;12.78;ワシントン;Washington;[];0;4;loanword
4447;治安;12.77;ちあん;public order;[807, 202];23;;vocab
4448;認証;12.77;にんしょう;certification;[643, 406];22;;vocab
4449;論点;12.76;ろんてん;point in question;[1961, 181];48;;vocab
4450;申告;12.76;しんこく;report;[1198, 262];30;;vocab
4451;泊;12.74;とまり;nights;[158];8;;vocab
4452;三月;12.74;さんがつ;March;[3, 13];1;;vocab
4453;労働省;12.73;ろうどうしょう;Ministry of Labor;[924, 1809, 131];43;;vocab
4454;出荷;12.73;しゅっか;shipping;[829, 1088];27;;vocab
4455;ジョージ;12.72;ジョージ;George;[];0;4;loanword
4456;順調;12.72;じゅんちょう;favourable;[136, 373];15;;vocab
4457;エジプト;12.72;エジプト;Egypt;[];0;4;loanword
4458;官房;12.71;かんぼう;government secretariat;[1363, 1159];34;;vocab
4459;満ちる;12.71;みちる;be full;[1253];31;;vocab
4460;かい;12.71;かい;shellfish;[];0;4;vocab
4461;レンタル;12.71;レンタル;rental;[];0;4;loanword
4462;ジーコ;12.7;ジーコ;Zico;[];0;4;loanword
4463;デザイナー;12.69;デザイナー;designer;[];0;4;loanword
4464;貴方;12.69;あなた;you;[1908, 529];46;;vocab
4465;かえって;12.68;かえって;On the contrary;[];0;4;vocab
4466;飼う;12.67;かう;keep;[2010];50;;vocab
4467;付き合い;12.67;つきあい;dating;[1075, 269];27;;vocab
4468;シン;12.66;シン;Shin;[];0;4;loanword
4469;補足;12.66;ほそく;supplement;[1983, 1372];49;;vocab
4470;小売;12.66;こうり;retail;[110, 345];14;;vocab
4471;撤退;12.66;てったい;evacuation;[822, 1575];38;;vocab
4472;並びに;12.65;ならびに;and;[1924];47;;vocab
4473;グリーン;12.64;グリーン;green;[];0;4;loanword
4474;関数;12.64;かんすう;function;[2173, 998];55;;vocab
4475;代わる;12.64;かわる;replace;[1080];27;;vocab
4476;当面;12.64;とうめん;current;[1236, 2039];51;;vocab
4477;創設;12.63;そうせつ;establishment;[1759, 765];42;;vocab
4478;やりとり;12.62;やりとり;Interaction;[];0;4;vocab
4479;塗る;12.62;ぬる;paint;[1792];43;;vocab
4480;笋;12.62;たかんな;第;[9999];99;;vocab
4481;貧困;12.62;ひんこん;poor;[845, 621];24;;vocab
4482;なく;12.62;なく;Without;[];0;4;vocab
4483;著しい;12.62;いちじるしい;remarkable;[1347];34;;vocab
4484;到達;12.62;とうたつ;reaching;[817, 591];23;;vocab
4485;軍隊;12.62;ぐんたい;armed forces;[323, 1403];35;;vocab
4486;勧告;12.62;かんこく;advice;[928, 262];25;;vocab
4487;もしも;12.61;もしも;What if;[];0;4;vocab
4488;死者;12.61;ししゃ;casualty;[878, 1345];34;;vocab
4489;アイドル;12.61;アイドル;idol;[];0;4;loanword
4490;健;12.61;けん;Ken;[1048];27;;vocab
4491;満載;12.6;まんさい;fully loaded;[1253, 383];31;;vocab
4492;スポット;12.59;スポット;spot;[];0;4;loanword
4493;コト;12.59;コト;Things;[];0;4;loanword
4494;鬚;12.59;ひげ;beard;[9999];99;;vocab
4495;寿司;12.58;すし;sushi;[1687, 2007];50;;vocab
4496;討論;12.57;とうろん;debate;[364, 1961];48;;vocab
4497;英会話;12.57;えいかいわ;English conversation;[1878, 814, 368];45;;vocab
4498;弱;12.57;じゃく;weak;[1323];33;;vocab
4499;活かす;12.57;いかす;Make use of;[154];8;;vocab
4500;グレード;12.57;グレード;grade;[];0;4;loanword
4501;ごめん;12.56;ごめん;sorry;[];0;2;vocab
4502;放棄;12.56;ほうき;abandonment;[535, 820];23;;vocab
4503;歌詞;12.56;かし;song lyrics;[508, 2009];50;;vocab
4504;プリント;12.55;プリント;Print;[];0;4;loanword
4505;いちばん;12.54;いちばん;number one;[];0;4;vocab
4506;手間;12.54;てま;time;[687, 1747];42;;vocab
4507;究極;12.53;きゅうきょく;ultimate;[1417, 2052];51;;vocab
4508;人民;12.53;じんみん;people;[1023, 1976];49;;vocab
4509;スーツ;12.53;スーツ;suit;[];0;4;loanword
4510;強烈;12.52;きょうれつ;strong;[1321, 877];33;;vocab
4511;シングル;12.52;シングル;single;[];0;4;loanword
4512;仮;12.51;かり;tentative;[1039];27;;vocab
4513;本番;12.5;ほんばん;performance;[224, 2058];52;;vocab
4514;数える;12.5;かぞえる;count;[998];26;;vocab
4515;迅速;12.49;じんそく;quick;[298, 1799];43;;vocab
4516;体質;12.49;たいしつ;constitution;[1030, 1219];31;;vocab
4517;正面;12.48;しょうめん;front;[405, 2039];51;;vocab
4518;地帯;12.48;ちたい;area;[554, 444];21;;vocab
4519;つまらない;12.48;つまらない;boring;[];0;4;vocab
4520;塔;12.47;とう;tower;[270];12;;vocab
4521;新幹線;12.47;しんかんせん;bullet train;[1619, 1783, 1438];43;;vocab
4522;南部;12.45;なんぶ;southern part;[1740, 1988];49;;vocab
4523;収める;12.44;おさめる;Collect;[1628];39;;vocab
4524;天使;12.44;てんし;angel;[457, 1065];27;;vocab
4525;メモリ;12.43;メモリ;memory;[];0;4;loanword
4526;チョコレート;12.43;チョコレート;chocolate;[];0;4;loanword
4527;ポルトガル;12.43;ポルトガル;Portugal;[];0;4;loanword
4528;創る;12.43;つくる;Create;[1759];42;;vocab
4529;役所;12.42;やくしょ;government office;[949, 1208];31;;vocab
4530;定価;12.42;ていか;list price;[408, 1729];41;;vocab
4531;本屋;12.42;ほんや;bookstore;[224, 1138];29;;vocab
4532;描写;12.41;びょうしゃ;depiction;[723, 1336];33;;vocab
4533;橋本;12.4;はしもと;Hashimoto;[460, 224];18;;vocab
4534;ポンド;12.4;ポンド;lb;[];0;4;loanword
4535;休暇;12.4;きゅうか;holiday;[1038, 2027];51;;vocab
4536;割る;12.4;われる;divide;[1673];40;;vocab
4537;行方;12.39;ゆくえ;whereabouts;[938, 529];25;;vocab
4538;習う;12.39;ならう;learn;[616];21;;vocab
4539;気が付く;12.38;きがつく;notice;[2030, 1075];51;;vocab
4540;土産;12.38;みやげ;present;[161, 1681];40;;vocab
4541;あら;12.38;あら;fault;[];0;4;vocab
4542;奇妙;12.38;きみょう;strange;[133, 130];7;;vocab
4543;こいつ;12.38;こいつ;This guy;[];0;4;vocab
4544;のむ;12.36;のむ;Drink;[];0;4;vocab
4545;批評;12.36;ひひょう;criticism;[701, 1599];39;;vocab
4546;注ぐ;12.36;そそぐ;pour;[285];12;;vocab
4547;減;12.35;げん;decrease;[391];16;;vocab
4548;絡む;12.34;からむ;entangle;[1450];36;;vocab
4549;羽;12.34;はね;feather;[615];21;;vocab
4550;論争;12.34;ろんそう;controversy;[1961, 1238];48;;vocab
4551;徒歩;12.34;とほ;walking;[943, 397];25;;vocab
4552;図書;12.34;としょ;books;[1264, 349];31;;vocab
4553;あいだ;12.34;あいだ;noun (interval);[];0;4;vocab
4554;披露;12.33;ひろう;announcement;[868, 1377];34;;vocab
4555;コレクション;12.33;コレクション;collection;[];0;4;loanword
4556;関;12.32;せき;Seki;[2173];55;;vocab
4557;シェア;12.32;シェア;share;[];0;4;loanword
4558;ターゲット;12.32;ターゲット;target;[];0;4;loanword
4559;何故か;12.3;なぜか;For some reason;[1087, 355];27;;vocab
4560;別れ;12.3;わかれ;Farewell;[94];5;;vocab
4561;植民;12.3;しょくみん;colonization;[217, 1976];49;;vocab
4562;何となく;12.3;なんとなく;somehow;[1087];27;;vocab
4563;オレンジ;12.29;オレンジ;orange;[];0;4;loanword
4564;にもかかわらず;12.29;にもかかわらず;in spite of;[];0;4;vocab
4565;未満;12.29;みまん;less than;[229, 1253];31;;vocab
4566;松;12.29;まつ;pine;[848];24;;vocab
4567;長男;12.29;ちょうなん;eldest son;[2070, 923];52;;vocab
4568;好評;12.28;こうひょう;popularity;[103, 1599];39;;vocab
4569;怪しい;12.27;あやしい;suspicious;[773];23;;vocab
4570;ライ;12.27;ライ;Rai;[];0;4;loanword
4571;ボーナス;12.27;ボーナス;bonus;[];0;4;loanword
4572;参入;12.27;さんにゅう;entering;[1856, 842];45;;vocab
4573;した;12.27;した;noun (bottom/under);[];0;4;vocab
4574;幻想;12.27;げんそう;illusions;[2006, 656];50;;vocab
4575;例える;12.26;たとえる;compare;[1046];27;;vocab
4576;学年;12.26;がくねん;year in school;[346, 1114];28;;vocab
4577;セッション;12.25;セッション;session;[];0;4;loanword
4578;侵略;12.25;しんりゃく;aggression;[1231, 314];31;;vocab
4579;危ない;12.25;あぶない;dangerous;[1520];37;;vocab
4580;用品;12.25;ようひん;articles;[1265, 23];31;;vocab
4581;缶;12.25;かん;can;[2116];53;;vocab
4582;砂;12.25;すな;sand;[122];7;;vocab
4583;プライバシー;12.25;プライバシー;privacy;[];0;4;loanword
4584;したがう;12.25;したがう;Follow;[];0;4;vocab
4585;李;12.24;り;Lee;[9999];99;;vocab
4586;ポスター;12.24;ポスター;Poster;[];0;4;loanword
4587;革新;12.23;かくしん;reform;[2041, 1619];51;;vocab
4588;衝突;12.23;しょうとつ;collision;[1811, 1416];43;;vocab
4589;匿名;12.23;とくめい;anonymity;[1827, 117];44;;vocab
4590;全角;12.23;ぜんかく;em;[281, 1953];48;;vocab
4591;トー;12.23;トー;toe;[];0;4;loanword
4592;ヤツ;12.23;ヤツ;That guy;[];0;4;loanword
4593;フランス語;12.22;ふらんすご;French;[371];15;;vocab
4594;偉大;12.22;いだい;greatness;[1772, 112];42;;vocab
4595;何より;12.21;なにより;Above all;[1087];27;;vocab
4596;出資;12.21;しゅっし;investment;[829, 512];24;;vocab
4597;驚き;12.21;おどろき;surprise;[2141];54;;vocab
4598;チップ;12.21;チップ;Tips;[];0;4;loanword
4599;シュート;12.21;シュート;Shoot;[];0;4;loanword
4600;居住;12.2;きょじゅう;residence;[1143, 1027];29;;vocab
4601;拝見;12.2;はいけん;seeing;[1686, 61];40;;vocab
4602;著書;12.2;ちょしょ;literary work;[1347, 349];34;;vocab
4603;抽象;12.2;ちゅうしょう;abstract;[1187, 2130];53;;vocab
4604;孫;12.19;まご;grandchild;[1494];36;;vocab
4605;治る;12.19;なおる;heal;[807];23;;vocab
4606;理;12.18;り;Reason;[283];12;;vocab
4607;スクリーン;12.18;スクリーン;screen;[];0;4;loanword
4608;マッチ;12.17;マッチ;Match;[];0;4;loanword
4609;勤める;12.17;つとめる;serve;[1700];40;;vocab
4610;逆転;12.17;ぎゃくてん;change;[2109, 449];53;;vocab
4611;きめる;12.15;きめる;Decide;[];0;4;vocab
4612;諸君;12.14;しょくん;Gentlemen!;[1351, 1246];34;;vocab
4613;了解;12.14;りょうかい;comprehension;[101, 1955];48;;vocab
4614;スイッチ;12.14;スイッチ;switch;[];0;4;loanword
4615;ボックス;12.13;ボックス;box;[];0;4;loanword
4616;クルマ;12.13;クルマ;Car;[];0;4;loanword
4617;隠れる;12.13;かくれる;hide;[1410];35;;vocab
4618;共和;12.13;きょうわ;republican;[1934, 963];47;;vocab
4619;復興;12.13;ふっこう;revival;[940, 1533];37;;vocab
4620;喫煙;12.13;きつえん;smoking;[1670, 1739];41;;vocab
4621;乗り越える;12.12;のりこえる;get over;[1709, 413];40;;vocab
4622;統制;12.12;とうせい;regulation;[1447, 447];36;;vocab
4623;幹事;12.12;かんじ;executive secretary;[1783, 1240];43;;vocab
4624;解散;12.12;かいさん;breakup;[1955, 1273];48;;vocab
4625;ランク;12.1;ランク;Rank;[];0;4;loanword
4626;蔵;12.1;くら;storehouse;[913];25;;vocab
4627;誘導;12.1;ゆうどう;guidance;[982, 296];26;;vocab
4628;願い;12.1;ねがい;Wish;[143];8;;vocab
4629;麺;12.1;めん;noodles;[2040];51;;vocab
4630;文法;12.09;ぶんぽう;grammar;[1861, 813];45;;vocab
4631;秩序;12.09;ちつじょ;order;[969, 1720];41;;vocab
4632;争い;12.08;あらそい;dispute;[1238];31;;vocab
4633;チベット;12.08;チベット;Tibet;[];0;4;loanword
4634;書評;12.08;しょひょう;book review;[349, 1599];39;;vocab
4635;重点;12.08;じゅうてん;important point;[1805, 181];43;;vocab
4636;軒;12.08;のき;Eaves;[1781];43;;vocab
4637;悲劇;12.07;ひげき;tragedy;[1763, 2152];54;;vocab
4638;怪我;12.06;けが;injury;[773, 690];23;;vocab
4639;マウス;12.06;マウス;mouse;[];0;4;loanword
4640;単独;12.06;たんどく;sole;[2078, 561];53;;vocab
4641;報じる;12.06;ほうじる;report;[1625];39;;vocab
4642;年末;12.05;ねんまつ;end-of-year;[1114, 231];28;;vocab
4643;即;12.05;そく;Immediately;[1572];38;;vocab
4644;炎;12.05;ほのお;flame;[174];8;;vocab
4645;ごとし;12.04;ごとし;Like;[];0;4;vocab
4646;ジャンプ;12.04;ジャンプ;Jump;[];0;4;loanword
4647;脂肪;12.04;しぼう;fat;[494, 533];19;;vocab
4648;署;12.04;しょ;Police station;[1349];34;;vocab
4649;会える;12.04;あえる;Meet;[814];23;;vocab
4650;縮小;12.03;しゅくしょう;reduction;[1434, 110];36;;vocab
4651;フェ;12.03;フェ;Fe;[];0;4;loanword
4652;占領;12.03;せんりょう;occupation;[49, 1507];37;;vocab
4653;研;12.02;けん;Ken;[729];23;;vocab
4654;枠組み;12.02;わくぐみ;framework;[212, 1914];47;;vocab
4655;規約;12.02;きやく;agreement;[904, 1462];36;;vocab
4656;共;12.01;とも;together;[1934];47;;vocab
4657;テイ;12.01;テイ;Tei;[];0;4;loanword
4658;携わる;12.01;たずさわる;be involved;[742];23;;vocab
4659;陽;12.01;ひ;Yang;[1397];35;;vocab
4660;不法;12.0;ふほう;lawlessness;[1302, 813];32;;vocab
4661;ダン;12.0;ダン;Dan;[];0;4;loanword
4662;樹;12.0;き;tree;[1554];38;;vocab
4663;トロ;12.0;トロ;Fatty tuna;[];0;4;loanword
4664;探偵;12.0;たんてい;detective;[1425, 1056];35;;vocab
4665;しる;11.99;しる;Know;[];0;4;vocab
4666;農村;11.99;のうそん;agricultural community;[2170, 221];55;;vocab
4667;進展;11.98;しんてん;progress;[603, 2075];52;;vocab
4668;倒す;11.98;たおす;knock down;[1055];27;;vocab
4669;日付;11.98;ひづけ;date;[12, 1075];27;;vocab
4670;創作;11.98;そうさく;production;[1759, 1224];42;;vocab
4671;眠い;11.98;ねむい;sleepy;[1977];49;;vocab
4672;武装;11.97;ぶそう;arms;[403, 425];18;;vocab
4673;によりまして;11.97;によりまして;Due to;[];0;4;vocab
4674;婦人;11.97;ふじん;woman;[1234, 1023];31;;vocab
4675;天国;11.95;てんごく;paradise;[457, 624];22;;vocab
4676;声明;11.95;せいめい;declaration;[2044, 20];51;;vocab
4677;エル;11.95;エル;El;[];0;4;loanword
4678;ケン;11.95;ケン;Ken;[];0;4;loanword
4679;構う;11.95;かまう;Pay attention;[1959];48;;vocab
4680;ライター;11.94;ライター;writer;[];0;4;loanword
4681;とうとう;11.93;とうとう;finally;[];0;4;vocab
4682;美人;11.93;びじん;beautiful person;[587, 1023];27;;vocab
4683;贈る;11.93;おくる;give;[542];19;;vocab
4684;ロス;11.92;ロス;loss;[];0;4;loanword
4685;竹;11.92;たけ;bamboo;[1007];26;;vocab
4686;難い;11.92;かたい;hard;[1703];40;;vocab
4687;皮膚;11.91;ひふ;skin;[865, 2147];54;;vocab
4688;初日;11.91;しょにち;first or opening day;[431, 12];18;;vocab
4689;こども;11.91;こども;child;[];0;4;vocab
4690;うい;11.91;うい;rainwear;[];0;4;vocab
4691;マイケル;11.9;マイケル;Michael;[];0;4;loanword
4692;どー;11.9;どー;What?;[];0;4;vocab
4693;とう;11.89;とう;tower;[];0;4;vocab
4694;下す;11.89;くだす;lower;[51];3;;vocab
4695;みせる;11.89;みせる;Show;[];0;4;vocab
4696;ちょ;11.89;ちょ;Cho;[];0;4;vocab
4697;平日;11.88;へいじつ;weekday;[1596, 12];39;;vocab
4698;お伝え;11.88;おつたえ;Notice;[1036];27;;vocab
4699;氷;11.88;こおり;ice;[138];8;;vocab
4700;魔;11.88;ま;devil;[2178];55;;vocab
4701;整える;11.88;ととのえる;Arrange;[1800];43;;vocab
4702;まことに;11.87;まことに;Truly;[];0;4;vocab
4703;公社;11.87;こうしゃ;public corporation;[847, 1173];30;;vocab
4704;推定;11.87;すいてい;presumption;[716, 408];23;;vocab
4705;振動;11.87;しんどう;oscillation;[2167, 1806];55;;vocab
4706;リエ;11.86;リエ;Rie;[];0;4;loanword
4707;志;11.86;こころざし;will;[645];22;;vocab
4708;回路;11.85;かいろ;circuit;[630, 1376];34;;vocab
4709;外れる;11.85;はずれる;come off;[116];7;;vocab
4710;金銭;11.85;きんせん;money;[287, 394];16;;vocab
4711;由来;11.85;ゆらい;origin;[1186, 2029];51;;vocab
4712;蓮;11.85;はちす;lotus;[9999];99;;vocab
4713;東北;11.84;とうほく;north-east;[543, 480];19;;vocab
4714;孤独;11.84;こどく;isolation;[2024, 561];50;;vocab
4715;レンズ;11.83;レンズ;lens;[];0;4;loanword
4716;ステ;11.83;ステ;Ste;[];0;4;loanword
4717;ピンク;11.83;ピンク;pink;[];0;4;loanword
4718;トラ;11.82;トラ;tiger;[];0;4;loanword
4719;割引;11.82;わりびき;discount;[1673, 1318];40;;vocab
4720;インフルエンザ;11.81;インフルエンザ;influenza;[];0;4;loanword
4721;崩れる;11.81;くずれる;collapse;[836];24;;vocab
4722;騒ぐ;11.8;さわぐ;make noise;[2139];54;;vocab
4723;暗号;11.8;あんごう;code;[519, 1330];33;;vocab
4724;チーズ;11.8;チーズ;cheese;[];0;4;loanword
4725;共産;11.8;きょうさん;communism;[1934, 1681];47;;vocab
4726;ソウル;11.8;ソウル;Seoul;[];0;4;loanword
4727;策定;11.79;さくてい;decision;[1019, 408];26;;vocab
4728;最中;11.78;さいちゅう;in the middle of;[884, 39];25;;vocab
4729;だし;11.78;だし;dashi;[];0;4;vocab
4730;チャン;11.78;チャン;Chan;[];0;4;loanword
4731;公平;11.78;こうへい;fairness;[847, 1596];39;;vocab
4732;負け;11.78;まけ;Loss;[67];4;;vocab
4733;アルコール;11.77;アルコール;alcohol;[];0;4;loanword
4734;尚;11.77;なお;still;[196];9;;vocab
4735;燃える;11.77;もえる;Burning;[549];20;;vocab
4736;謝罪;11.76;しゃざい;apology;[1339, 1764];42;;vocab
4737;分間;11.76;ふんかん;~ minutes interval;[844, 1747];42;;vocab
4738;現時点;11.76;げんじてん;Currently;[275, 171, 181];12;;vocab
4739;助成;11.76;じょせい;assisting;[1921, 386];47;;vocab
4740;衣装;11.76;いしょう;clothing;[423, 425];18;;vocab
4741;磨く;11.76;みがく;polish;[638];22;;vocab
4742;うどん;11.75;うどん;Udon;[];0;4;vocab
4743;エラー;11.75;エラー;error;[];0;4;loanword
4744;単;11.75;たん;single;[2078];53;;vocab
4745;改造;11.74;かいぞう;remodeling;[567, 299];21;;vocab
4746;照らす;11.74;てらす;Illuminate;[182];8;;vocab
4747;インフラ;11.74;インフラ;infrastructure;[];0;4;loanword
4748;國;11.74;くに;country;[9999];99;;vocab
4749;加速;11.73;かそく;acceleration;[932, 1799];43;;vocab
4750;パーセント;11.73;パーセント;percent;[];0;4;loanword
4751;あそこ;11.73;あそこ;over there;[];0;1;vocab
4752;メジャー;11.73;メジャー;major;[];0;4;loanword
4753;ポリシー;11.73;ポリシー;policy;[];0;4;loanword
4754;介入;11.72;かいにゅう;intervention;[265, 842];24;;vocab
4755;要する;11.72;ようする;It takes;[1730];41;;vocab
4756;クール;11.72;クール;cool;[];0;4;loanword
4757;皿;11.71;さら;dish;[1555];38;;vocab
4758;新作;11.71;しんさく;new work;[1619, 1224];39;;vocab
4759;途上;11.7;とじょう;en route;[1790, 50];43;;vocab
4760;ふえる;11.7;ふえる;Increase;[];0;4;vocab
4761;むずかしい;11.7;むずかしい;Difficult;[];0;4;vocab
4762;液晶;11.69;えきしょう;liquid crystal;[1116, 22];28;;vocab
4763;直;11.69;ただし;straight;[77];5;;vocab
4764;欲望;11.69;よくぼう;desire;[855, 528];24;;vocab
4765;済ませる;11.69;すませる;Complete;[1868];45;;vocab
4766;というのも;11.68;というのも;Because;[];0;4;vocab
4767;区域;11.68;くいき;limits;[1831, 380];44;;vocab
4768;破綻;11.68;はたん;failure;[869, 1439];36;;vocab
4769;スウェーデン;11.66;スウェーデン;Sweden;[];0;4;loanword
4770;だい;11.65;だい;big;[];0;4;vocab
4771;鑑定;11.65;かんてい;judgement;[1564, 408];38;;vocab
4772;マイク;11.64;マイク;microphone;[];0;4;loanword
4773;盗む;11.64;ぬすむ;steal;[1559];38;;vocab
4774;保管;11.63;ほかん;charge;[1072, 1365];34;;vocab
4775;若手;11.62;わかて;young person;[237, 687];23;;vocab
4776;リサイクル;11.61;リサイクル;recycling;[];0;4;loanword
4777;鋭い;11.61;するどい;sharp;[539];19;;vocab
4778;何と;11.61;なんと;What;[1087];27;;vocab
4779;手伝う;11.6;てつだう;help;[687, 1036];27;;vocab
4780;パレスチナ;11.59;パレスチナ;Palestine;[];0;4;loanword
4781;無意識;11.59;むいしき;unconscious;[1913, 654, 521];46;;vocab
4782;ペーパー;11.59;ペーパー;paper;[];0;4;loanword
4783;いまだに;11.59;いまだに;Still;[];0;4;vocab
4784;まとめ;11.59;まとめ;summary;[];0;4;vocab
4785;公害;11.58;こうがい;pollution;[847, 1671];40;;vocab
4786;会館;11.58;かいかん;meeting hall;[814, 1589];38;;vocab
4787;つぶやく;11.58;つぶやく;Tweet;[];0;4;vocab
4788;不十分;11.58;ふじゅうぶん;insufficient;[1302, 10, 844];32;;vocab
4789;映画館;11.57;えいがかん;movie theatre;[1879, 1254, 1589];45;;vocab
4790;スコットランド;11.57;スコットランド;Scotland;[];0;4;loanword
4791;事柄;11.57;ことがら;matter;[1240, 1097];31;;vocab
4792;ローカル;11.57;ローカル;local;[];0;4;loanword
4793;異議;11.57;いぎ;objection;[1936, 692];47;;vocab
4794;法廷;11.57;ほうてい;courtroom;[813, 547];23;;vocab
4795;平気;11.56;へいき;coolness;[1596, 2030];51;;vocab
4796;移住;11.55;いじゅう;migration;[964, 1027];27;;vocab
4797;処置;11.55;しょち;treatment;[318, 895];25;;vocab
4798;悔しい;11.55;くやしい;regrettable;[672];22;;vocab
4799;留学生;11.55;りゅうがくせい;international student;[1527, 346, 1675];40;;vocab
4800;従事;11.55;じゅうじ;engaging;[942, 1240];31;;vocab
4801;もったいない;11.54;もったいない;too good to waste;[];0;4;vocab
4802;デバイス;11.54;デバイス;device;[];0;4;loanword
4803;敷地;11.54;しきち;site;[2028, 554];51;;vocab
4804;分散;11.54;ぶんさん;dispersion;[844, 1273];32;;vocab
4805;ドライバー;11.53;ドライバー;driver;[];0;4;loanword
4806;とかいう;11.53;とかいう;Something like that;[];0;4;vocab
4807;分科;11.53;ぶんか;department;[844, 1263];31;;vocab
4808;モバイル;11.53;モバイル;Mobile;[];0;4;loanword
4809;発足;11.53;ほっそく;starting;[1840, 1372];44;;vocab
4810;しょうが;11.53;しょうが;ginger;[];0;4;vocab
4811;しかる;11.52;しかる;scold;[];0;4;vocab
4812;棚;11.52;たな;shelf;[214];10;;vocab
4813;突入;11.51;とつにゅう;rushing into;[1416, 842];35;;vocab
4814;すみません;11.51;すみません;sorry;[];0;2;vocab
4815;室内;11.51;しつない;indoor;[816, 1095];27;;vocab
4816;走行;11.5;そうこう;running a wheeled vehicle;[410, 938];25;;vocab
4817;姉妹;11.5;しまい;sisters;[442, 234];18;;vocab
4818;議事;11.49;ぎじ;proceedings;[692, 1240];31;;vocab
4819;文部;11.49;もんぶ;Ministry of Education, Culture, Sports, Science and Technology;[1861, 1988];49;;vocab
4820;づらい;11.48;づらい;Difficult;[];0;4;vocab
4821;かよう;11.48;かよう;Kayou;[];0;4;vocab
4822;観念;11.48;かんねん;idea;[614, 1715];41;;vocab
4823;未だに;11.48;いまだに;still;[229];10;;vocab
4824;調べ;11.48;しらべ;Investigation;[373];15;;vocab
4825;歌手;11.48;かしゅ;singer;[508, 687];23;;vocab
4826;臨床;11.48;りんしょう;clinical;[918, 636];25;;vocab
4827;上下;11.47;じょうか;top and bottom;[50, 51];3;;vocab
4828;くせ;11.47;くせ;Habit;[];0;4;vocab
4829;学術;11.47;がくじゅつ;science;[346, 1644];39;;vocab
4830;電池;11.47;でんち;battery;[574, 555];21;;vocab
4831;履歴;11.46;りれき;personal history;[1137, 402];29;;vocab
4832;解雇;11.45;かいこ;discharge;[1955, 1164];48;;vocab
4833;先月;11.45;せんげつ;last month;[263, 13];11;;vocab
4834;コール;11.44;コール;call;[];0;4;loanword
4835;川崎;11.44;かわさき;Kawasaki;[134, 840];24;;vocab
4836;インテリア;11.42;インテリア;interior;[];0;4;loanword
4837;家電;11.42;かでん;consumer electronics;[580, 574];21;;vocab
4838;爆弾;11.42;ばくだん;bomb;[1942, 2081];53;;vocab
4839;マル;11.42;マル;Maru;[];0;4;loanword
4840;店内;11.42;てんない;store interior;[632, 1095];27;;vocab
4841;漂う;11.42;ただよう;drift;[1733];41;;vocab
4842;周;11.41;しゅう;Zhou;[339];14;;vocab
4843;おお;11.4;おお;oh;[];0;4;vocab
4844;言い訳;11.4;いいわけ;excuse;[357, 1154];29;;vocab
4845;同期;11.4;どうき;contemporary;[192, 1902];46;;vocab
4846;移植;11.39;いしょく;transplanting;[964, 217];26;;vocab
4847;ジャック;11.39;ジャック;Jack;[];0;4;loanword
4848;施工;11.38;しこう;construction;[1124, 80];29;;vocab
4849;自国;11.38;じこく;one's own country;[36, 624];22;;vocab
4850;セール;11.38;セール;Sale;[];0;4;loanword
4851;理屈;11.38;りくつ;theory;[283, 1140];29;;vocab
4852;収容;11.38;しゅうよう;accommodation;[1628, 853];39;;vocab
4853;全身;11.38;ぜんしん;whole;[281, 1337];34;;vocab
4854;示唆;11.38;しさ;suggestion;[1167, 828];30;;vocab
4855;惹く;11.37;ひく;Attract;[9999];99;;vocab
4856;率直;11.37;そっちょく;frankness;[1874, 77];45;;vocab
4857;耐震;11.37;たいしん;resistant to earthquakes;[1248, 2166];55;;vocab
4858;駅前;11.37;えきまえ;in front of station;[2138, 309];54;;vocab
4859;いったん;11.36;いったん;Once;[];0;4;vocab
4860;報;11.36;ほう;Information;[1625];39;;vocab
4861;儲かる;11.36;もうかる;make a profit;[9999];99;;vocab
4862;伝;11.35;つて;Transmission;[1036];27;;vocab
4863;職務;11.35;しょくむ;professional duties;[887, 1313];33;;vocab
4864;商標;11.35;しょうひょう;trademark;[471, 1734];41;;vocab
4865;あつい;11.35;あつい;hot;[];0;4;vocab
4866;絶望;11.35;ぜつぼう;despair;[1891, 528];45;;vocab
4867;食堂;11.34;しょくどう;dining room;[1582, 861];38;;vocab
4868;連休;11.34;れんきゅう;consecutive holidays;[305, 1038];27;;vocab
4869;何とも;11.33;なんとも;Nothing;[1087];27;;vocab
4870;マス;11.32;マス;trout;[];0;4;loanword
4871;イイ;11.32;イイ;Good;[];0;4;loanword
4872;予備;11.31;よび;preparation;[1719, 1267];41;;vocab
4873;入社;11.31;にゅうしゃ;joining a company;[842, 1173];30;;vocab
4874;イングランド;11.31;イングランド;England;[];0;4;loanword
4875;晴れる;11.31;はれる;sunny;[1658];40;;vocab
4876;部会;11.3;ぶかい;section meeting;[1988, 814];49;;vocab
4877;グランド;11.3;グランド;ground;[];0;4;loanword
4878;出勤;11.3;しゅっきん;attendance;[829, 1700];40;;vocab
4879;警戒;11.29;けいかい;vigilance;[358, 730];23;;vocab
4880;オーバー;11.29;オーバー;over-;[];0;4;loanword
4881;トヨタ;11.28;トヨタ;Toyota;[];0;4;loanword
4882;だく;11.28;だく;hold;[];0;4;vocab
4883;イス;11.28;イス;chair;[];0;4;loanword
4884;引き出す;11.27;ひきだす;pull out;[1318, 829];33;;vocab
4885;融合;11.27;ゆうごう;agglutination;[1123, 269];28;;vocab
4886;棒;11.27;ぼう;rod;[1697];40;;vocab
4887;お送り;11.27;おおくり;Pick-up;[2172];55;;vocab
4888;返済;11.27;へんさい;repayment;[782, 1868];45;;vocab
4889;外務;11.26;がいむ;foreign affairs;[116, 1313];33;;vocab
4890;どうか;11.25;どうか;Please;[];0;4;vocab
4891;省庁;11.25;しょうちょう;ministries and government offices;[131, 635];22;;vocab
4892;付属;11.25;ふぞく;attached;[1075, 2103];53;;vocab
4893;犯;11.25;はん;crime;[1517];37;;vocab
4894;助かる;11.25;たすかる;Helpful;[1921];47;;vocab
4895;露;11.25;ろ;dew;[1377];34;;vocab
4896;組み合わせる;11.24;くみあわせる;combine;[1914, 269];47;;vocab
4897;かれる;11.24;かれる;Can be;[];0;4;vocab
4898;泊まる;11.24;とまる;stay;[158];8;;vocab
4899;芝居;11.23;しばい;play;[1301, 1143];32;;vocab
4900;節約;11.23;せつやく;economising;[1574, 1462];38;;vocab
4901;メイド;11.22;メイド;maid;[];0;4;loanword
4902;値上げ;11.22;ねあげ;price increase;[1052, 50];27;;vocab
4903;またまた;11.22;またまた;Again;[];0;4;vocab
4904;火曜日;11.21;かようび;Tuesday;[173, 618, 12];21;;vocab
4905;清水;11.21;しみず;spring water;[1659, 137];40;;vocab
4906;ウソ;11.21;ウソ;Lie;[];0;4;loanword
4907;手前;11.21;てまえ;before;[687, 309];23;;vocab
4908;あい;11.21;あい;love;[];0;4;vocab
4909;司会;11.21;しかい;chairmanship;[2007, 814];50;;vocab
4910;防衛庁;11.2;ぼうえいちょう;Defense Agency;[1399, 1775, 635];42;;vocab
4911;湯;11.2;ゆ;Hot water;[585];21;;vocab
4912;ゼミ;11.2;ゼミ;Seminar;[];0;4;loanword
4913;手作り;11.19;てづくり;handmade;[687, 1224];31;;vocab
4914;いい加減;11.19;いいかげん;Seriously;[932, 391];25;;vocab
4915;惑星;11.18;わくせい;planet;[661, 1676];40;;vocab
4916;岡田;11.18;おかだ;Okada;[2112, 14];53;;vocab
4917;合同;11.18;ごうどう;combination;[269, 192];12;;vocab
4918;主導;11.17;しゅどう;leadership;[284, 296];13;;vocab
4919;わく;11.17;わく;frame;[];0;4;vocab
4920;治;11.17;ち;Osamu;[807];23;;vocab
4921;善;11.17;ぜん;good;[1112];28;;vocab
4922;ソロ;11.17;ソロ;solo;[];0;4;loanword
4923;部下;11.17;ぶか;subordinate person;[1988, 51];49;;vocab
4924;公団;11.17;こうだん;public corporation;[847, 625];24;;vocab
4925;かまう;11.16;かまう;Care;[];0;4;vocab
4926;吐く;11.15;はく;Vomit;[162];8;;vocab
4927;クロス;11.14;クロス;cross;[];0;4;loanword
4928;習得;11.14;しゅうとく;learning;[616, 941];25;;vocab
4929;直面;11.14;ちょくめん;confrontation;[77, 2039];51;;vocab
4930;高知;11.14;こうち;Kochi;[329, 1308];33;;vocab
4931;さくら;11.14;さくら;cherry blossoms;[];0;4;vocab
4932;アルゼンチン;11.14;アルゼンチン;Argentina;[];0;4;loanword
4933;コミック;11.14;コミック;Comics;[];0;4;loanword
4934;談;11.14;だん;story;[374];15;;vocab
4935;転送;11.13;てんそう;transfer;[449, 2172];55;;vocab
4936;ギリシャ;11.13;ギリシャ;Greece;[];0;4;loanword
4937;セリフ;11.13;セリフ;Dialogue;[];0;4;loanword
4938;校長;11.13;こうちょう;principal;[1371, 2070];52;;vocab
4939;ボー;11.12;ボー;baud;[];0;4;loanword
4940;華;11.12;はな;flower;[1704];40;;vocab
4941;域;11.12;いき;area;[380];16;;vocab
4942;検察;11.12;けんさつ;examination;[1803, 1184];43;;vocab
4943;踊り;11.12;おどり;dance;[1512];37;;vocab
4944;無限;11.12;むげん;infinite;[1913, 1576];46;;vocab
4945;両国;11.11;りょうこく;both countries;[1252, 624];31;;vocab
4946;助け;11.1;たすけ;Help;[1921];47;;vocab
4947;農林;11.1;のうりん;agriculture and forestry;[2170, 208];55;;vocab
4948;スペシャル;11.1;スペシャル;Special;[];0;4;loanword
4949;統治;11.1;とうち;rule;[1447, 807];36;;vocab
4950;純;11.09;じゅん;pure;[1609];39;;vocab
4951;早朝;11.09;そうちょう;early morning;[26, 53];3;;vocab
4952;福島;11.09;ふくしま;Fukushima;[1171, 2098];53;;vocab
4953;県内;11.09;けんない;within the prefecture;[552, 1095];27;;vocab
4954;良;11.09;りょう;good;[1578];38;;vocab
4955;史上;11.08;しじょう;historical;[747, 50];23;;vocab
4956;背後;11.07;はいご;back;[481, 1479];36;;vocab
4957;間接;11.07;かんせつ;indirection;[1747, 725];42;;vocab
4958;トマト;11.05;トマト;tomato;[];0;4;loanword
4959;粉;11.05;こな;powder;[988];26;;vocab
4960;後日;11.05;ごじつ;in the future;[1479, 12];36;;vocab
4961;感性;11.05;かんせい;sensitivity;[662, 1679];40;;vocab
4962;モニター;11.05;モニター;monitor;[];0;4;loanword
4963;めざす;11.04;めざす;Aim;[];0;4;vocab
4964;省略;11.04;しょうりゃく;omission;[131, 314];13;;vocab
4965;無効;11.03;むこう;invalid;[1913, 1369];46;;vocab
4966;剛;11.02;つよし;Tsuyoshi;[2115];53;;vocab
4967;騙す;11.02;だます;deceive;[9999];99;;vocab
4968;オイル;11.02;オイル;oil;[];0;4;loanword
4969;王国;11.02;おうこく;kingdom;[271, 624];22;;vocab
4970;速報;11.01;そくほう;news flash;[1799, 1625];43;;vocab
4971;バイ;11.01;バイ;by;[];0;4;loanword
4972;郊外;11.01;こうがい;suburb;[1987, 116];49;;vocab
4973;代金;11.01;だいきん;price;[1080, 287];27;;vocab
4974;ネコ;11.0;ネコ;cat;[];0;4;loanword
4975;歩む;10.99;あゆむ;walk;[397];17;;vocab
4976;そこそこ;10.97;そこそこ;Fairly good;[];0;4;vocab
4977;能;10.97;のう;Noh;[2160];54;;vocab
4978;似合う;10.97;にあう;Looks good on you;[1106, 269];28;;vocab
4979;やって来る;10.97;やってくる;come over;[2029];51;;vocab
4980;彼等;10.97;かれら;they;[948, 1016];26;;vocab
4981;植える;10.96;うえる;plant;[217];10;;vocab
4982;使命;10.96;しめい;mission;[1065, 1502];37;;vocab
4983;財団;10.96;ざいだん;foundation;[737, 625];23;;vocab
4984;五月;10.96;ごがつ;May;[5, 13];1;;vocab
4985;戦前;10.96;せんぜん;pre-war days;[2079, 309];53;;vocab
4986;故障;10.96;こしょう;breakdown;[355, 1393];35;;vocab
4987;ポケット;10.95;ポケット;pocket;[];0;4;loanword
4988;他方;10.95;たほう;one;[1034, 529];27;;vocab
4989;メカニズム;10.95;メカニズム;mechanism;[];0;4;loanword
4990;カッコ;10.95;カッコ;brackets;[];0;4;loanword
4991;答申;10.95;とうしん;report;[1018, 1198];30;;vocab
4992;直ちに;10.94;ただちに;right away;[77];5;;vocab
4993;境界;10.94;きょうかい;boundary;[523, 266];19;;vocab
4994;毒;10.92;どく;poison;[1651];40;;vocab
4995;どこか;10.91;どこか;somewhere;[];0;4;vocab
4996;ぶつかる;10.91;ぶつかる;collide;[];0;4;vocab
4997;用途;10.91;ようと;use;[1265, 1790];43;;vocab
4998;真理;10.91;しんり;truth;[79, 283];12;;vocab
4999;誇り;10.91;ほこり;pride;[1332];33;;vocab
5000;要約;10.9;ようやく;summary;[1730, 1462];41;;vocab
5001;盛り込む;10.9;もりこむ;Include;[1567, 843];38;;vocab
5002;石川;10.9;いしかわ;Ishikawa;[118, 134];8;;vocab
5003;ブラ;10.89;ブラ;Bra;[];0;4;loanword
5004;王子;10.89;おうじ;prince;[271, 99];12;;vocab
5005;仮説;10.89;かせつ;hypothesis;[1039, 538];27;;vocab
5006;引き上げる;10.89;ひきあげる;Pull up;[1318, 50];33;;vocab
5007;アップル;10.89;アップル;Apple;[];0;4;loanword
5008;伸び;10.89;のび;stretch;[1199];30;;vocab
5009;宅;10.89;たく;home;[2065];52;;vocab
5010;キャンパス;10.88;キャンパス;campus;[];0;4;loanword
5011;さっぱり;10.88;さっぱり;Refreshing;[];0;4;vocab
5012;用紙;10.88;ようし;blank form;[1265, 1971];49;;vocab
5013;出来;10.87;でき;workmanship;[829, 2029];51;;vocab
5014;講じる;10.87;こうじる;take measures;[1957];48;;vocab
5015;易い;10.87;やすい;easy;[1130];29;;vocab
5016;味方;10.86;みかた;friend;[233, 529];19;;vocab
5017;癖;10.86;くせ;habit;[1826];44;;vocab
5018;押さえる;10.86;おさえる;Hold;[1195];30;;vocab
5019;主役;10.86;しゅやく;leading part;[284, 949];25;;vocab
5020;布;10.85;ぬの;cloth;[433];18;;vocab
5021;国産;10.85;こくさん;domestic;[624, 1681];40;;vocab
5022;一環;10.85;いっかん;link;[1, 899];25;;vocab
5023;ついで;10.85;ついで;Next;[];0;4;vocab
5024;喋る;10.84;しゃべる;speak;[9999];99;;vocab
5025;へる;10.84;へる;Hel;[];0;4;vocab
5026;英文;10.83;えいぶん;sentence in English;[1878, 1861];45;;vocab
5027;類似;10.83;るいじ;resemblance;[1000, 1106];28;;vocab
5028;届ける;10.83;とどける;deliver;[1191];30;;vocab
5029;詰まる;10.83;つまる;Clogged;[367];15;;vocab
5030;揃える;10.83;そろえる;Align;[9999];99;;vocab
5031;軽減;10.82;けいげん;abatement;[774, 391];23;;vocab
5032;蹴る;10.82;ける;kick;[2122];53;;vocab
5033;あっという間に;10.81;あっというまに;in a flash;[1747];42;;vocab
5034;様式;10.81;ようしき;style;[1003, 377];26;;vocab
5035;任務;10.81;にんむ;duty;[1078, 1313];33;;vocab
5036;跡;10.81;あと;Traces;[1883];45;;vocab
5037;ベン;10.81;ベン;Ben;[];0;4;loanword
5038;守備;10.8;しゅび;defense;[198, 1267];32;;vocab
5039;制裁;10.8;せいさい;restraint;[447, 424];18;;vocab
5040;幕;10.8;まく;curtain;[437];18;;vocab
5041;在;10.8;ざい;present;[740];23;;vocab
5042;兵庫;10.8;ひょうご;Hyogo;[1429, 633];35;;vocab
5043;サウンド;10.79;サウンド;sound;[];0;4;loanword
5044;教養;10.79;きょうよう;cultivation;[1343, 1591];38;;vocab
5045;沿い;10.79;そい;Along;[858];24;;vocab
5046;トム;10.78;トム;Tom;[];0;4;loanword
5047;侵入;10.78;しんにゅう;penetration;[1231, 842];31;;vocab
5048;にわたる;10.78;にわたる;spanning;[];0;4;vocab
5049;ちがう;10.77;ちがう;different;[];0;4;vocab
5050;光る;10.76;ひかる;glow;[125];7;;vocab
5051;予感;10.76;よかん;presentiment;[1719, 662];41;;vocab
5052;リア;10.75;リア;rear;[];0;4;loanword
5053;的確;10.75;てきかく;precise;[73, 609];21;;vocab
5054;雑貨;10.75;ざっか;miscellaneous goods;[604, 1085];27;;vocab
5055;ユニット;10.75;ユニット;unit;[];0;4;loanword
5056;互いに;10.75;たがいに;each other;[819];23;;vocab
5057;肝心;10.75;かんじん;essential;[1778, 639];43;;vocab
5058;狙い;10.75;ねらい;the aim;[1917];47;;vocab
5059;訳す;10.74;やくす;Translate;[1154];29;;vocab
5060;前進;10.74;ぜんしん;advance;[309, 603];21;;vocab
5061;在り方;10.74;ありかた;state of being;[740, 529];23;;vocab
5062;温暖;10.73;おんだん;warmth;[1560, 2099];53;;vocab
5063;予報;10.73;よほう;forecast;[1719, 1625];41;;vocab
5064;フェア;10.73;フェア;Fair;[];0;4;loanword
5065;遅れ;10.73;おくれ;delay;[1148];29;;vocab
5066;こころ;10.73;こころ;heart;[];0;4;vocab
5067;浸透;10.73;しんとう;permeation;[1232, 981];31;;vocab
5068;ミュージック;10.72;ミュージック;Music;[];0;4;loanword
5069;最高裁;10.71;さいこうさい;Supreme Court;[884, 329, 424];25;;vocab
5070;係;10.71;かかり;Person in charge;[1493];36;;vocab
5071;警察官;10.71;けいさつかん;police officer;[358, 1184, 1363];34;;vocab
5072;利;10.7;り;Interest;[972];26;;vocab
5073;法制;10.7;ほうせい;legislation;[813, 447];23;;vocab
5074;照明;10.7;しょうめい;illumination;[182, 20];8;;vocab
5075;バックアップ;10.68;バックアップ;backup;[];0;4;loanword
5076;調;10.68;ちょう;tone;[373];15;;vocab
5077;キッチン;10.68;キッチン;kitchen;[];0;4;loanword
5078;通用;10.68;つうよう;popular use;[1511, 1265];37;;vocab
5079;クス;10.68;クス;Kus;[];0;4;loanword
5080;クリ;10.68;クリ;chestnut;[];0;4;loanword
5081;キャッシュ;10.67;キャッシュ;cache;[];0;4;loanword
5082;あらためて;10.67;あらためて;again;[];0;4;vocab
5083;付加;10.67;ふか;addition;[1075, 932];27;;vocab
5084;木曜日;10.67;もくようび;Thursday;[207, 618, 12];21;;vocab
5085;施す;10.67;ほどこす;give;[1124];29;;vocab
5086;答;10.67;こたえ;Answer;[1018];26;;vocab
5087;推移;10.66;すいい;transition;[716, 964];26;;vocab
5088;繰り返し;10.66;くりかえし;repetition;[1469, 782];36;;vocab
5089;こだわり;10.66;こだわり;Attention to detail;[];0;4;vocab
5090;京;10.66;きょう;Kyoto;[334];14;;vocab
5091;本音;10.65;ほんね;real intention;[224, 518];19;;vocab
5092;回線;10.65;かいせん;circuit;[630, 1438];36;;vocab
5093;スムーズ;10.65;スムーズ;Smooth;[];0;4;loanword
5094;ばあちゃん;10.64;ばあちゃん;Grandma;[];0;4;vocab
5095;色んな;10.64;いろんな;Various;[1890];45;;vocab
5096;飛び出す;10.64;とびだす;Jump out;[2032, 829];51;;vocab
5097;まし;10.64;まし;Mashi;[];0;4;vocab
5098;最大限;10.64;さいだいげん;Maximum;[884, 112, 1576];38;;vocab
5099;温かい;10.64;あたたかい;warm;[1560];38;;vocab
5100;おい;10.63;おい;Hey;[];0;4;vocab
5101;何事;10.63;なにごと;what;[1087, 1240];31;;vocab
5102;タッチ;10.63;タッチ;touch;[];0;4;loanword
5103;合;10.63;ごう;If;[269];12;;vocab
5104;解;10.63;かい;Solution;[1955];48;;vocab
5105;調和;10.63;ちょうわ;harmony;[373, 963];26;;vocab
5106;煙;10.63;けむり;smoke;[1739];41;;vocab
5107;信託;10.63;しんたく;trust;[1043, 2066];52;;vocab
5108;ぴったり;10.62;ぴったり;Perfect fit;[];0;2;vocab
5109;一月;10.62;いちがつ;January;[1, 13];1;;vocab
5110;担保;10.62;たんぽ;security;[721, 1072];27;;vocab
5111;課程;10.62;かてい;course;[1204, 960];30;;vocab
5112;案件;10.62;あんけん;matter in question;[227, 1032];27;;vocab
5113;バトン;10.61;バトン;Baton;[];0;4;loanword
5114;信;10.61;しん;Faith;[1043];27;;vocab
5115;地裁;10.61;ちさい;district court;[554, 424];21;;vocab
5116;欠陥;10.61;けっかん;defect;[505, 1412];35;;vocab
5117;肯定;10.61;こうてい;positive;[400, 408];17;;vocab
5118;に当たって;10.61;にあたって;In response to;[1236];31;;vocab
5119;キス;10.61;キス;kiss;[];0;4;loanword
5120;有限;10.61;ゆうげん;finite;[83, 1576];38;;vocab
5121;発注;10.61;はっちゅう;ordering;[1840, 285];44;;vocab
5122;業種;10.6;ぎょうしゅ;type of industry;[1931, 1810];47;;vocab
5123;森林;10.6;しんりん;forest;[209, 208];10;;vocab
5124;牛乳;10.6;ぎゅうにゅう;milk;[260, 786];23;;vocab
5125;決定的;10.6;けっていてき;decisive;[1770, 408, 73];42;;vocab
5126;見込み;10.6;みこみ;Prospects;[61, 843];24;;vocab
5127;みえる;10.6;みえる;Visible;[];0;4;vocab
5128;法令;10.59;ほうれい;laws and ordinances;[813, 1503];37;;vocab
5129;バイオ;10.59;バイオ;Bio;[];0;4;loanword
5130;シンガポール;10.59;シンガポール;Singapore;[];0;4;loanword
5131;試し;10.59;ためし;Try;[378];16;;vocab
5132;その間;10.59;そのかん;meanwhile;[1747];42;;vocab
5133;ジュース;10.59;ジュース;juice;[];0;4;loanword
5134;ロング;10.58;ロング;long;[];0;4;loanword
5135;地点;10.58;ちてん;site;[554, 181];21;;vocab
5136;糸;10.58;いと;thread;[1431];36;;vocab
5137;レシピ;10.58;レシピ;Recipe;[];0;4;loanword
5138;背負う;10.58;せおう;carry;[481, 67];18;;vocab
5139;欲;10.58;よく;greed;[855];24;;vocab
5140;独;10.57;どく;Germany;[561];21;;vocab
5141;インパクト;10.57;インパクト;Impact;[];0;4;loanword
5142;少子化;10.57;しょうしか;declining birthrate;[111, 99, 1083];27;;vocab
5143;くい;10.57;くい;stake;[];0;4;vocab
5144;サブ;10.57;サブ;Sub;[];0;4;loanword
5145;柔らかい;10.57;やわらかい;soft;[1312];33;;vocab
5146;ドット;10.56;ドット;dot;[];0;4;loanword
5147;辿る;10.55;たどる;follow;[9999];99;;vocab
5148;かなう;10.55;かなう;come true;[];0;4;vocab
5149;かたち;10.55;かたち;Shape;[];0;4;vocab
5150;気配;10.55;けはい;indication;[2030, 1544];51;;vocab
5151;うるさい;10.54;うるさい;noisy;[];0;4;vocab
5152;枝;10.54;えだ;branch;[770];23;;vocab
5153;参議院;10.54;さんぎいん;House of Councillors;[1856, 692, 1401];45;;vocab
5154;外資;10.53;がいし;foreign capital;[116, 512];18;;vocab
5155;寮;10.53;りょう;dormitory;[1844];44;;vocab
5156;慌てる;10.53;あわてる;panic;[671];22;;vocab
5157;チョコ;10.51;チョコ;chocolate;[];0;4;loanword
5158;アイルランド;10.51;アイルランド;Ireland;[];0;4;loanword
5159;インター;10.51;インター;Inter;[];0;4;loanword
5160;聞ける;10.51;きける;Can hear;[1754];42;;vocab
5161;きり;10.51;きり;Kiri;[];0;4;vocab
5162;ヘ;10.51;ヘ;F;[];0;;morpheme
5163;幼い;10.51;おさない;young;[1478];36;;vocab
5164;適応;10.51;てきおう;adaptation;[473, 653];22;;vocab
5165;云々;10.5;うんぬん;and so on;[9999];99;;vocab
5166;掘る;10.5;ほる;dig;[1141];29;;vocab
5167;分解;10.5;ぶんかい;disassembly;[844, 1955];48;;vocab
5168;右手;10.5;みぎて;right hand;[82, 687];23;;vocab
5169;避難;10.5;ひなん;taking refuge;[1618, 1703];40;;vocab
5170;国鉄;10.49;こくてつ;Japanese National Railways;[624, 909];25;;vocab
5171;件数;10.49;けんすう;number of events;[1032, 998];27;;vocab
5172;かぁ;10.48;かぁ;Huh?;[];0;4;vocab
5173;兼;10.48;けん;and;[1723];41;;vocab
5174;素;10.48;もと;Basic;[1652];40;;vocab
5175;岩;10.47;いわ;rock;[832];24;;vocab
5176;臨む;10.47;のぞむ;to attend;[918];25;;vocab
5177;演習;10.46;えんしゅう;practice;[2163, 616];55;;vocab
5178;すっきり;10.45;すっきり;Refreshing;[];0;4;vocab
5179;水曜日;10.45;すいようび;Wednesday;[137, 618, 12];21;;vocab
5180;儲ける;10.45;もうける;make a profit;[9999];99;;vocab
5181;プログラミング;10.45;プログラミング;programming;[];0;4;loanword
5182;うける;10.44;うける;box office;[];0;4;vocab
5183;ごはん;10.44;ごはん;Rice;[];0;4;vocab
5184;アホ;10.43;アホ;Idiot;[];0;4;loanword
5185;中東;10.42;ちゅうとう;middle east;[39, 543];19;;vocab
5186;支店;10.42;してん;branch office;[768, 632];23;;vocab
5187;身分;10.42;みぶん;social position;[1337, 844];34;;vocab
5188;農地;10.42;のうち;agricultural land;[2170, 554];55;;vocab
5189;コツ;10.41;コツ;Tips;[];0;4;loanword
5190;信者;10.41;しんじゃ;believer;[1043, 1345];34;;vocab
5191;メンテナンス;10.41;メンテナンス;maintenance;[];0;4;loanword
5192;負荷;10.4;ふか;burden;[67, 1088];27;;vocab
5193;グラフ;10.4;グラフ;graph;[];0;4;loanword
5194;克服;10.4;こくふく;conquest;[109, 1501];37;;vocab
5195;話せる;10.39;はなせる;I can speak;[368];15;;vocab
5196;ジム;10.39;ジム;Gym;[];0;4;loanword
5197;出来上がる;10.39;できあがる;Completed;[829, 2029, 50];51;;vocab
5198;なるべく;10.39;なるべく;As much as possible;[];0;2;vocab
5199;冷蔵庫;10.38;れいぞうこ;refrigerator;[1506, 913, 633];37;;vocab
5200;銀座;10.38;ぎんざ;Ginza;[1569, 1100];38;;vocab
5201;私立;10.38;しりつ;private;[968, 462];26;;vocab
5202;継承;10.37;けいしょう;inheritance;[1470, 2050];51;;vocab
5203;気候;10.37;きこう;climate;[2030, 1769];51;;vocab
5204;志向;10.36;しこう;intention;[645, 195];22;;vocab
5205;佐々木;10.36;ささき;Sasaki;[1024, 207];27;;vocab
5206;結成;10.36;けっせい;formation;[1451, 386];36;;vocab
5207;意向;10.36;いこう;intention;[654, 195];22;;vocab
5208;夫人;10.36;ふじん;wife;[901, 1023];27;;vocab
5209;ビジョン;10.36;ビジョン;vision;[];0;4;loanword
5210;不況;10.35;ふきょう;recession;[1302, 156];32;;vocab
5211;格;10.35;かく;case;[312];13;;vocab
5212;青春;10.34;せいしゅん;youth;[1654, 1690];40;;vocab
5213;階層;10.34;かいそう;class;[1406, 1146];35;;vocab
5214;バッグ;10.34;バッグ;bag;[];0;4;loanword
5215;数多い;10.34;かずおおい;Many;[998, 113];26;;vocab
5216;か月;10.34;かげつ;months;[13];1;;vocab
5217;弁;10.33;べん;valve;[803];23;;vocab
5218;都内;10.33;とない;metropolitan area;[1989, 1095];49;;vocab
5219;日頃;10.33;ひごろ;normally;[12, 479];18;;vocab
5220;スタジアム;10.33;スタジアム;Stadium;[];0;4;loanword
5221;抜き;10.33;ぬき;Extract;[761];23;;vocab
5222;講談社;10.32;こうだんしゃ;Kodansha;[1957, 374, 1173];48;;vocab
5223;食材;10.32;しょくざい;ingredient;[1582, 738];38;;vocab
5224;唱える;10.31;となえる;recite;[21];2;;vocab
5225;問い;10.31;とい;question;[1744];42;;vocab
5226;豆腐;10.31;とうふ;tofu;[1548, 1099];38;;vocab
5227;仁;10.31;ひとし;Jin;[1063];27;;vocab
5228;靖国;10.3;やすくに;Yasukuni Shrine;[9999, 624];99;;vocab
5229;遭遇;10.3;そうぐう;encounter;[1258, 2106];53;;vocab
5230;あける;10.3;あける;Open;[];0;4;vocab
5231;利く;10.3;きく;useful;[972];26;;vocab
5232;流出;10.3;りゅうしゅつ;discharge;[826, 829];24;;vocab
5233;に対しまして;10.29;にたいしまして;In response to;[1862];45;;vocab
5234;公立;10.29;こうりつ;public;[847, 462];24;;vocab
5235;サラダ;10.29;サラダ;salad;[];0;4;loanword
5236;強度;10.29;きょうど;strength;[1321, 1278];33;;vocab
5237;しかた;10.28;しかた;Method;[];0;4;vocab
5238;最強;10.28;さいきょう;strongest;[884, 1321];33;;vocab
5239;改定;10.27;かいてい;revision;[567, 408];21;;vocab
5240;なぜか;10.27;なぜか;Why?;[];0;4;vocab
5241;どれほど;10.27;どれほど;How much;[];0;4;vocab
5242;泳ぐ;10.27;およぐ;swim;[144];8;;vocab
5243;ハン;10.27;ハン;Han;[];0;4;loanword
5244;連盟;10.27;れんめい;league;[305, 1558];38;;vocab
5245;詰める;10.27;つめる;Pack;[367];15;;vocab
5246;往復;10.27;おうふく;making a round trip;[945, 940];25;;vocab
5247;思い切る;10.26;おもいきる;Take the plunge;[651, 89];22;;vocab
5248;有力;10.26;ゆうりょく;influential;[83, 922];25;;vocab
5249;昨今;10.25;さっこん;nowadays;[1222, 1711];41;;vocab
5250;あっさり;10.25;あっさり;Light;[];0;4;vocab
5251;仮定;10.25;かてい;assumption;[1039, 408];27;;vocab
5252;膝;10.25;ひざ;knees;[1002];26;;vocab
5253;話しかける;10.25;はなしかける;talk;[368];15;;vocab
5254;シフト;10.25;シフト;shift;[];0;4;loanword
5255;オーダー;10.24;オーダー;order;[];0;4;loanword
5256;ファミリー;10.24;ファミリー;Family;[];0;4;loanword
5257;太い;10.23;ふとい;thick;[126];7;;vocab
5258;告白;10.23;こくはく;confession;[262, 37];11;;vocab
5259;チェーン;10.23;チェーン;chain;[];0;4;loanword
5260;ベルリン;10.22;ベルリン;Berlin;[];0;4;loanword
5261;指名;10.22;しめい;name;[711, 117];23;;vocab
5262;励ます;10.22;はげます;encourage;[931];25;;vocab
5263;或いは;10.22;あるいは;or;[9999];99;;vocab
5264;づける;10.21;づける;Add;[];0;4;vocab
5265;闘う;10.21;たたかう;fight;[1757];42;;vocab
5266;辞任;10.21;じにん;to resign;[1613, 1078];39;;vocab
5267;嵐;10.21;あらし;storm;[839];24;;vocab
5268;マッサージ;10.2;マッサージ;massage;[];0;4;loanword
5269;寿命;10.2;じゅみょう;life span;[1687, 1502];40;;vocab
5270;安倍;10.2;あべ;Abe;[202, 1067];27;;vocab
5271;引き受ける;10.2;ひきうける;undertake;[1318, 794];33;;vocab
5272;撃つ;10.2;うつ;shoot;[766];23;;vocab
5273;現に;10.2;げんに;In fact;[275];12;;vocab
5274;パーク;10.2;パーク;Park;[];0;4;loanword
5275;一旦;10.19;いったん;Once;[1, 30];2;;vocab
5276;大国;10.19;たいこく;large country;[112, 624];22;;vocab
5277;誤り;10.19;あやまり;error;[2048];51;;vocab
5278;やく;10.19;やく;bake;[];0;4;vocab
5279;奴隷;10.18;どれい;slave;[758, 2192];56;;vocab
5280;経;10.18;けい;Temperament;[1460];36;;vocab
5281;癌;10.18;がん;cancer;[9999];99;;vocab
5282;変革;10.17;へんかく;change;[1882, 2041];51;;vocab
5283;故郷;10.17;こきょう;home town;[355, 1993];49;;vocab
5284;おしゃべり;10.16;おしゃべり;Chatting;[];0;4;vocab
5285;係る;10.16;かかる;Related;[1493];36;;vocab
5286;急激;10.16;きゅうげき;sudden;[1229, 536];31;;vocab
5287;ラッキー;10.15;ラッキー;lucky;[];0;4;loanword
5288;地面;10.15;じめん;ground;[554, 2039];51;;vocab
5289;とんでもない;10.14;とんでもない;no way;[];0;4;vocab
5290;残業;10.14;ざんぎょう;overtime;[871, 1931];47;;vocab
5291;告知;10.14;こくち;notice;[262, 1308];33;;vocab
5292;大使;10.13;たいし;ambassador;[112, 1065];27;;vocab
5293;媒体;10.13;ばいたい;media;[1898, 1030];46;;vocab
5294;進学;10.12;しんがく;entering a higher-level school, esp. going on to university;[603, 346];21;;vocab
5295;やむ;10.12;やむ;Stop;[];0;4;vocab
5296;労;10.12;ろう;Labor;[924];25;;vocab
5297;刊行;10.12;かんこう;publication;[1779, 938];43;;vocab
5298;じっと;10.12;じっと;Stay still;[];0;4;vocab
5299;感激;10.12;かんげき;deep emotion;[662, 536];22;;vocab
5300;但し;10.12;ただし;however;[1026];27;;vocab
5301;見出し;10.11;みだし;Heading;[61, 829];24;;vocab
5302;プライベート;10.11;プライベート;Private;[];0;4;loanword
5303;雇う;10.11;やとう;hire;[1164];29;;vocab
5304;砂糖;10.11;さとう;sugar;[122, 1242];31;;vocab
5305;嬢;10.11;じょう;Miss;[1650];39;;vocab
5306;食糧;10.11;しょくりょう;food;[1582, 995];38;;vocab
5307;崩す;10.1;くずす;collapse;[836];24;;vocab
5308;っぱなし;10.1;っぱなし;Nonstop;[];0;4;vocab
5309;エロ;10.1;エロ;erotic;[];0;4;loanword
5310;役者;10.1;やくしゃ;actor;[949, 1345];34;;vocab
5311;原油;10.1;げんゆ;crude oil;[142, 1188];30;;vocab
5312;祈り;10.1;いのり;prayer;[1209];31;;vocab
5313;弟子;10.1;でし;pupil;[1328, 99];33;;vocab
5314;どうにも;10.1;どうにも;Anyway;[];0;4;vocab
5315;ブリ;10.08;ブリ;Yellowtail;[];0;4;loanword
5316;全力;10.08;ぜんりょく;all one's power;[281, 922];25;;vocab
5317;流行る;10.08;はやる;become popular;[826, 938];25;;vocab
5318;外側;10.07;そとがわ;exterior;[116, 1049];27;;vocab
5319;正規;10.07;せいき;regular;[405, 904];25;;vocab
5320;申;10.07;さる;Monkey;[1198];30;;vocab
5321;ラブ;10.07;ラブ;Love;[];0;4;loanword
5322;ゲイ;10.07;ゲイ;gay;[];0;4;loanword
5323;バックナンバー;10.07;バックナンバー;Back Number;[];0;4;loanword
5324;世話;10.06;せわ;looking after;[28, 368];15;;vocab
5325;タイヤ;10.06;タイヤ;tire;[];0;4;loanword
5326;エンジニア;10.06;エンジニア;engineer;[];0;4;loanword
5327;創業;10.05;そうぎょう;establishment;[1759, 1931];47;;vocab
5328;準;10.05;じゅん;quasi;[606];21;;vocab
5329;贅沢;10.05;ぜいたく;luxury;[9999, 1153];99;;vocab
5330;警官;10.04;けいかん;policeman;[358, 1363];34;;vocab
5331;チャート;10.04;チャート;chart;[];0;4;loanword
5332;たしか;10.04;たしか;Certainly;[];0;4;vocab
5333;脚;10.04;あし;leg;[1498];37;;vocab
5334;わり;10.04;わり;Split;[];0;4;vocab
5335;入国;10.03;にゅうこく;entry to a country;[842, 624];24;;vocab
5336;アナ;10.03;アナ;Anna;[];0;4;loanword
5337;新年;10.03;しんねん;New Year;[1619, 1114];39;;vocab
5338;相続;10.03;そうぞく;succession;[222, 1445];36;;vocab
5339;坂;10.03;さか;slope;[780];23;;vocab
5340;アイディア;10.03;アイディア;Idea;[];0;4;loanword
5341;おもちゃ;10.02;おもちゃ;Toys;[];0;4;vocab
5342;フード;10.02;フード;Food;[];0;4;loanword
5343;作り上げる;10.02;つくりあげる;build up;[1224, 50];31;;vocab
5344;工程;10.02;こうてい;process;[80, 960];26;;vocab
5345;りん;10.01;りん;Rin;[];0;4;vocab
5346;さい;10.0;さい;Sai;[];0;4;vocab
5347;虐待;10.0;ぎゃくたい;abuse;[2153, 944];54;;vocab
5348;丁目;10.0;ひのとめ;district of a town;[95, 15];5;;vocab
5349;定員;9.99;ていいん;fixed number of regular personnel;[408, 59];17;;vocab
5350;消化;9.99;しょうか;digestion;[155, 1083];27;;vocab
5351;懇談;9.99;こんだん;informal talk;[2123, 374];53;;vocab
5352;ロン;9.98;ロン;Ron;[];0;4;loanword
5353;極;9.97;ごく;very;[2052];51;;vocab
5354;激;9.97;げき;intense;[536];19;;vocab
5355;国々;9.97;くにぐに;countries;[624];22;;vocab
5356;カタログ;9.96;カタログ;catalog;[];0;4;loanword
5357;秘書;9.96;ひしょ;secretary;[970, 349];26;;vocab
5358;鶏;9.95;にわとり;chicken;[2097];53;;vocab
5359;合唱;9.95;がっしょう;chorus;[269, 21];12;;vocab
5360;マクロ;9.95;マクロ;Macro;[];0;4;loanword
5361;鹿児島;9.95;かごしま;Kagoshima;[2154, 62, 2098];54;;vocab
5362;のち;9.95;のち;noun (later);[];0;4;vocab
5363;有機;9.94;ゆうき;organic;[83, 1482];36;;vocab
5364;それと;9.94;それと;And;[];0;4;vocab
5365;顧問;9.94;こもん;adviser;[1165, 1744];42;;vocab
5366;開幕;9.94;かいまく;raising the curtain;[1750, 437];42;;vocab
5367;合成;9.94;ごうせい;composition;[269, 386];16;;vocab
5368;厚生省;9.94;こうせいしょう;Ministry of Health, Labour and Welfare;[132, 1675, 131];40;;vocab
5369;大使館;9.94;たいしかん;embassy;[112, 1065, 1589];38;;vocab
5370;筈;9.94;はず;Should;[9999];99;;vocab
5371;サイエンス;9.94;サイエンス;Science;[];0;4;loanword
5372;組み込む;9.93;くみこむ;Incorporate;[1914, 843];47;;vocab
5373;隆;9.93;たかし;Takashi;[1682];40;;vocab
5374;投手;9.93;とうしゅ;pitcher;[762, 687];23;;vocab
5375;貯金;9.92;ちょきん;putting money aside;[206, 287];12;;vocab
5376;取り扱う;9.92;とりあつかう;handle;[882, 745];25;;vocab
5377;書き方;9.92;かきかた;How to write;[349, 529];19;;vocab
5378;内側;9.92;うちがわ;inside;[1095, 1049];27;;vocab
5379;倉庫;9.91;そうこ;storehouse;[1758, 633];42;;vocab
5380;すく;9.91;すく;become empty;[];0;4;vocab
5381;始まり;9.91;はじまり;The Beginning;[809];23;;vocab
5382;雑記;9.91;ざっき;miscellaneous notes;[604, 568];21;;vocab
5383;ホスト;9.91;ホスト;host;[];0;4;loanword
5384;穏やか;9.91;おだやか;gentle;[1230];31;;vocab
5385;悲しみ;9.91;かなしみ;sorrow;[1763];42;;vocab
5386;放題;9.91;ほうだい;as much as you would like to;[535, 415];19;;vocab
5387;死刑;9.9;しけい;death penalty;[878, 734];25;;vocab
5388;さぁ;9.9;さぁ;Now;[];0;4;vocab
5389;前者;9.9;ぜんしゃ;the former;[309, 1345];34;;vocab
5390;遺跡;9.9;いせき;historic ruins;[1909, 1883];46;;vocab
5391;サル;9.9;サル;monkey;[];0;4;loanword
5392;シンポジウム;9.9;シンポジウム;Symposium;[];0;4;loanword
5393;阿る;9.89;おもねる;flatter;[1391];35;;vocab
5394;帽子;9.89;ぼうし;hat;[436, 99];18;;vocab
5395;セクション;9.89;セクション;section;[];0;4;loanword
5396;堂々;9.89;どうどう;magnificent;[861];25;;vocab
5397;毎日新聞;9.89;まいにちしんぶん;Mainichi Shimbun;[497, 12, 1619, 1754];42;;vocab
5398;認可;9.88;にんか;approval;[643, 97];22;;vocab
5399;富;9.88;とみ;wealth;[205];9;;vocab
5400;手帳;9.88;てちょう;notebook;[687, 2072];52;;vocab
5401;定;9.88;じょう;fixed;[408];17;;vocab
5402;大蔵省;9.88;おおくらしょう;Ministry of Finance;[112, 913, 131];25;;vocab
5403;調理;9.87;ちょうり;cooking;[373, 283];15;;vocab
5404;こもる;9.87;こもる;secluded;[];0;4;vocab
5405;欲求;9.87;よっきゅう;desire;[855, 1004];26;;vocab
5406;ギャラリー;9.87;ギャラリー;Gallery;[];0;4;loanword
5407;カリフォルニア;9.87;カリフォルニア;California;[];0;4;loanword
5408;丘;9.87;おか;hill;[1427];35;;vocab
5409;正月;9.87;しょうがつ;New Year;[405, 13];17;;vocab
5410;大地;9.86;だいち;ground;[112, 554];21;;vocab
5411;カレンダー;9.86;カレンダー;calendar;[];0;4;loanword
5412;こんばんは;9.86;こんばんは;Good evening;[];0;4;vocab
5413;につく;9.85;につく;Attached to;[];0;4;vocab
5414;かっこいい;9.85;かっこいい;cool;[];0;4;vocab
5415;選手権;9.85;せんしゅけん;Championship;[1944, 687, 613];47;;vocab
5416;軌道;9.85;きどう;orbit;[306, 295];13;;vocab
5417;落ち込む;9.85;おちこむ;Depressed;[320, 843];24;;vocab
5418;シャツ;9.84;シャツ;shirt;[];0;4;loanword
5419;戦術;9.84;せんじゅつ;tactics;[2079, 1644];53;;vocab
5420;防災;9.84;ぼうさい;disaster prevention;[1399, 179];35;;vocab
5421;梅雨;9.84;つゆ;rainy season;[499, 451];18;;vocab
5422;セン;9.84;セン;Sen;[];0;4;loanword
5423;飲食;9.84;いんしょく;food and drink;[1584, 1582];38;;vocab
5424;接近;9.83;せっきん;getting closer;[725, 1210];31;;vocab
5425;飯;9.83;めし;rice;[1583];38;;vocab
5426;疾患;9.83;しっかん;disease;[1819, 650];44;;vocab
5427;コア;9.83;コア;core;[];0;4;loanword
5428;文部省;9.83;もんぶしょう;Ministry of Education;[1861, 1988, 131];49;;vocab
5429;小川;9.82;おがわ;streamlet;[110, 134];8;;vocab
5430;見出す;9.82;みいだす;find;[61, 829];24;;vocab
5431;ピーク;9.82;ピーク;peak;[];0;4;loanword
5432;独身;9.82;どくしん;bachelorhood;[561, 1337];34;;vocab
5433;吉;9.82;よし;Kichi;[342];14;;vocab
5434;巨人;9.82;きょじん;giant;[920, 1023];27;;vocab
5435;はねる;9.82;はねる;bounce;[];0;4;vocab
5436;消滅;9.82;しょうめつ;extinction;[155, 390];16;;vocab
5437;解体;9.81;かいたい;disassembly;[1955, 1030];48;;vocab
5438;眠れる;9.81;ねむれる;I can sleep;[1977];49;;vocab
5439;曲がる;9.81;まがる;bend;[1256];31;;vocab
5440;先端;9.81;せんたん;pointed end;[263, 1251];31;;vocab
5441;配当;9.81;はいとう;allotment;[1544, 1236];38;;vocab
5442;曖昧;9.8;あいまい;vague;[797, 230];23;;vocab
5443;両手;9.8;りょうて;both hands;[1252, 687];31;;vocab
5444;藤田;9.8;ふじた;Fujita;[1295, 14];32;;vocab
5445;固い;9.79;かたい;Hard;[622];22;;vocab
5446;褒める;9.79;ほめる;praise;[1073];27;;vocab
5447;争う;9.79;あらそう;compete;[1238];31;;vocab
5448;在宅;9.79;ざいたく;being in;[740, 2065];52;;vocab
5449;クロアチア;9.79;クロアチア;Croatia;[];0;4;loanword
5450;一流;9.79;いちりゅう;first-class;[1, 826];23;;vocab
5451;スパイ;9.79;スパイ;spy;[];0;4;loanword
5452;覚める;9.78;さめる;wake;[347];15;;vocab
5453;余;9.78;よ;The rest;[1786];43;;vocab
5454;羊;9.78;ひつじ;sheep;[586];21;;vocab
5455;ドキドキ;9.78;ドキドキ;Heart pounding;[];0;4;loanword
5456;殴る;9.78;なぐる;hit;[1833];44;;vocab
5457;結合;9.77;けつごう;combination;[1451, 269];36;;vocab
5458;控除;9.77;こうじょ;subtraction;[1415, 1787];43;;vocab
5459;生き物;9.77;いきもの;Living creatures;[1675, 1129];40;;vocab
5460;庶民;9.77;しょみん;masses;[1275, 1976];49;;vocab
5461;傑作;9.77;けっさく;masterpiece;[1074, 1224];31;;vocab
5462;実習;9.76;じっしゅう;practice;[1694, 616];40;;vocab
5463;譲る;9.76;ゆずる;Give up;[1648];39;;vocab
5464;ボス;9.75;ボス;boss;[];0;4;loanword
5465;後輩;9.75;こうはい;junior;[1479, 1765];42;;vocab
5466;複製;9.74;ふくせい;reproduction;[504, 448];18;;vocab
5467;コマンド;9.74;コマンド;command;[];0;4;loanword
5468;反日;9.74;はんにち;anti-Japanese;[779, 12];23;;vocab
5469;えー;9.74;えー;Huh?;[];0;4;vocab
5470;分担;9.74;ぶんたん;apportionment;[844, 721];24;;vocab
5471;漁業;9.73;ぎょぎょう;fishing;[184, 1931];47;;vocab
5472;分権;9.72;ぶんけん;decentralization of authority;[844, 613];24;;vocab
5473;再会;9.72;さいかい;another meeting;[1956, 814];48;;vocab
5474;画家;9.72;がか;painter;[1254, 580];31;;vocab
5475;読売新聞;9.72;よみうりしんぶん;Yomiuri Shimbun;[372, 345, 1619, 1754];42;;vocab
5476;香;9.72;こう;Incense;[977];26;;vocab
5477;学期;9.72;がっき;school term;[346, 1902];46;;vocab
5478;ラップ;9.72;ラップ;wrap;[];0;4;loanword
5479;ショウ;9.71;ショウ;Show;[];0;4;loanword
5480;仲良く;9.71;なかよく;Get along;[1029, 1578];38;;vocab
5481;チラシ;9.7;チラシ;flyer;[];0;4;loanword
5482;クラ;9.7;クラ;Kura;[];0;4;loanword
5483;財布;9.7;さいふ;purse;[737, 433];23;;vocab
5484;最低限;9.7;さいていげん;minimum;[884, 1973, 1576];49;;vocab
5485;教え;9.7;おしえ;lesson;[1343];34;;vocab
5486;被災;9.7;ひさい;being a victim of;[870, 179];25;;vocab
5487;固める;9.69;かためる;Harden;[622];22;;vocab
5488;裏切る;9.69;うらぎる;betray;[426, 89];18;;vocab
5489;待ち;9.68;まち;Wait;[944];25;;vocab
5490;目撃;9.68;もくげき;witnessing;[15, 766];23;;vocab
5491;幸運;9.68;こううん;good luck;[1622, 325];39;;vocab
5492;申し込む;9.68;もうしこむ;apply;[1198, 843];30;;vocab
5493;テン;9.68;テン;Ten;[];0;4;loanword
5494;任意;9.68;にんい;optional;[1078, 654];27;;vocab
5495;イカ;9.67;イカ;squid;[];0;4;loanword
5496;グラス;9.67;グラス;glass;[];0;4;loanword
5497;六月;9.67;ろくがつ;June;[6, 13];1;;vocab
5498;なおす;9.67;なおす;Fix;[];0;4;vocab
5499;獣;9.67;しし;beast;[2083];53;;vocab
5500;誠;9.66;まこと;Makoto;[388];16;;vocab
5501;始め;9.66;はじめ;Beginning;[809];23;;vocab
5502;師匠;9.66;ししょう;master;[1361, 1828];44;;vocab
5503;中川;9.66;なかがわ;Nakagawa;[39, 134];8;;vocab
5504;早々;9.66;そうそう;as soon as...;[26];2;;vocab
5505;デート;9.65;デート;Date;[];0;4;loanword
5506;生存;9.65;せいぞん;existence;[1675, 739];40;;vocab
5507;周波数;9.65;しゅうはすう;frequency;[339, 866, 998];26;;vocab
5508;履く;9.65;はく;wear;[1137];29;;vocab
5509;斎藤;9.64;さいとう;Saito;[1869, 1295];45;;vocab
5510;人員;9.64;じんいん;number of persons;[1023, 59];27;;vocab
5511;黒人;9.64;こくじん;black person;[186, 1023];27;;vocab
5512;地理;9.63;ちり;geography;[554, 283];21;;vocab
5513;取り;9.63;とり;Take;[882];25;;vocab
5514;計量;9.63;けいりょう;measurement;[359, 189];15;;vocab
5515;行き;9.62;いき;Go;[938];25;;vocab
5516;ミュージシャン;9.62;ミュージシャン;musician;[];0;4;loanword
5517;就業;9.62;しゅうぎょう;employment;[2121, 1931];53;;vocab
5518;朝刊;9.61;ちょうかん;morning newspaper;[53, 1779];43;;vocab
5519;つかう;9.61;つかう;use;[];0;4;vocab
5520;スポンサー;9.61;スポンサー;sponsor;[];0;4;loanword
5521;遺族;9.6;いぞく;bereaved family;[1909, 1307];46;;vocab
5522;開業;9.59;かいぎょう;opening a business;[1750, 1931];47;;vocab
5523;海洋;9.59;かいよう;ocean;[500, 588];21;;vocab
5524;飛び込む;9.59;とびこむ;dive;[2032, 843];51;;vocab
5525;普遍;9.59;ふへん;universal;[1925, 1965];48;;vocab
5526;ならでは;9.59;ならでは;Unique;[];0;4;vocab
5527;禁じる;9.59;きんじる;prohibit;[1179];30;;vocab
5528;家事;9.58;かじ;housework;[580, 1240];31;;vocab
5529;各社;9.58;かくしゃ;all companies;[311, 1173];30;;vocab
5530;定年;9.58;ていねん;retirement age;[408, 1114];28;;vocab
5531;姉さん;9.57;ねえさん;Elder Sister;[442];18;;vocab
5532;オヤジ;9.57;オヤジ;Old man;[];0;4;loanword
5533;東京大学;9.57;とうきょうだいがく;University of Tokyo;[543, 334, 112, 346];19;;vocab
5534;適す;9.57;てきす;Suitable;[473];18;;vocab
5535;書き;9.56;かき;Writing;[349];15;;vocab
5536;フロー;9.56;フロー;flow;[];0;4;loanword
5537;いつの間にか;9.56;いつのまにか;Before you know it;[1747];42;;vocab
5538;不快;9.55;ふかい;unpleasant;[1302, 1771];42;;vocab
5539;海軍;9.55;かいぐん;navy;[500, 323];18;;vocab
5540;賃貸;9.54;ちんたい;lease;[1079, 1082];27;;vocab
5541;解答;9.54;かいとう;answer;[1955, 1018];48;;vocab
5542;伝達;9.54;でんたつ;transmission;[1036, 591];27;;vocab
5543;点検;9.54;てんけん;inspection;[181, 1803];43;;vocab
5544;シティ;9.54;シティ;City;[];0;4;loanword
5545;信念;9.53;しんねん;belief;[1043, 1715];41;;vocab
5546;ポート;9.53;ポート;port;[];0;4;loanword
5547;知り合う;9.53;しりあう;get acquainted;[1308, 269];33;;vocab
5548;どなた;9.53;どなた;who is it;[];0;4;vocab
5549;未だ;9.52;いまだ;still;[229];10;;vocab
5550;死体;9.51;したい;dead body;[878, 1030];27;;vocab
5551;採る;9.51;とる;take;[792];23;;vocab
5552;一郎;9.51;いちろう;Ichiro;[1, 1995];49;;vocab
5553;宗;9.51;そう;sect;[1181];30;;vocab
5554;レート;9.51;レート;rate;[];0;4;loanword
5555;お手伝い;9.5;おてつだい;Help;[687, 1036];27;;vocab
5556;ファースト;9.5;ファースト;First;[];0;4;loanword
5557;おば;9.5;おば;Aunt;[];0;4;vocab
5558;外出;9.5;がいしゅつ;outing;[116, 829];24;;vocab
5559;インチ;9.5;インチ;inch;[];0;4;loanword
5560;太る;9.5;ふとる;gain weight;[126];7;;vocab
5561;傘;9.49;かさ;umbrella;[1103];27;;vocab
5562;親父;9.49;おやじ;one's father;[1621, 1366];39;;vocab
5563;排出;9.49;はいしゅつ;evacuation;[1762, 829];42;;vocab
5564;高額;9.49;こうがく;large sum;[329, 316];14;;vocab
5565;遂行;9.49;すいこう;accomplishment;[579, 938];25;;vocab
5566;ナイフ;9.48;ナイフ;knife;[];0;4;loanword
5567;スピーカー;9.48;スピーカー;speaker;[];0;4;loanword
5568;傷つける;9.48;きずつける;hurt;[1071];27;;vocab
5569;成人;9.47;せいじん;adult;[386, 1023];27;;vocab
5570;牛肉;9.47;ぎゅうにく;beef;[260, 1098];27;;vocab
5571;印;9.47;しるし;mark;[1530];37;;vocab
5572;マナー;9.47;マナー;Manners;[];0;4;loanword
5573;学園;9.47;がくえん;academy;[346, 629];22;;vocab
5574;新書;9.47;しんしょ;new book;[1619, 349];39;;vocab
5575;入札;9.47;にゅうさつ;bid;[842, 225];24;;vocab
5576;実装;9.46;じっそう;package;[1694, 425];40;;vocab
5577;乗り込む;9.46;のりこむ;Get on;[1709, 843];40;;vocab
5578;決済;9.45;けっさい;settlement;[1770, 1868];45;;vocab
5579;まう;9.45;まう;Mau;[];0;4;vocab
5580;マネー;9.45;マネー;Money;[];0;4;loanword
5581;サポーター;9.45;サポーター;Supporters;[];0;4;loanword
5582;班;9.45;はん;group;[1315];33;;vocab
5583;特典;9.45;とくてん;privilege;[261, 1969];48;;vocab
5584;儀式;9.44;ぎしき;ceremony;[1059, 377];27;;vocab
5585;建;9.44;けん;Ken;[417];17;;vocab
5586;カラオケ;9.44;カラオケ;karaoke;[];0;4;loanword
5587;実証;9.44;じっしょう;demonstration;[1694, 406];40;;vocab
5588;ハート;9.44;ハート;heart;[];0;4;loanword
5589;デル;9.44;デル;Dell;[];0;4;loanword
5590;針;9.44;はり;needle;[292];12;;vocab
5591;辻;9.44;つじ;Crossing;[297];13;;vocab
5592;エントリ;9.44;エントリ;entry;[];0;4;loanword
5593;二度と;9.44;にどと;Never again;[2, 1278];32;;vocab
5594;曲目;9.44;きょくもく;program;[1256, 15];31;;vocab
5595;キレイ;9.44;キレイ;Beautiful;[];0;4;loanword
5596;自衛;9.43;じえい;self-defense;[36, 1775];42;;vocab
5597;笑える;9.43;わらえる;Funny;[1008];26;;vocab
5598;沈む;9.43;しずむ;sink;[2033];51;;vocab
5599;挟む;9.42;はさむ;sandwich;[1357];34;;vocab
5600;ガソリン;9.42;ガソリン;gasoline;[];0;4;loanword
5601;焦る;9.42;あせる;panic;[599];21;;vocab
5602;掴む;9.42;つかむ;grab;[9999];99;;vocab
5603;こりゃ;9.41;こりゃ;This;[];0;4;vocab
5604;接す;9.41;せっす;contact;[725];23;;vocab
5605;新刊;9.41;しんかん;new book;[1619, 1779];43;;vocab
5606;世界一;9.4;せかいいち;No. 1 in the world;[28, 266, 1];12;;vocab
5607;固有;9.4;こゆう;characteristic;[622, 83];22;;vocab
5608;熊本;9.4;くまもと;Kumamoto;[2159, 224];54;;vocab
5609;リソース;9.4;リソース;resource;[];0;4;loanword
5610;フレーズ;9.39;フレーズ;phrase;[];0;4;loanword
5611;董;9.38;ただし;Dong;[9999];99;;vocab
5612;アカデミー;9.38;アカデミー;Academy;[];0;4;loanword
5613;有無;9.38;うむ;existence or nonexistence;[83, 1913];46;;vocab
5614;中野;9.38;なかの;Nakano;[39, 1722];41;;vocab
5615;沈黙;9.38;ちんもく;silence;[2033, 255];51;;vocab
5616;大気;9.38;たいき;atmosphere;[112, 2030];51;;vocab
5617;おばさん;9.38;おばさん;Aunt;[];0;4;vocab
5618;中略;9.37;ちゅうりゃく;omission;[39, 314];13;;vocab
5619;予告;9.37;よこく;advance notice;[1719, 262];41;;vocab
5620;ビザ;9.37;ビザ;visa;[];0;4;loanword
5621;工房;9.37;こうぼう;workshop;[80, 1159];29;;vocab
5622;石原;9.36;いしはら;Ishihara;[118, 142];8;;vocab
5623;難民;9.36;なんみん;refugees;[1703, 1976];49;;vocab
5624;チン;9.36;チン;Chin;[];0;4;loanword
5625;交わす;9.35;かわす;dodge;[1368];34;;vocab
5626;属性;9.35;ぞくせい;attribute;[2103, 1679];53;;vocab
5627;幾ら;9.35;いくら;How much;[1481];36;;vocab
5628;倒産;9.35;とうさん;bankruptcy;[1055, 1681];40;;vocab
5629;渋滞;9.35;じゅうたい;congestion;[1875, 445];45;;vocab
5630;地味;9.35;じみ;plain;[554, 233];21;;vocab
5631;取り扱い;9.33;とりあつかい;handling;[882, 745];25;;vocab
5632;ダブル;9.32;ダブル;double;[];0;4;loanword
5633;揺れる;9.32;ゆれる;Shake;[2118];53;;vocab
5634;先物;9.32;さきもの;futures;[263, 1129];29;;vocab
5635;引越し;9.32;ひっこし;moving;[1318, 413];33;;vocab
5636;図面;9.32;ずめん;drawing;[1264, 2039];51;;vocab
5637;抜粋;9.31;ばっすい;extract;[761, 993];26;;vocab
5638;消防;9.31;しょうぼう;fire fighting;[155, 1399];35;;vocab
5639;起訴;9.31;きそ;prosecution;[565, 1221];31;;vocab
5640;切り替える;9.31;きりかえる;Switch;[89, 905];25;;vocab
5641;検出;9.3;けんしゅつ;detection;[1803, 829];43;;vocab
5642;多々;9.3;たた;Many;[113];7;;vocab
5643;ユニーク;9.3;ユニーク;unique;[];0;4;loanword
5644;限度;9.3;げんど;limit;[1576, 1278];38;;vocab
5645;整う;9.3;ととのう;be in order;[1800];43;;vocab
5646;まえる;9.3;まえる;Over;[];0;4;vocab
5647;ダメージ;9.29;ダメージ;damage;[];0;4;loanword
5648;左手;9.29;ひだりて;left hand;[81, 687];23;;vocab
5649;欠点;9.29;けってん;fault;[505, 181];18;;vocab
5650;水道;9.29;すいどう;water service;[137, 295];13;;vocab
5651;陰;9.28;かげ;shadow;[1718];41;;vocab
5652;北部;9.28;ほくぶ;northern part;[480, 1988];49;;vocab
5653;取り込む;9.28;とりこむ;Import;[882, 843];25;;vocab
5654;要は;9.28;ようは;In short;[1730];41;;vocab
5655;検定;9.28;けんてい;official certification;[1803, 408];43;;vocab
5656;台詞;9.28;だいし;speech;[805, 2009];50;;vocab
5657;柔軟;9.28;じゅうなん;flexible;[1312, 509];33;;vocab
5658;としまして;9.28;としまして;As a result,;[];0;4;vocab
5659;アーカイブ;9.27;アーカイブ;archive;[];0;4;loanword
5660;何ら;9.27;なんら;any;[1087];27;;vocab
5661;ショット;9.27;ショット;shot;[];0;4;loanword
5662;ねこ;9.27;ねこ;cat;[];0;4;vocab
5663;明記;9.27;めいき;clear writing;[20, 568];21;;vocab
5664;学力;9.27;がくりょく;scholarly ability;[346, 922];25;;vocab
5665;分子;9.25;ぶんし;numerator;[844, 99];24;;vocab
5666;計測;9.25;けいそく;measurement;[359, 160];15;;vocab
5667;東洋;9.25;とうよう;Orient;[543, 588];21;;vocab
5668;まさしく;9.25;まさしく;Exactly;[];0;4;vocab
5669;マニア;9.24;マニア;Mania;[];0;4;loanword
5670;親戚;9.24;しんせき;relative;[1621, 385];39;;vocab
5671;告発;9.24;こくはつ;indictment;[262, 1840];44;;vocab
5672;宿題;9.24;しゅくだい;homework;[1070, 415];27;;vocab
5673;追及;9.23;ついきゅう;investigation;[1359, 743];34;;vocab
5674;郎;9.23;ろう;ro;[1995];49;;vocab
5675;青木;9.23;あおき;Japanese laurel;[1654, 207];40;;vocab
5676;牧師;9.23;ぼくし;pastor;[351, 1361];34;;vocab
5677;もしかして;9.23;もしかして;Maybe;[];0;2;vocab
5678;対照;9.22;たいしょう;contrast;[1862, 182];45;;vocab
5679;振り;9.22;ふり;Swing;[2167];55;;vocab
5680;一家;9.22;いっか;a house;[1, 580];21;;vocab
5681;あん;9.22;あん;bean paste;[];0;4;vocab
5682;体育;9.22;たいいく;physical education;[1030, 821];27;;vocab
5683;ゐる;9.21;ゐる;There;[];0;4;vocab
5684;さらす;9.21;さらす;expose;[];0;4;vocab
5685;シャワー;9.21;シャワー;shower;[];0;4;loanword
5686;貴族;9.21;きぞく;noble;[1908, 1307];46;;vocab
5687;疲労;9.21;ひろう;fatigue;[1823, 924];44;;vocab
5688;賢い;9.21;かしこい;wise;[915];25;;vocab
5689;フロント;9.21;フロント;front;[];0;4;loanword
5690;前述;9.21;ぜんじゅつ;aforementioned;[309, 1643];39;;vocab
5691;特例;9.21;とくれい;special case;[261, 1046];27;;vocab
5692;精度;9.21;せいど;precision;[1655, 1278];40;;vocab
5693;傾ける;9.21;かたむける;Tilt;[1086];27;;vocab
5694;夫妻;9.2;ふさい;man and wife;[901, 2035];51;;vocab
5695;よほど;9.19;よほど;very;[];0;4;vocab
5696;中途半端;9.19;ちゅうとはんぱ;Half-baked;[39, 1790, 1286, 1251];43;;vocab
5697;追いかける;9.18;おいかける;Chase;[1359];34;;vocab
5698;ロール;9.18;ロール;roll;[];0;4;loanword
5699;岐阜;9.18;ぎふ;Gifu;[834, 1360];34;;vocab
5700;ライバル;9.18;ライバル;rival;[];0;4;loanword
5701;あいつ;9.17;あいつ;That guy;[];0;4;vocab
5702;バックトラック;9.17;バックトラック;Backtrack;[];0;4;loanword
5703;ジャー;9.16;ジャー;jar;[];0;4;loanword
5704;福;9.16;ふく;Fortune;[1171];30;;vocab
5705;反射;9.16;はんしゃ;reflection;[779, 1338];34;;vocab
5706;福田;9.16;ふくだ;Fukuda;[1171, 14];30;;vocab
5707;使い;9.16;つかい;use;[1065];27;;vocab
5708;原料;9.16;げんりょう;raw materials;[142, 1262];31;;vocab
5709;中立;9.16;ちゅうりつ;neutrality;[39, 462];18;;vocab
5710;心地よい;9.16;ここちよい;Comfortable;[639, 554];22;;vocab
5711;曰く;9.15;いわく;He said:;[620];22;;vocab
5712;相違;9.15;そうい;difference;[222, 1773];42;;vocab
5713;ぶん;9.15;ぶん;sentence;[];0;4;vocab
5714;大抵;9.14;たいてい;mostly;[112, 1974];49;;vocab
5715;特有;9.14;とくゆう;characteristic;[261, 83];11;;vocab
5716;山形;9.14;やまがた;mountain-shape;[830, 1847];45;;vocab
5717;ドキュメント;9.14;ドキュメント;document;[];0;4;loanword
5718;電;9.14;でん;electric;[574];21;;vocab
5719;苦痛;9.14;くつう;pain;[239, 1825];44;;vocab
5720;改訂;9.13;かいてい;revision;[567, 362];21;;vocab
5721;アナログ;9.13;アナログ;analog;[];0;4;loanword
5722;ついつい;9.13;ついつい;Unintentionally;[];0;4;vocab
5723;脱出;9.13;だっしゅつ;escape;[537, 829];24;;vocab
5724;づく;9.13;づく;Made;[];0;4;vocab
5725;防犯;9.13;ぼうはん;prevention of crime;[1399, 1517];37;;vocab
5726;汚い;9.13;きたない;dirty;[1334];33;;vocab
5727;フジテレビ;9.13;フジテレビ;Fuji Television;[];0;4;loanword
5728;指針;9.13;ししん;needle;[711, 292];23;;vocab
5729;ビン;9.12;ビン;bottle;[];0;4;loanword
5730;主流;9.12;しゅりゅう;mainstream;[284, 826];23;;vocab
5731;友だち;9.12;ともだち;Friends;[760];23;;vocab
5732;たどる;9.11;たどる;Trace;[];0;4;vocab
5733;浮く;9.11;うく;float;[787];23;;vocab
5734;浅い;9.1;あさい;shallow;[395];17;;vocab
5735;テンポ;9.1;テンポ;tempo;[];0;4;loanword
5736;この間;9.1;このかん;During this time;[1747];42;;vocab
5737;上級;9.1;じょうきゅう;advanced level;[50, 1453];36;;vocab
5738;徳;9.1;とく;Virtue;[950];25;;vocab
5739;全米;9.1;ぜんべい;All-American;[281, 987];26;;vocab
5740;お薦め;9.09;おすすめ;Recommendation;[2156];54;;vocab
5741;なし;9.09;なし;none;[];0;4;vocab
5742;刑務所;9.09;けいむしょ;prison;[734, 1313, 1208];33;;vocab
5743;クレジットカード;9.09;クレジットカード;Credit card;[];0;4;loanword
5744;まじめ;9.09;まじめ;Serious;[];0;4;vocab
5745;技能;9.09;ぎのう;technical skill;[769, 2160];54;;vocab
5746;出口;9.08;いでぐち;exit;[829, 11];24;;vocab
5747;次世代;9.08;じせだい;Next Generation;[510, 28, 1080];27;;vocab
5748;専攻;9.08;せんこう;major subject;[47, 352];15;;vocab
5749;湧く;9.08;わく;spring up;[1510];37;;vocab
5750;カネ;9.08;カネ;Money;[];0;4;loanword
5751;しめる;9.08;しめる;Close;[];0;4;vocab
5752;誓う;9.07;ちかう;swear;[1214];31;;vocab
5753;尻;9.06;しり;butt;[1134];29;;vocab
5754;覆い;9.06;おおい;Cover;[1738];41;;vocab
5755;オーケストラ;9.06;オーケストラ;orchestra;[];0;4;loanword
5756;強める;9.06;つよめる;ramp up;[1321];33;;vocab
5757;あんなに;9.06;あんなに;That much;[];0;4;vocab
5758;リラックス;9.06;リラックス;relax;[];0;4;loanword
5759;デフレ;9.05;デフレ;deflation;[];0;4;loanword
5760;貧乏;9.05;びんぼう;poverty;[845, 1300];32;;vocab
5761;ギャップ;9.05;ギャップ;gap;[];0;4;loanword
5762;すこし;9.05;すこし;a little;[];0;4;vocab
5763;太平洋;9.05;たいへいよう;pacific ocean;[126, 1596, 588];39;;vocab
5764;山崎;9.04;やまざき;Yamazaki;[830, 840];24;;vocab
5765;刊;9.04;かん;Published;[1779];43;;vocab
5766;婦;9.04;ふ;woman;[1234];31;;vocab
5767;進;9.04;すすむ;Susumu;[603];21;;vocab
5768;つまる;9.03;つまる;Stuck;[];0;4;vocab
5769;ドイツ語;9.03;どいつご;German;[371];15;;vocab
5770;舌;9.03;した;tongue;[41];3;;vocab
5771;硬い;9.03;かたい;hard;[750];23;;vocab
5772;リフォーム;9.03;リフォーム;Renovation;[];0;4;loanword
5773;苦しみ;9.02;くるしみ;suffering;[239];10;;vocab
5774;ファー;9.02;ファー;fur;[];0;4;loanword
5775;賢治;9.02;けんじ;Kenji;[915, 807];25;;vocab
5776;ハリウッド;9.01;ハリウッド;Hollywood;[];0;4;loanword
5777;一斉;9.01;いっせい;simultaneous;[1, 1866];45;;vocab
5778;厳密;9.01;いむひそか;strict;[2086, 837];53;;vocab
5779;ボディ;9.01;ボディ;body;[];0;4;loanword
5780;クマ;9.01;クマ;bear;[];0;4;loanword
5781;県民;9.01;けんみん;citizens of a prefecture;[552, 1976];49;;vocab
5782;ときどき;9.0;ときどき;sometimes;[];0;4;vocab
5783;費やす;9.0;ついやす;spend;[1326];33;;vocab
5784;パーツ;8.99;パーツ;parts;[];0;4;loanword
5785;きっちり;8.99;きっちり;precisely;[];0;4;vocab
5786;ファンタジー;8.99;ファンタジー;fantasy;[];0;4;loanword
5787;挑む;8.99;いどむ;Challenge;[710];23;;vocab
5788;区分;8.99;くぶん;division;[1831, 844];44;;vocab
5789;おっ;8.99;おっ;Oh;[];0;4;vocab
5790;トレンド;8.98;トレンド;trend;[];0;4;loanword
5791;司令;8.98;しれい;command;[2007, 1503];50;;vocab
5792;セル;8.98;セル;cell;[];0;4;loanword
5793;分裂;8.98;ぶんれつ;split;[844, 876];25;;vocab
5794;日本国;8.98;にっぽんこく;Japan;[12, 224, 624];22;;vocab
5795;旗;8.97;はた;flag;[1901];46;;vocab
5796;鎌倉;8.97;かまくら;Kamakura;[1725, 1758];42;;vocab
5797;気楽;8.97;きらく;carefree;[2030, 1872];51;;vocab
5798;白人;8.96;はくじん;white person;[37, 1023];27;;vocab
5799;かむ;8.95;かむ;Chew;[];0;4;vocab
5800;アンテナ;8.95;アンテナ;antenna;[];0;4;loanword
5801;コンサルティング;8.95;コンサルティング;consulting;[];0;4;loanword
5802;経理;8.95;けいり;management;[1460, 283];36;;vocab
5803;徴収;8.95;ちょうしゅう;collection;[952, 1628];39;;vocab
5804;岡山;8.94;おかやま;Okayama;[2112, 830];53;;vocab
5805;具;8.94;ぐ;Ingredients;[78];5;;vocab
5806;利害;8.93;りがい;advantages and disadvantages;[972, 1671];40;;vocab
5807;東南アジア;8.93;とうなんあじあ;Southeast Asia;[543, 1740];41;;vocab
5808;共謀;8.93;きょうぼう;conspiracy;[1934, 1897];47;;vocab
5809;尽きる;8.93;つきる;run out;[1152];29;;vocab
5810;所長;8.93;しょちょう;chief;[1208, 2070];52;;vocab
5811;あいさつ;8.92;あいさつ;Greetings;[];0;4;vocab
5812;レン;8.92;レン;Ren;[];0;4;loanword
5813;スタンド;8.91;スタンド;stand;[];0;4;loanword
5814;重量;8.91;じゅうりょう;weight;[1805, 189];43;;vocab
5815;汁;8.91;しる;juice;[150];8;;vocab
5816;一つ一つ;8.91;ひとつひとつ;One by one;[1, 1];1;;vocab
5817;道徳;8.91;どうとく;morals;[295, 950];25;;vocab
5818;マリア;8.9;マリア;Maria;[];0;4;loanword
5819;混ぜる;8.9;まぜる;mix;[487];18;;vocab
5820;説く;8.9;とく;preach;[538];19;;vocab
5821;再編;8.9;さいへん;reorganization;[1956, 1966];48;;vocab
5822;コマ;8.89;コマ;Piece;[];0;4;loanword
5823;ロケット;8.89;ロケット;rocket;[];0;5;loanword
5824;喧嘩;8.89;けんか;quarrel;[9999, 9999];99;;vocab
5825;生地;8.89;きじ;cloth;[1675, 554];40;;vocab
5826;カ所;8.89;かしょ;Location;[1208];31;;vocab
5827;中年;8.89;ちゅうねん;middle-age;[39, 1114];28;;vocab
5828;擦る;8.89;こする;rub;[1185];30;;vocab
5829;リアルタイム;8.89;リアルタイム;real time;[];0;5;loanword
5830;派手;8.88;はで;showy;[1999, 687];50;;vocab
5831;対決;8.88;たいけつ;confrontation;[1862, 1770];45;;vocab
5832;店頭;8.87;てんとう;shopfront;[632, 1549];38;;vocab
5833;情けない;8.87;なさけない;Pathetic;[1657];40;;vocab
5834;フォト;8.87;フォト;photo;[];0;5;loanword
5835;大都市;8.87;だいとし;Big cities;[112, 1989, 440];49;;vocab
5836;相次ぐ;8.87;あいつぐ;successive;[222, 510];18;;vocab
5837;下る;8.87;くだる;descend;[51];3;;vocab
5838;還元;8.87;かんげん;reduction;[900, 63];25;;vocab
5839;っ子;8.86;っこ;kid;[99];6;;vocab
5840;入試;8.86;にゅうし;entrance examination;[842, 378];24;;vocab
5841;首脳;8.85;しゅのう;head;[74, 2084];53;;vocab
5842;ワークショップ;8.85;ワークショップ;Workshop;[];0;5;loanword
5843;洋;8.85;よう;Western;[588];21;;vocab
5844;鍛える;8.85;きたえる;Train;[2004];50;;vocab
5845;この頃;8.85;このころ;These days;[479];18;;vocab
5846;博;8.84;ひろし;Hiroshi;[48];3;;vocab
5847;学級;8.84;がっきゅう;class;[346, 1453];36;;vocab
5848;丸い;8.84;まるい;round;[44];3;;vocab
5849;案外;8.84;あんがい;unexpectedly;[227, 116];10;;vocab
5850;苦情;8.84;くじょう;complaint;[239, 1657];40;;vocab
5851;海上;8.84;かいじょう;sea;[500, 50];18;;vocab
5852;アマゾン;8.83;アマゾン;Amazon;[];0;5;loanword
5853;バグ;8.83;バグ;bug;[];0;5;loanword
5854;エイズ;8.83;エイズ;AIDS;[];0;5;loanword
5855;あてる;8.83;あてる;Hit;[];0;4;vocab
5856;同志;8.83;どうし;same mind;[192, 645];22;;vocab
5857;ハー;8.82;ハー;Har;[];0;5;loanword
5858;デー;8.82;デー;Day;[];0;5;loanword
5859;成熟;8.81;せいじゅく;maturity;[386, 332];16;;vocab
5860;エンド;8.81;エンド;End;[];0;5;loanword
5861;工;8.81;こう;engineering;[80];5;;vocab
5862;フジ;8.81;フジ;Fuji;[];0;5;loanword
5863;目覚める;8.8;めざめる;wake up;[15, 347];15;;vocab
5864;長時間;8.8;ちょうじかん;Long time;[2070, 171, 1747];52;;vocab
5865;女王;8.8;じょおう;queen;[102, 271];12;;vocab
5866;系統;8.8;けいとう;system;[1492, 1447];36;;vocab
5867;独裁;8.8;どくさい;dictatorship;[561, 424];21;;vocab
5868;嫁;8.8;よめ;wife;[581];21;;vocab
5869;立;8.79;たつ;standing;[462];18;;vocab
5870;分布;8.79;ぶんぷ;distribution;[844, 433];24;;vocab
5871;プロデューサー;8.79;プロデューサー;producer;[];0;5;loanword
5872;フェイス;8.79;フェイス;Face;[];0;5;loanword
5873;動;8.79;どう;motion;[1806];43;;vocab
5874;騒動;8.78;そうどう;strife;[2139, 1806];54;;vocab
5875;妨害;8.78;ぼうがい;disturbance;[530, 1671];40;;vocab
5876;禁煙;8.78;きんえん;abstaining from smoking;[1179, 1739];41;;vocab
5877;はじめまして;8.78;はじめまして;nice to meet you;[];0;4;vocab
5878;そこら;8.78;そこら;Around here;[];0;4;vocab
5879;安易;8.78;あんい;easy;[202, 1130];29;;vocab
5880;ブレーキ;8.77;ブレーキ;brake;[];0;5;loanword
5881;実体;8.77;じったい;substance;[1694, 1030];40;;vocab
5882;返還;8.77;へんかん;return;[782, 900];25;;vocab
5883;日系;8.77;にっけい;Japanese descent;[12, 1492];36;;vocab
5884;小屋;8.77;こや;hut;[110, 1138];29;;vocab
5885;営利;8.77;えいり;money-making;[1111, 972];28;;vocab
5886;介;8.76;かい;Intermediate;[265];12;;vocab
5887;タレント;8.76;タレント;talent;[];0;5;loanword
5888;おまけ;8.76;おまけ;bonus;[];0;4;vocab
5889;マルチ;8.76;マルチ;Multi;[];0;5;loanword
5890;藤原;8.76;ふじわら;Fujiwara;[1295, 142];32;;vocab
5891;モンゴル;8.76;モンゴル;Mongolia;[];0;5;loanword
5892;アラブ;8.75;アラブ;Arab;[];0;5;loanword
5893;野党;8.75;やとう;opposition party;[1722, 860];41;;vocab
5894;言うまでもない;8.74;いうまでもない;Needless to say;[357];15;;vocab
5895;力強い;8.74;ちからづよい;powerful;[922, 1321];33;;vocab
5896;倶楽部;8.74;くらぶ;club;[9999, 1872, 1988];99;;vocab
5897;譲渡;8.74;じょうと;transfer;[1648, 1279];39;;vocab
5898;役人;8.74;やくにん;government official;[949, 1023];27;;vocab
5899;回り;8.74;まわり;Around;[630];22;;vocab
5900;他社;8.74;たしゃ;another company;[1034, 1173];30;;vocab
5901;黄色;8.73;きいろ;yellow;[1887, 1890];45;;vocab
5902;属する;8.72;ぞくする;Belongs to;[2103];53;;vocab
5903;高価;8.72;こうか;high price;[329, 1729];41;;vocab
5904;亜;8.72;あ;sub;[1950];48;;vocab
5905;改める;8.72;あらためる;change;[567];21;;vocab
5906;売り場;8.72;うりば;Sales area;[345, 584];21;;vocab
5907;親しい;8.71;したしい;close;[1621];39;;vocab
5908;公益;8.71;こうえき;public;[847, 2026];51;;vocab
5909;スクリプト;8.71;スクリプト;script;[];0;5;loanword
5910;どうにか;8.71;どうにか;somehow;[];0;4;vocab
5911;そうして;8.71;そうして;And so;[];0;4;vocab
5912;全文;8.7;ぜんぶん;whole passage;[281, 1861];45;;vocab
5913;たてる;8.7;たてる;Build;[];0;4;vocab
5914;七月;8.7;しちがつ;July;[7, 13];1;;vocab
5915;ウィンドウ;8.7;ウィンドウ;window;[];0;5;loanword
5916;達する;8.69;たっする;reach;[591];21;;vocab
5917;ウェア;8.69;ウェア;Wear;[];0;5;loanword
5918;心がける;8.69;こころがける;Keep in mind;[639];22;;vocab
5919;焼酎;8.69;しょうちゅう;shochu;[1284, 1537];38;;vocab
5920;住;8.69;じゅう;residence;[1027];27;;vocab
5921;パンツ;8.68;パンツ;pants;[];0;5;loanword
5922;土曜;8.68;どよう;Saturday;[161, 618];21;;vocab
5923;反面;8.68;はんめん;on the other hand;[779, 2039];51;;vocab
5924;イオン;8.68;イオン;ion;[];0;5;loanword
5925;迫力;8.67;はくりょく;force;[300, 922];25;;vocab
5926;僕たち;8.67;ぼくたち;Us;[1933];47;;vocab
5927;脱;8.67;だっ;Escape;[537];19;;vocab
5928;支払;8.67;しはらい;payment;[768, 798];23;;vocab
5929;札;8.67;さつ;bills;[225];10;;vocab
5930;フォント;8.67;フォント;font;[];0;5;loanword
5931;理性;8.67;りせい;reason;[283, 1679];40;;vocab
5932;卒;8.67;そつ;Graduate;[1102];27;;vocab
5933;方策;8.66;ほうさく;plan;[529, 1019];26;;vocab
5934;有害;8.66;ゆうがい;harmfulness;[83, 1671];40;;vocab
5935;上げ;8.66;あげ;Raise;[50];3;;vocab
5936;菌;8.66;きん;bacteria;[985];26;;vocab
5937;クリスチャン;8.66;クリスチャン;Christian;[];0;5;loanword
5938;成;8.66;しげる;Growth;[386];16;;vocab
5939;狂う;8.65;くるう;go crazy;[277];12;;vocab
5940;乗客;8.65;じょうきゃく;passenger;[1709, 315];40;;vocab
5941;幸;8.65;こう;happiness;[1622];39;;vocab
5942;布団;8.65;ふとん;futon;[433, 625];22;;vocab
5943;片手;8.65;かたて;one hand;[1297, 687];32;;vocab
5944;かぎり;8.65;かぎり;as long as;[];0;4;vocab
5945;終る;8.65;おわる;end;[1452];36;;vocab
5946;イヤー;8.65;イヤー;Year;[];0;5;loanword
5947;スタンス;8.64;スタンス;stance;[];0;5;loanword
5948;座席;8.64;ざせき;seat;[1100, 1277];32;;vocab
5949;盛ん;8.63;さかん;thriving;[1567];38;;vocab
5950;松井;8.63;まつい;Matsui;[848, 1946];48;;vocab
5951;形状;8.63;けいじょう;shape;[1847, 254];45;;vocab
5952;ほら;8.63;ほら;Look;[];0;4;vocab
5953;ログイン;8.63;ログイン;Log in;[];0;5;loanword
5954;ナンバー;8.63;ナンバー;Number;[];0;5;loanword
5955;推奨;8.63;すいしょう;recommendation;[716, 790];23;;vocab
5956;建て;8.63;たて;Construction;[417];17;;vocab
5957;サイクル;8.63;サイクル;cycle;[];0;5;loanword
5958;立ち寄る;8.63;たちよる;Stop by;[462, 204];18;;vocab
5959;常;8.62;つね;always;[862];25;;vocab
5960;ゲート;8.62;ゲート;gate;[];0;5;loanword
5961;主権;8.62;しゅけん;sovereignty;[284, 613];21;;vocab
5962;もどる;8.62;もどる;Back;[];0;4;vocab
5963;瞳;8.62;ひとみ;pupil;[469];18;;vocab
5964;遭う;8.61;あう;encounter;[1258];31;;vocab
5965;開拓;8.61;かいたく;reclamation;[1750, 703];42;;vocab
5966;右側;8.61;みぎがわ;right side;[82, 1049];27;;vocab
5967;メイク;8.61;メイク;makeup;[];0;5;loanword
5968;原点;8.6;げんてん;origin;[142, 181];8;;vocab
5969;胃;8.6;い;stomach;[29];2;;vocab
5970;粒;8.6;つぶ;grain;[990];26;;vocab
5971;夜間;8.59;やかん;at night;[1115, 1747];42;;vocab
5972;並み;8.59;なみ;Average;[1924];47;;vocab
5973;ストップ;8.59;ストップ;stop;[];0;5;loanword
5974;速;8.58;はや;Fast;[1799];43;;vocab
5975;年収;8.58;ねんしゅう;annual income;[1114, 1628];39;;vocab
5976;等しい;8.58;ひとしい;equal;[1016];26;;vocab
5977;偽造;8.58;ぎぞう;forgery;[2068, 299];52;;vocab
5978;出品;8.58;しゅっぴん;exhibit;[829, 23];24;;vocab
5979;写る;8.57;うつる;be photographed;[1336];33;;vocab
5980;今年度;8.57;こんねんど;This fiscal year;[1711, 1114, 1278];41;;vocab
5981;散る;8.57;ちる;Scatter;[1273];32;;vocab
5982;服装;8.56;ふくそう;garments;[1501, 425];37;;vocab
5983;いち;8.56;いち;one;[];0;4;vocab
5984;利点;8.55;りてん;advantage;[972, 181];26;;vocab
5985;アップデート;8.55;アップデート;update;[];0;5;loanword
5986;繰り広げる;8.55;くりひろげる;unfold;[1469, 799];36;;vocab
5987;短縮;8.54;たんしゅく;shortening;[1550, 1434];38;;vocab
5988;貨幣;8.54;かへい;money;[1085, 1118];28;;vocab
5989;難;8.54;なん;difficulty;[1703];40;;vocab
5990;中旬;8.54;ちゅうじゅん;middle of a month;[39, 71];4;;vocab
5991;納める;8.54;おさめる;Pay;[1456];36;;vocab
5992;大した;8.54;たいした;Great;[112];7;;vocab
5993;青山;8.54;あおやま;lush mountain;[1654, 830];40;;vocab
5994;膨らむ;8.53;ふくらむ;swell;[1855];45;;vocab
5995;産地;8.53;さんち;producing area;[1681, 554];40;;vocab
5996;生える;8.53;はえる;grow;[1675];40;;vocab
5997;民衆;8.53;みんしゅう;people;[1976, 2001];50;;vocab
5998;九月;8.53;くがつ;September;[9, 13];1;;vocab
5999;年寄り;8.52;としより;elderly;[1114, 204];28;;vocab
6000;仕上げる;8.52;しあげる;Finishing;[1033, 50];27;;vocab
6001;まっ;8.52;まっ;Wait;[];0;4;vocab
6002;矢;8.52;や;arrow;[1305];33;;vocab
6003;ビット;8.52;ビット;bit;[];0;5;loanword
6004;厚;8.52;あつ;Thickness;[132];7;;vocab
6005;偏見;8.51;へんけん;prejudice;[1964, 61];48;;vocab
6006;ヘン;8.51;ヘン;Hen;[];0;5;loanword
6007;教訓;8.5;きょうくん;lesson;[1343, 365];34;;vocab
6008;坂本;8.5;さかもと;Sakamoto;[780, 224];23;;vocab
6009;視察;8.5;しさつ;inspection;[1174, 1184];30;;vocab
6010;八月;8.5;はちがつ;August;[8, 13];1;;vocab
6011;主任;8.5;しゅにん;person in charge;[284, 1078];27;;vocab
6012;リゾート;8.48;リゾート;Resort;[];0;5;loanword
6013;響き;8.48;ひびき;sound;[1994];49;;vocab
6014;悲惨;8.48;ひさん;disastrous;[1763, 1857];45;;vocab
6015;強いる;8.48;しいる;Force;[1321];33;;vocab
6016;ワクワク;8.48;ワクワク;excited;[];0;5;loanword
6017;言論;8.48;げんろん;speech;[357, 1961];48;;vocab
6018;翼;8.48;つばさ;wings;[1937];47;;vocab
6019;来月;8.48;らいげつ;next month;[2029, 13];51;;vocab
6020;主題;8.47;しゅだい;subject;[284, 415];17;;vocab
6021;早急;8.47;そうきゅう;urgent;[26, 1229];31;;vocab
6022;対談;8.47;たいだん;talk;[1862, 374];45;;vocab
6023;ベルト;8.47;ベルト;belt;[];0;5;loanword
6024;選定;8.47;せんてい;selection;[1944, 408];47;;vocab
6025;中断;8.47;ちゅうだん;interruption;[39, 1218];31;;vocab
6026;ムービー;8.46;ムービー;movie;[];0;5;loanword
6027;条項;8.46;じょうこう;clause;[319, 86];13;;vocab
6028;添える;8.46;そえる;Add;[684];22;;vocab
6029;のぞく;8.46;のぞく;Peek;[];0;4;vocab
6030;保育園;8.46;ほいくえん;nursery school;[1072, 821, 629];27;;vocab
6031;痩せる;8.46;やせる;lose weight;[1818];44;;vocab
6032;福音;8.46;ふくいん;good news;[1171, 518];30;;vocab
6033;診察;8.46;しんさつ;medical examination;[1860, 1184];45;;vocab
6034;縛る;8.46;しばる;Tie;[1476];36;;vocab
6035;東アジア;8.45;ひがしあじあ;East Asia;[543];19;;vocab
6036;マジック;8.45;マジック;magic;[];0;5;loanword
6037;正体;8.44;しょうたい;natural shape;[405, 1030];27;;vocab
6038;原発;8.44;げんぱつ;nuclear power plant;[142, 1840];44;;vocab
6039;自作;8.44;じさく;one's own work;[36, 1224];31;;vocab
6040;キン;8.44;キン;Kin;[];0;5;loanword
6041;生き残る;8.43;いきのこる;survive;[1675, 871];40;;vocab
6042;テンション;8.43;テンション;tension;[];0;5;loanword
6043;土日;8.42;どにち;weekend;[161, 12];8;;vocab
6044;デパート;8.42;デパート;Department stores;[];0;5;loanword
6045;偽装;8.42;ぎそう;disguise;[2068, 425];52;;vocab
6046;ジャケット;8.42;ジャケット;jacket;[];0;5;loanword
6047;富山;8.42;とやま;Toyama;[205, 830];24;;vocab
6048;作り方;8.42;つくりかた;How to make it;[1224, 529];31;;vocab
6049;入会;8.42;にゅうかい;admission;[842, 814];24;;vocab
6050;不能;8.42;ふのう;incompetency;[1302, 2160];54;;vocab
6051;レジ;8.41;レジ;cash register;[];0;5;loanword
6052;保;8.41;ほ;Protection;[1072];27;;vocab
6053;そろう;8.41;そろう;Align;[];0;4;vocab
6054;刻む;8.41;きざむ;Engrave;[1639];39;;vocab
6055;捧げる;8.41;ささげる;devote;[9999];99;;vocab
6056;葬儀;8.4;そうぎ;funeral service;[879, 1059];27;;vocab
6057;起源;8.4;きげん;origin;[565, 153];21;;vocab
6058;攻める;8.4;せめる;attack;[352];15;;vocab
6059;国防;8.4;こくぼう;national defence;[624, 1399];35;;vocab
6060;アカウント;8.4;アカウント;account;[];0;5;loanword
6061;黄;8.4;き;yellow;[1887];45;;vocab
6062;系列;8.4;けいれつ;series;[1492, 875];36;;vocab
6063;礼拝;8.4;れいはい;worship;[1168, 1686];40;;vocab
6064;夢中;8.4;むちゅう;daze;[327, 39];14;;vocab
6065;持ち出す;8.39;もちだす;take out;[712, 829];24;;vocab
6066;エコ;8.39;エコ;Eco;[];0;5;loanword
6067;クレーム;8.39;クレーム;claim;[];0;5;loanword
6068;ミッション;8.39;ミッション;mission;[];0;5;loanword
6069;煮る;8.38;にる;simmer;[1346];34;;vocab
6070;本年;8.38;ほんねん;year;[224, 1114];28;;vocab
6071;複合;8.38;ふくごう;composite;[504, 269];18;;vocab
6072;アイコ;8.38;アイコ;Aiko;[];0;5;loanword
6073;リサーチ;8.38;リサーチ;research;[];0;5;loanword
6074;気象;8.38;きしょう;weather;[2030, 2130];53;;vocab
6075;摂取;8.37;せっしゅ;intake;[1876, 882];45;;vocab
6076;火災;8.37;かさい;conflagration;[173, 179];8;;vocab
6077;近藤;8.37;こんどう;Kondo;[1210, 1295];32;;vocab
6078;やり取り;8.37;やりとり;exchange;[882];25;;vocab
6079;オール;8.37;オール;Oar;[];0;5;loanword
6080;被る;8.37;こうむる;suffer;[870];25;;vocab
6081;混む;8.37;こむ;crowded;[487];18;;vocab
6082;裸;8.37;はだか;naked;[1205];30;;vocab
6083;ごみ;8.37;ごみ;garbage;[];0;4;vocab
6084;和解;8.37;わかい;reconciliation;[963, 1955];48;;vocab
6085;トンネル;8.37;トンネル;tunnel;[];0;5;loanword
6086;そっち;8.36;そっち;Over there;[];0;2;vocab
6087;二月;8.36;にがつ;February;[2, 13];1;;vocab
6088;打;8.36;だ;Hit;[705];23;;vocab
6089;バッテリー;8.36;バッテリー;battery;[];0;5;loanword
6090;ノン;8.35;ノン;Non;[];0;5;loanword
6091;名乗る;8.35;なのる;introduce yourself;[117, 1709];40;;vocab
6092;恐縮;8.35;きょうしゅく;feeling obliged;[660, 1434];36;;vocab
6093;そしたら;8.35;そしたら;Then;[];0;4;vocab
6094;タダ;8.35;タダ;Free;[];0;5;loanword
6095;球団;8.35;きゅうだん;baseball team;[1005, 625];26;;vocab
6096;おまけに;8.35;おまけに;In addition;[];0;4;vocab
6097;合宿;8.35;がっしゅく;lodging together;[269, 1070];27;;vocab
6098;飛躍;8.35;ひやく;leaping;[2032, 1379];51;;vocab
6099;真相;8.34;しんそう;truth;[79, 222];10;;vocab
6100;黄金;8.34;おうごん;gold;[1887, 287];45;;vocab
6101;補正;8.34;ほせい;correction;[1983, 405];49;;vocab
6102;ゾーン;8.34;ゾーン;zone;[];0;5;loanword
6103;家賃;8.33;やちん;rent;[580, 1079];27;;vocab
6104;居酒屋;8.33;いざかや;Izakaya;[1143, 1535, 1138];38;;vocab
6105;簡易;8.33;かんい;simplicity;[1749, 1130];42;;vocab
6106;同日;8.33;どうじつ;the same day;[192, 12];9;;vocab
6107;ずれる;8.33;ずれる;shift;[];0;4;vocab
6108;キャスト;8.33;キャスト;cast;[];0;5;loanword
6109;三郎;8.33;さぶろう;Saburo;[3, 1995];49;;vocab
6110;規範;8.33;きはん;model;[904, 1516];37;;vocab
6111;公衆;8.33;こうしゅう;the public;[847, 2001];50;;vocab
6112;脆弱;8.33;ぜいじゃく;frail;[9999, 1323];99;;vocab
6113;ことし;8.32;ことし;this year;[];0;4;vocab
6114;打ち出す;8.32;うちだす;Launch;[705, 829];24;;vocab
6115;ビーチ;8.31;ビーチ;Beach;[];0;5;loanword
6116;主として;8.31;しゅとして;mainly;[284];12;;vocab
6117;逃れる;8.31;のがれる;escape;[301];13;;vocab
6118;刺す;8.31;さす;stab;[446];18;;vocab
6119;阻止;8.31;そし;obstruction;[1919, 396];47;;vocab
6120;ほっと;8.31;ほっと;Relief;[];0;4;vocab
6121;持ち主;8.31;もちぬし;owner;[712, 284];23;;vocab
6122;町村;8.31;ちょうそん;towns and villages;[96, 221];10;;vocab
6123;預ける;8.31;あづける;deposit;[1721];41;;vocab
6124;令;8.31;りょう;order;[1503];37;;vocab
6125;真似;8.3;まね;imitating;[79, 1106];28;;vocab
6126;ゆとり;8.3;ゆとり;Leisure;[];0;4;vocab
6127;アメリカン;8.3;アメリカン;American;[];0;5;loanword
6128;添付;8.3;てんぷ;attachment;[684, 1075];27;;vocab
6129;花粉;8.3;かふん;pollen;[1084, 988];27;;vocab
6130;塗装;8.29;とそう;coating;[1792, 425];43;;vocab
6131;堪能;8.29;たんのう;proficient;[1907, 2160];54;;vocab
6132;晴れ;8.29;はれ;sunny;[1658];40;;vocab
6133;子会社;8.29;こがいしゃ;subsidiary;[99, 814, 1173];30;;vocab
6134;存続;8.29;そんぞく;duration;[739, 1445];36;;vocab
6135;気持ちよい;8.29;きもちよい;Feels good;[2030, 712];51;;vocab
6136;国庫;8.28;こっこ;national treasury;[624, 633];22;;vocab
6137;ボケ;8.28;ボケ;Bokeh;[];0;5;loanword
6138;石井;8.28;いしい;Ishii;[118, 1946];48;;vocab
6139;シミュレーション;8.27;シミュレーション;simulation;[];0;5;loanword
6140;中島;8.27;なかじま;Nakajima;[39, 2098];53;;vocab
6141;採択;8.27;さいたく;adoption;[792, 1155];29;;vocab
6142;識別;8.27;しきべつ;discrimination;[521, 94];19;;vocab
6143;無断;8.27;むだん;without permission;[1913, 1218];46;;vocab
6144;有す;8.26;ゆうす;have;[83];5;;vocab
6145;ボート;8.26;ボート;boat;[];0;5;loanword
6146;スケール;8.26;スケール;scale;[];0;5;loanword
6147;引き;8.25;ひき;Pull;[1318];33;;vocab
6148;恥;8.25;はじ;shame;[886];25;;vocab
6149;不便;8.25;ふべん;inconvenience;[1302, 1066];32;;vocab
6150;焼き;8.25;やき;Grilled;[1284];32;;vocab
6151;英雄;8.25;えいゆう;hero;[1878, 804];45;;vocab
6152;拡充;8.25;かくじゅう;expansion;[801, 823];23;;vocab
6153;造;8.25;みやつこ;Construction;[299];13;;vocab
6154;涼しい;8.24;すずしい;cool;[335];14;;vocab
6155;ビッグ;8.24;ビッグ;big;[];0;5;loanword
6156;中山;8.24;なかやま;Nakayama;[39, 830];24;;vocab
6157;ぢ;8.24;ぢ;Di;[];0;4;vocab
6158;歩行;8.24;ほこう;walk;[397, 938];25;;vocab
6159;今まで;8.24;いままで;Until now;[1711];41;;vocab
6160;ガイドライン;8.24;ガイドライン;Guidelines;[];0;5;loanword
6161;そっくり;8.23;そっくり;Identical;[];0;4;vocab
6162;青少年;8.23;せいしょうねん;youth;[1654, 111, 1114];40;;vocab
6163;広域;8.23;こういき;wide area;[799, 380];23;;vocab
6164;名簿;8.23;めいぼ;register of names;[117, 1020];26;;vocab
6165;優位;8.23;ゆうい;predominance;[1068, 1028];27;;vocab
6166;雄;8.22;ゆう;male;[804];23;;vocab
6167;命じる;8.22;めいじる;command;[1502];37;;vocab
6168;スタンダード;8.22;スタンダード;Standard;[];0;5;loanword
6169;小生;8.22;しょうせい;I;[110, 1675];40;;vocab
6170;行列;8.22;ぎょうれつ;line;[938, 875];25;;vocab
6171;ドレス;8.22;ドレス;dress;[];0;5;loanword
6172;麻薬;8.21;まやく;narcotic drugs;[637, 1873];45;;vocab
6173;依然として;8.21;いぜんとして;still;[1045, 256];27;;vocab
6174;青森;8.21;あおもり;Aomori;[1654, 209];40;;vocab
6175;名刺;8.21;めいし;business card;[117, 446];18;;vocab
6176;五輪;8.21;ごりん;the Olympics;[5, 1963];48;;vocab
6177;配達;8.21;はいたつ;delivery;[1544, 591];38;;vocab
6178;がた;8.21;がた;Shaka;[];0;4;vocab
6179;ディスプレイ;8.2;ディスプレイ;display;[];0;5;loanword
6180;バル;8.2;バル;Bar;[];0;5;loanword
6181;よね;8.2;よね;Right?;[];0;4;vocab
6182;独り言;8.2;ひとりごと;talking to yourself;[561, 357];21;;vocab
6183;誠実;8.19;せいじつ;sincere;[388, 1694];40;;vocab
6184;せいぜい;8.19;せいぜい;At best;[];0;4;vocab
6185;和田;8.19;わだ;Wada;[963, 14];26;;vocab
6186;良心;8.19;りょうしん;conscience;[1578, 639];38;;vocab
6187;頻度;8.19;ひんど;frequency;[399, 1278];32;;vocab
6188;単行本;8.19;たんこうぼん;Hardcover;[2078, 938, 224];53;;vocab
6189;ごらん;8.18;ごらん;Look;[];0;4;vocab
6190;他国;8.18;たこく;foreign country;[1034, 624];27;;vocab
6191;皮肉;8.18;ひにく;cynicism;[865, 1098];27;;vocab
6192;連動;8.18;れんどう;operating together;[305, 1806];43;;vocab
6193;奉仕;8.17;ほうし;attendance;[1695, 1033];40;;vocab
6194;公認;8.17;こうにん;official recognition;[847, 643];24;;vocab
6195;砂漠;8.17;さばく;desert;[122, 245];10;;vocab
6196;猿;8.17;さる;monkey;[430];18;;vocab
6197;局面;8.17;きょくめん;position in a game of go or shogi;[1147, 2039];51;;vocab
6198;安保;8.16;あんぽ;US-Japan Security Treaty;[202, 1072];27;;vocab
6199;住居;8.16;じゅうきょ;dwelling;[1027, 1143];29;;vocab
6200;スロー;8.16;スロー;Slow;[];0;5;loanword
6201;発す;8.16;はっす;emit;[1840];44;;vocab
6202;追い込む;8.16;おいこむ;Push;[1359, 843];34;;vocab
6203;月刊;8.16;げっかん;monthly publication;[13, 1779];43;;vocab
6204;是正;8.16;ぜせい;correction;[414, 405];17;;vocab
6205;後期;8.15;こうき;latter period;[1479, 1902];46;;vocab
6206;わし;8.15;わし;eagle, I;[];0;4;vocab
6207;梅;8.15;うめ;plum;[499];18;;vocab
6208;竜;8.15;りゅう;dragon;[575];21;;vocab
6209;イライラ;8.14;イライラ;Irritation;[];0;5;loanword
6210;土壌;8.14;どじょう;soil;[161, 1649];39;;vocab
6211;詩人;8.14;しじん;poet;[370, 1023];27;;vocab
6212;分配;8.14;ぶんぱい;division;[844, 1544];38;;vocab
6213;バリ;8.14;バリ;Bali;[];0;5;loanword
6214;締結;8.13;ていけつ;conclusion;[1440, 1451];36;;vocab
6215;持参;8.13;じさん;bringing;[712, 1856];45;;vocab
6216;エリート;8.13;エリート;elite;[];0;5;loanword
6217;抗;8.13;こう;anti;[700];23;;vocab
6218;左翼;8.13;さよく;left-wing;[81, 1937];47;;vocab
6219;藤;8.12;ふじ;Wisteria;[1295];32;;vocab
6220;霧;8.12;きり;fog;[1314];33;;vocab
6221;ブルース;8.12;ブルース;Blues;[];0;5;loanword
6222;まく;8.12;まく;sow;[];0;4;vocab
6223;腐る;8.12;くさる;rot;[1099];27;;vocab
6224;定番;8.12;ていばん;standard;[408, 2058];52;;vocab
6225;いくらでも;8.12;いくらでも;Any amount;[];0;4;vocab
6226;割り;8.11;わり;Split;[1673];40;;vocab
6227;修復;8.11;しゅうふく;restoration;[1858, 940];45;;vocab
6228;敬意;8.11;けいい;respect;[356, 654];22;;vocab
6229;貫く;8.11;つらぬく;pierce;[106];6;;vocab
6230;王様;8.11;おうさま;king;[271, 1003];26;;vocab
6231;小野;8.11;おの;Ono;[110, 1722];41;;vocab
6232;左側;8.11;ひだりがわ;left;[81, 1049];27;;vocab
6233;プレッシャー;8.1;プレッシャー;pressure;[];0;5;loanword
6234;ショート;8.1;ショート;short;[];0;5;loanword
6235;ふつう;8.1;ふつう;ordinary;[];0;4;vocab
6236;明白;8.1;めいはく;obvious;[20, 37];3;;vocab
6237;己;8.1;おのれ;Self;[564];21;;vocab
6238;支障;8.09;ししょう;obstacle;[768, 1393];35;;vocab
6239;大胆;8.09;だいたん;bold;[112, 31];7;;vocab
6240;除去;8.09;じょきょ;removal;[1787, 812];43;;vocab
6241;罰;8.09;ばち;punishment;[896];25;;vocab
6242;エアコン;8.09;エアコン;Air conditioning;[];0;5;loanword
6243;展覧;8.08;てんらん;exhibition;[2075, 919];52;;vocab
6244;納税;8.08;のうぜい;payment of taxes;[1456, 961];36;;vocab
6245;シカゴ;8.08;シカゴ;Chicago;[];0;5;loanword
6246;ハンドル;8.08;ハンドル;handle;[];0;5;loanword
6247;小遣い;8.08;こづかい;pocket money;[110, 1910];46;;vocab
6248;丁度;8.07;ちょうど;just;[95, 1278];32;;vocab
6249;きちっと;8.07;きちっと;Properly;[];0;4;vocab
6250;からだ;8.06;からだ;Body;[];0;4;vocab
6251;遠慮;8.06;えんりょ;reserve;[429, 2151];54;;vocab
6252;退屈;8.06;たいくつ;tedium;[1575, 1140];38;;vocab
6253;大正;8.06;たいしょう;Taisho;[112, 405];17;;vocab
6254;出会える;8.06;であえる;Meet;[829, 814];24;;vocab
6255;助言;8.06;じょげん;advice;[1921, 357];47;;vocab
6256;圧縮;8.06;あっしゅく;compression;[163, 1434];36;;vocab
6257;小規模;8.06;しょうきぼ;Small scale;[110, 904, 244];25;;vocab
6258;義;8.06;よし;righteousness;[691];23;;vocab
6259;曇る;8.05;くもる;Cloudy;[453];18;;vocab
6260;小沢;8.05;おざわ;Ozawa;[110, 1153];29;;vocab
6261;ハム;8.05;ハム;ham;[];0;5;loanword
6262;関わり;8.05;かかわり;Relationship;[2173];55;;vocab
6263;ゆったり;8.05;ゆったり;Relaxed;[];0;4;vocab
6264;明示;8.05;めいじ;specification;[20, 1167];30;;vocab
6265;わたる;8.05;わたる;Cross;[];0;4;vocab
6266;いちいち;8.04;いちいち;Each and every one;[];0;4;vocab
6267;復旧;8.04;ふっきゅう;restoration;[940, 35];25;;vocab
6268;下旬;8.04;げじゅん;month;[51, 71];4;;vocab
6269;はずす;8.04;はずす;Remove;[];0;4;vocab
6270;レット;8.03;レット;Let;[];0;5;loanword
6271;数量;8.03;すうりょう;quantity;[998, 189];26;;vocab
6272;司;8.03;つかさ;Tsukasa;[2007];50;;vocab
6273;ペルー;8.03;ペルー;Peru;[];0;5;loanword
6274;野生;8.03;やせい;wild;[1722, 1675];41;;vocab
6275;友好;8.03;ゆうこう;friendship;[760, 103];23;;vocab
6276;およぶ;8.03;およぶ;span;[];0;4;vocab
6277;諮問;8.03;しもん;question;[514, 1744];42;;vocab
6278;最小限;8.02;さいしょうげん;minimum;[884, 110, 1576];38;;vocab
6279;残高;8.02;ざんだか;balance;[871, 329];25;;vocab
6280;祖母;8.02;そぼ;grandmother;[1918, 105];47;;vocab
6281;ハードウェア;8.02;ハードウェア;Hardware;[];0;5;loanword
6282;寄与;8.01;きよ;contribution;[204, 1335];33;;vocab
6283;素朴;8.01;そぼく;simplicity;[1652, 220];40;;vocab
6284;クリーム;8.01;クリーム;cream;[];0;5;loanword
6285;上限;8.0;じょうげん;upper limit;[50, 1576];38;;vocab
6286;武力;8.0;ぶりょく;armed might;[403, 922];25;;vocab
6287;ドキュメンタリー;8.0;ドキュメンタリー;documentary;[];0;5;loanword
6288;近隣;8.0;きんりん;neighbourhood;[1210, 1408];35;;vocab
6289;ジャン;8.0;ジャン;Jean;[];0;5;loanword
6290;不信;7.99;ふしん;unfaithfulness;[1302, 1043];32;;vocab
6291;ストレート;7.99;ストレート;straight;[];0;5;loanword
6292;運賃;7.99;うんちん;fare;[325, 1079];27;;vocab
6293;ポーランド;7.99;ポーランド;Poland;[];0;5;loanword
6294;ノリ;7.98;ノリ;Nori;[];0;5;loanword
6295;トーナメント;7.98;トーナメント;tournament;[];0;5;loanword
6296;要領;7.98;ようりょう;point;[1730, 1507];41;;vocab
6297;発掘;7.97;はっくつ;excavation;[1840, 1141];44;;vocab
6298;劣る;7.97;おとる;Inferior;[926];25;;vocab
6299;ソフトバンク;7.97;ソフトバンク;SoftBank;[];0;5;loanword
6300;茨城;7.97;いばらき;Ibaraki;[511, 387];18;;vocab
6301;新築;7.97;しんちく;new building;[1619, 1021];39;;vocab
6302;取り付ける;7.97;とりつける;Install;[882, 1075];27;;vocab
6303;仮想;7.97;かそう;imagination;[1039, 656];27;;vocab
6304;叱る;7.96;しかる;scold;[477];18;;vocab
6305;コンテスト;7.96;コンテスト;Contest;[];0;5;loanword
6306;どころか;7.95;どころか;Far from it;[];0;4;vocab
6307;円滑;7.95;えんかつ;smooth;[1952, 1384];48;;vocab
6308;直感;7.95;ちょっかん;intuition;[77, 662];22;;vocab
6309;はく;7.95;はく;foil;[];0;4;vocab
6310;カルチャー;7.95;カルチャー;Culture;[];0;5;loanword
6311;紫;7.94;むらさき;Purple;[1475];36;;vocab
6312;佑;7.94;たすく;Yu;[9999];99;;vocab
6313;ホット;7.94;ホット;hot;[];0;5;loanword
6314;過激;7.94;かげき;extreme;[1389, 536];34;;vocab
6315;秋田;7.94;あきた;Akita;[966, 14];26;;vocab
6316;引き継ぐ;7.93;ひきつぐ;take over;[1318, 1470];36;;vocab
6317;斬る;7.93;きる;kill;[1215];31;;vocab
6318;ばか;7.93;ばか;fool;[];0;4;vocab
6319;忠実;7.93;ちゅうじつ;faithful;[648, 1694];40;;vocab
6320;ナイト;7.92;ナイト;Knight;[];0;5;loanword
6321;付け加える;7.92;つけくわえる;add;[1075, 932];27;;vocab
6322;読売;7.92;よみうり;Yomiuri;[372, 345];15;;vocab
6323;彼氏;7.92;かれし;boyfriend;[948, 1970];49;;vocab
6324;えらい;7.92;えらい;Great;[];0;4;vocab
6325;娯楽;7.92;ごらく;pleasure;[2047, 1872];51;;vocab
6326;相性;7.92;あいしょう;affinity;[222, 1679];40;;vocab
6327;パチンコ;7.92;パチンコ;pachinko;[];0;5;loanword
6328;変身;7.91;へんしん;metamorphosis;[1882, 1337];45;;vocab
6329;たまらない;7.91;たまらない;Irresistible;[];0;4;vocab
6330;うむ;7.91;うむ;Yes;[];0;4;vocab
6331;収まる;7.91;おさまる;Fits;[1628];39;;vocab
6332;灯;7.91;あかり;light;[177];8;;vocab
6333;弘;7.91;ひろし;Hiroshi;[1320];33;;vocab
6334;ベテラン;7.91;ベテラン;veteran;[];0;5;loanword
6335;見上げる;7.9;みあげる;look up;[61, 50];4;;vocab
6336;債;7.9;さい;bond;[1664];40;;vocab
6337;大蔵;7.9;おおくら;Ministry of Finance;[112, 913];25;;vocab
6338;生態;7.9;せいたい;mode of life;[1675, 2161];54;;vocab
6339;盛る;7.9;もる;Serve;[1567];38;;vocab
6340;挿入;7.9;そうにゅう;insertion;[1197, 842];30;;vocab
6341;脱ぐ;7.9;ぬぐ;take off;[537];19;;vocab
6342;コンクリート;7.89;コンクリート;concrete;[];0;5;loanword
6343;受注;7.89;じゅちゅう;accepting an order;[794, 285];23;;vocab
6344;阿部;7.89;あべ;Abe;[1391, 1988];49;;vocab
6345;トータル;7.88;トータル;total;[];0;5;loanword
6346;不利;7.88;ふり;disadvantage;[1302, 972];32;;vocab
6347;協調;7.88;きょうちょう;cooperation;[937, 373];25;;vocab
6348;模索;7.88;もさく;groping;[244, 1465];36;;vocab
6349;サーチ;7.88;サーチ;search;[];0;5;loanword
6350;遺伝;7.87;いでん;heredity;[1909, 1036];46;;vocab
6351;仕掛ける;7.87;しかける;set up;[1033, 727];27;;vocab
6352;発する;7.87;はっする;emit;[1840];44;;vocab
6353;仕掛け;7.86;しかけ;Device;[1033, 727];27;;vocab
6354;句;7.86;く;clause;[69];4;;vocab
6355;称す;7.86;しょうす;to praise;[971];26;;vocab
6356;廊下;7.86;ろうか;corridor;[1996, 51];49;;vocab
6357;酸;7.86;さん;acid;[1545];38;;vocab
6358;地方自治体;7.86;ちほうじちたい;local government;[554, 529, 36, 807, 1030];27;;vocab
6359;内田;7.86;うちだ;Uchida;[1095, 14];27;;vocab
6360;手配;7.86;てはい;arrangement;[687, 1544];38;;vocab
6361;国王;7.86;こくおう;king;[624, 271];22;;vocab
6362;議決;7.85;ぎけつ;resolution;[692, 1770];42;;vocab
6363;をめぐって;7.85;をめぐって;Regarding;[];0;4;vocab
6364;強引;7.85;ごういん;overbearing;[1321, 1318];33;;vocab
6365;短編;7.85;たんぺん;short;[1550, 1966];48;;vocab
6366;痛感;7.85;つうかん;feeling keenly;[1825, 662];44;;vocab
6367;片付ける;7.84;かたづける;put away;[1297, 1075];32;;vocab
6368;かけ;7.84;かけ;Call;[];0;4;vocab
6369;出生;7.84;しゅっしょう;birth;[829, 1675];40;;vocab
6370;スピーチ;7.84;スピーチ;speech;[];0;5;loanword
6371;一括;7.84;いっかつ;all together;[1, 714];23;;vocab
6372;刀;7.83;かたな;sword;[87];5;;vocab
6373;爆笑;7.83;ばくしょう;roar of laughter;[1942, 1008];47;;vocab
6374;石炭;7.83;せきたん;coal;[118, 833];24;;vocab
6375;お祈り;7.83;おいのり;prayer;[1209];31;;vocab
6376;刑;7.83;けい;punishment;[734];23;;vocab
6377;分る;7.82;わかる;I understand;[844];24;;vocab
6378;綴る;7.82;つづる;spell;[9999];99;;vocab
6379;リクエスト;7.82;リクエスト;request;[];0;5;loanword
6380;天候;7.82;てんこう;weather;[457, 1769];42;;vocab
6381;手軽;7.82;てがる;easy;[687, 774];23;;vocab
6382;選出;7.82;せんしゅつ;election;[1944, 829];47;;vocab
6383;かわり;7.82;かわり;replacement;[];0;2;vocab
6384;反する;7.82;はんする;contrary;[779];23;;vocab
6385;浮気;7.82;うわき;extramarital sex;[787, 2030];51;;vocab
6386;ニュージーランド;7.82;ニュージーランド;new zealand;[];0;5;loanword
6387;看護婦;7.82;かんごふ;nurse;[688, 756, 1234];31;;vocab
6388;殿;7.81;しんがり;Lord;[1945];47;;vocab
6389;駆使;7.81;くし;free use;[2137, 1065];54;;vocab
6390;登山;7.81;とざん;mountain climbing;[1838, 830];44;;vocab
6391;ヒーロー;7.81;ヒーロー;hero;[];0;5;loanword
6392;計上;7.8;けいじょう;including a sum of money in one's calculations;[359, 50];15;;vocab
6393;パンフレット;7.8;パンフレット;Brochure;[];0;5;loanword
6394;協同;7.8;きょうどう;doing together;[937, 192];25;;vocab
6395;選任;7.79;せんにん;nomination;[1944, 1078];47;;vocab
6396;無償;7.79;むしょう;no compensation;[1913, 1060];46;;vocab
6397;合法;7.79;ごうほう;legal;[269, 813];23;;vocab
6398;ステーション;7.78;ステーション;Station;[];0;5;loanword
6399;パッ;7.78;パッ;Pop;[];0;5;loanword
6400;向き合う;7.78;むきあう;face;[195, 269];12;;vocab
6401;歴;7.78;れき;History;[402];17;;vocab
6402;送付;7.78;そうふ;sending;[2172, 1075];55;;vocab
6403;中世;7.77;ちゅうせい;Middle Ages;[39, 28];3;;vocab
6404;騒音;7.77;そうおん;noise;[2139, 518];54;;vocab
6405;隊員;7.76;たいいん;troops;[1403, 59];35;;vocab
6406;モーツァルト;7.76;モーツァルト;Mozart;[];0;5;loanword
6407;外来;7.76;がいらい;foreign;[116, 2029];51;;vocab
6408;シャープ;7.76;シャープ;sharp;[];0;5;loanword
6409;仲裁;7.76;ちゅうさい;arbitration;[1029, 424];27;;vocab
6410;奥様;7.76;おくさま;wife;[997, 1003];26;;vocab
6411;参画;7.76;さんかく;taking part in planning;[1856, 1254];45;;vocab
6412;キム;7.76;キム;Kim;[];0;5;loanword
6413;紅茶;7.76;こうちゃ;black tea;[1455, 267];36;;vocab
6414;棟;7.75;むね;ridge;[544];19;;vocab
6415;領土;7.75;りょうど;dominion;[1507, 161];37;;vocab
6416;井;7.75;い;well;[1946];48;;vocab
6417;チャット;7.75;チャット;chat;[];0;5;loanword
6418;集約;7.75;しゅうやく;intensiveness;[601, 1462];36;;vocab
6419;神秘;7.75;しんぴ;mystery;[1200, 970];30;;vocab
6420;家計;7.75;かけい;household economy;[580, 359];21;;vocab
6421;四国;7.75;しこく;Shikoku;[4, 624];22;;vocab
6422;でかい;7.75;でかい;huge;[];0;4;vocab
6423;連想;7.74;れんそう;association;[305, 656];22;;vocab
6424;同行;7.74;どうこう;accompanying;[192, 938];25;;vocab
6425;減税;7.74;げんぜい;tax reduction;[391, 961];26;;vocab
6426;いささか;7.74;いささか;Somewhat;[];0;4;vocab
6427;岸;7.74;きし;shore;[1782];43;;vocab
6428;アレンジ;7.73;アレンジ;Arrangement;[];0;5;loanword
6429;妥協;7.73;だきょう;compromise;[785, 937];25;;vocab
6430;ベンチ;7.73;ベンチ;bench;[];0;5;loanword
6431;検察官;7.73;けんさつかん;prosecutor;[1803, 1184, 1363];43;;vocab
6432;酸素;7.73;さんそ;oxygen;[1545, 1652];40;;vocab
6433;パニック;7.73;パニック;panic;[];0;5;loanword
6434;ビタミン;7.73;ビタミン;vitamin;[];0;5;loanword
6435;鳴らす;7.73;ならす;ring;[2092];53;;vocab
6436;兄さん;7.73;にいさん;Brother;[107];6;;vocab
6437;祝;7.72;しゅく;Congratulations;[1170];30;;vocab
6438;テクニカル;7.72;テクニカル;technical;[];0;5;loanword
6439;奨励;7.72;しょうれい;encouragement;[790, 931];25;;vocab
6440;歯科;7.72;しか;dentistry;[1255, 1263];31;;vocab
6441;セント;7.72;セント;cent;[];0;5;loanword
6442;たどり着く;7.72;たどりつく;arrive;[594];21;;vocab
6443;ホルモン;7.71;ホルモン;hormone;[];0;5;loanword
6444;陸上;7.71;りくじょう;land;[1631, 50];39;;vocab
6445;液;7.71;えき;liquid;[1116];28;;vocab
6446;肥料;7.71;ひりょう;manure;[1893, 1262];45;;vocab
6447;同級生;7.71;どうきゅうせい;classmate;[192, 1453, 1675];40;;vocab
6448;取り除く;7.7;とりのぞく;remove;[882, 1787];43;;vocab
6449;溜まる;7.7;たまる;accumulate;[9999];99;;vocab
6450;抽選;7.7;ちゅうせん;lottery;[1187, 1944];47;;vocab
6451;エレベーター;7.69;エレベーター;elevator;[];0;5;loanword
6452;氏名;7.69;しめい;full name;[1970, 117];49;;vocab
6453;軽;7.69;かる;Light;[774];23;;vocab
6454;親友;7.68;しんゆう;close friend;[1621, 760];39;;vocab
6455;におい;7.68;におい;Smell;[];0;4;vocab
6456;直接的;7.68;ちょくせつてき;direct;[77, 725, 73];23;;vocab
6457;西部;7.68;せいぶ;western part;[1728, 1988];49;;vocab
6458;黒字;7.67;くろじ;in the black;[186, 197];9;;vocab
6459;移籍;7.67;いせき;changing household registry;[964, 1689];40;;vocab
6460;そうですね;7.67;そうですね;I agree;[];0;4;vocab
6461;顕著;7.67;けんちょ;remarkable;[1928, 1347];47;;vocab
6462;預かる;7.67;あずかる;look after;[1721];41;;vocab
6463;ホッ;7.67;ホッ;Phew;[];0;5;loanword
6464;丼;7.67;どんぶり;bowl;[1947];48;;vocab
6465;切れ;7.67;きれ;Cut;[89];5;;vocab
6466;絶対に;7.67;ぜったいに;absolutely;[1891, 1862];45;;vocab
6467;フォーマット;7.67;フォーマット;format;[];0;5;loanword
6468;潰す;7.67;つぶす;crush;[1911];46;;vocab
6469;見込む;7.67;みこむ;expect;[61, 843];24;;vocab
6470;航空機;7.67;こうくうき;aircraft;[2014, 1414, 1482];50;;vocab
6471;らん;7.66;らん;Ran;[];0;4;vocab
6472;畳;7.66;たたみ;tatami;[1923];47;;vocab
6473;農薬;7.66;のうやく;agricultural chemical;[2170, 1873];55;;vocab
6474;コチ;7.65;コチ;Kochi;[];0;5;loanword
6475;少;7.65;すくな;Small;[111];7;;vocab
6476;セールス;7.65;セールス;Sales;[];0;5;loanword
6477;靖国神社;7.65;やすくにじんじゃ;Yasukuni Shrine;[9999, 624, 1200, 1173];99;;vocab
6478;総括;7.65;そうかつ;synthesis;[1466, 714];36;;vocab
6479;当てはまる;7.64;あてはまる;apply;[1236];31;;vocab
6480;軍人;7.64;ぐんじん;military personnel;[323, 1023];27;;vocab
6481;もてる;7.64;もてる;Popular;[];0;4;vocab
6482;折る;7.63;おる;Fold;[1211];31;;vocab
6483;僅か;7.63;わずか;slightly;[1699];40;;vocab
6484;そうなると;7.63;そうなると;If that happens;[];0;4;vocab
6485;雑談;7.63;ざつだん;chatting;[604, 374];21;;vocab
6486;見逃す;7.63;みのがす;miss;[61, 301];13;;vocab
6487;酷い;7.63;ひどい;terrible;[1539];38;;vocab
6488;計る;7.63;はかる;measure;[359];15;;vocab
6489;国道;7.63;こくどう;national highway;[624, 295];22;;vocab
6490;無名;7.63;むめい;unsigned;[1913, 117];46;;vocab
6491;固まる;7.63;かたまる;harden;[622];22;;vocab
6492;性別;7.62;せいべつ;distinction by sex;[1679, 94];40;;vocab
6493;弔;7.62;ちょう;condolences;[1319];33;;vocab
6494;好奇;7.62;こうき;inquisitiveness;[103, 133];7;;vocab
6495;まっすぐ;7.62;まっすぐ;Straight;[];0;4;vocab
6496;幻;7.62;まぼろし;illusion;[2006];50;;vocab
6497;気持;7.62;きもち;feeling;[2030, 712];51;;vocab
6498;ストック;7.62;ストック;stock;[];0;5;loanword
6499;みなさま;7.62;みなさま;Everyone;[];0;4;vocab
6500;みずから;7.62;みずから;By yourself;[];0;4;vocab
6501;ロバート;7.62;ロバート;Robert;[];0;5;loanword
6502;にあたる;7.61;にあたる;corresponds to;[];0;4;vocab
6503;通報;7.61;つうほう;report;[1511, 1625];39;;vocab
6504;替える;7.61;かえる;Replace;[905];25;;vocab
6505;攻略;7.61;こうりゃく;capture;[352, 314];15;;vocab
6506;虐殺;7.61;ぎゃくさつ;atrocity;[2153, 1607];54;;vocab
6507;構える;7.6;かまえる;Get ready;[1959];48;;vocab
6508;受け付ける;7.6;うけつける;accept;[794, 1075];27;;vocab
6509;適合;7.59;てきごう;conformity;[473, 269];18;;vocab
6510;思いっきり;7.59;おもいっきり;With all your might;[651];22;;vocab
6511;滑る;7.59;すべる;slide;[1384];34;;vocab
6512;逃す;7.59;のがす;escape;[301];13;;vocab
6513;一員;7.59;いちいん;person;[1, 59];4;;vocab
6514;まる;7.59;まる;circle;[];0;4;vocab
6515;水分;7.59;すいぶん;water;[137, 844];24;;vocab
6516;足す;7.59;たす;Add;[1372];34;;vocab
6517;核兵器;7.59;かくへいき;nuclear weapons;[1638, 1429, 127];39;;vocab
6518;お祭り;7.58;おまつり;Festival;[1183];30;;vocab
6519;周知;7.58;しゅうち;common knowledge;[339, 1308];33;;vocab
6520;洋服;7.58;ようふく;Western-style clothes;[588, 1501];37;;vocab
6521;ほん;7.58;ほん;book;[];0;4;vocab
6522;性的;7.58;せいてき;gender;[1679, 73];40;;vocab
6523;置き換える;7.57;おきかえる;replace;[895, 1122];28;;vocab
6524;皇帝;7.57;こうてい;emperor;[279, 466];18;;vocab
6525;発覚;7.57;はっかく;detection;[1840, 347];44;;vocab
6526;当たり;7.57;あたり;Win;[1236];31;;vocab
6527;足元;7.57;あしもと;at one's feet;[1372, 63];34;;vocab
6528;乏しい;7.57;とぼしい;poor;[1300];32;;vocab
6529;日誌;7.56;にっし;journal;[12, 646];22;;vocab
6530;太田;7.56;おおた;Ota;[126, 14];7;;vocab
6531;闘い;7.56;たたかい;fight;[1757];42;;vocab
6532;ウェイ;7.56;ウェイ;Way;[];0;5;loanword
6533;余談;7.56;よだん;digression;[1786, 374];43;;vocab
6534;数多く;7.56;かずおおく;Many;[998, 113];26;;vocab
6535;外見;7.56;がいけん;outward appearance;[116, 61];7;;vocab
6536;読み;7.56;よみ;reading;[372];15;;vocab
6537;目安;7.56;めやす;criterion;[15, 202];9;;vocab
6538;滝;7.55;たき;waterfall;[576];21;;vocab
6539;デザート;7.54;デザート;Dessert;[];0;5;loanword
6540;知性;7.54;ちせい;intelligence;[1308, 1679];40;;vocab
6541;満つ;7.54;みつ;Full;[1253];31;;vocab
6542;薬物;7.53;やくぶつ;medicines;[1873, 1129];45;;vocab
6543;敏感;7.53;びんかん;sensibility;[498, 662];22;;vocab
6544;ミリ;7.53;ミリ;Milli;[];0;5;loanword
6545;来年度;7.53;らいねんど;Next fiscal year;[2029, 1114, 1278];51;;vocab
6546;乳;7.53;ちち;milk;[786];23;;vocab
6547;醤油;7.53;しょうゆ;soy sauce;[9999, 1188];99;;vocab
6548;ぜんぜん;7.52;ぜんぜん;Not at all;[];0;2;vocab
6549;ついてる;7.52;ついてる;Lucky;[];0;4;vocab
6550;品目;7.52;ひんもく;item;[23, 15];2;;vocab
6551;トライ;7.51;トライ;Try;[];0;5;loanword
6552;総長;7.51;そうちょう;president;[1466, 2070];52;;vocab
6553;衝動;7.51;しょうどう;impulse;[1811, 1806];43;;vocab
6554;点数;7.51;てんすう;marks;[181, 998];26;;vocab
6555;フィンランド;7.51;フィンランド;Finland;[];0;5;loanword
6556;主観;7.51;しゅかん;subjectivity;[284, 614];21;;vocab
6557;スカ;7.51;スカ;Ska;[];0;5;loanword
6558;収納;7.51;しゅうのう;crop;[1628, 1456];39;;vocab
6559;岩手;7.51;いわて;Iwate;[832, 687];24;;vocab
6560;税率;7.51;ぜいりつ;tariff;[961, 1874];45;;vocab
6561;西村;7.5;にしむら;Nishimura;[1728, 221];41;;vocab
6562;今更;7.5;いまさら;now;[1711, 749];41;;vocab
6563;ボン;7.5;ボン;Bonn;[];0;5;loanword
6564;ナン;7.5;ナン;Naan;[];0;5;loanword
6565;題名;7.5;だいめい;title;[415, 117];17;;vocab
6566;部員;7.5;ぶいん;staff;[1988, 59];49;;vocab
6567;豊;7.49;ゆたか;Yutaka;[1551];38;;vocab
6568;横断;7.49;おうだん;crossing;[1888, 1218];45;;vocab
6569;担任;7.49;たんにん;in charge;[721, 1078];27;;vocab
6570;翌年;7.49;よくねん;following year;[617, 1114];28;;vocab
6571;文脈;7.48;ぶんみゃく;context;[1861, 2000];50;;vocab
6572;容器;7.48;ようき;container;[853, 127];24;;vocab
6573;基調;7.48;きちょう;basis;[1904, 373];46;;vocab
6574;酔う;7.48;よう;get drunk;[1543];38;;vocab
6575;無関係;7.48;むかんけい;Unrelated;[1913, 2173, 1493];55;;vocab
6576;お陰;7.47;おかげ;Thanks to;[1718];41;;vocab
6577;閣僚;7.47;かくりょう;cabinet ministers;[1752, 1842];44;;vocab
6578;兼ねる;7.47;かねる;be unable;[1723];41;;vocab
6579;内面;7.47;ないめん;inside;[1095, 2039];51;;vocab
6580;活;7.47;かつ;life;[154];8;;vocab
6581;アイス;7.47;アイス;ice;[];0;5;loanword
6582;許容;7.46;きょよう;permission;[611, 853];24;;vocab
6583;選考;7.46;せんこう;selection;[1944, 1341];47;;vocab
6584;さほど;7.46;さほど;Not so much;[];0;4;vocab
6585;宝;7.46;たから;treasure;[273];12;;vocab
6586;本能;7.46;ほんのう;instinct;[224, 2160];54;;vocab
6587;思い込む;7.45;おもいこむ;assume;[651, 843];24;;vocab
6588;レンジ;7.44;レンジ;range;[];0;5;loanword
6589;につれて;7.44;につれて;As;[];0;4;vocab
6590;ねらう;7.44;ねらう;Aim;[];0;4;vocab
6591;将棋;7.44;しょうぎ;shogi;[789, 1900];46;;vocab
6592;混じる;7.44;まじる;Mix;[487];18;;vocab
6593;キャンセル;7.44;キャンセル;cancel;[];0;5;loanword
6594;うた;7.44;うた;Song;[];0;4;vocab
6595;医薬品;7.44;いやくひん;Pharmaceuticals;[1829, 1873, 23];45;;vocab
6596;かわいそう;7.44;かわいそう;Poor thing;[];0;4;vocab
6597;条文;7.44;じょうぶん;text;[319, 1861];45;;vocab
6598;いじる;7.43;いじる;Tinker;[];0;4;vocab
6599;開店;7.43;かいてん;opening;[1750, 632];42;;vocab
6600;合流;7.43;ごうりゅう;confluence;[269, 826];23;;vocab
6601;亭;7.42;ちん;Tei;[333];14;;vocab
6602;しつこい;7.42;しつこい;Persistent;[];0;4;vocab
6603;心地;7.42;ここち;feeling;[639, 554];22;;vocab
6604;遂げる;7.42;とげる;accomplish;[579];21;;vocab
6605;競合;7.42;きょうごう;contention;[465, 269];18;;vocab
6606;たいした;7.42;たいした;Great;[];0;4;vocab
6607;浩;7.42;ひろし;Hiroshi;[9999];99;;vocab
6608;干渉;7.42;かんしょう;interference;[1777, 398];43;;vocab
6609;車内;7.41;しゃない;inside a train, car, etc.;[304, 1095];27;;vocab
6610;将軍;7.41;しょうぐん;general;[789, 323];23;;vocab
6611;卒業生;7.41;そつぎょうせい;Alumni;[1102, 1931, 1675];47;;vocab
6612;謝る;7.41;あやまる;apologize;[1339];34;;vocab
6613;負傷;7.41;ふしょう;injury;[67, 1071];27;;vocab
6614;騒ぎ;7.4;さわぎ;commotion;[2139];54;;vocab
6615;ブース;7.4;ブース;booth;[];0;5;loanword
6616;部署;7.4;ぶしょ;one's post;[1988, 1349];49;;vocab
6617;新着;7.4;しんちゃく;new arrivals;[1619, 594];39;;vocab
6618;テロリスト;7.39;テロリスト;terrorist;[];0;5;loanword
6619;飲み物;7.39;のみもの;drink;[1584, 1129];38;;vocab
6620;熊;7.39;くま;bear;[2159];54;;vocab
6621;原価;7.39;げんか;cost price;[142, 1729];41;;vocab
6622;商工;7.39;しょうこう;commerce and industry;[471, 80];18;;vocab
6623;先ず;7.38;まず;First;[263];11;;vocab
6624;喉;7.38;のど;throat;[1768];42;;vocab
6625;お祝い;7.38;おいわい;celebration;[1170];30;;vocab
6626;入り込む;7.38;はいりこむ;Enter;[842, 843];24;;vocab
6627;任命;7.38;にんめい;appointment;[1078, 1502];37;;vocab
6628;路上;7.38;ろじょう;road;[1376, 50];34;;vocab
6629;差す;7.37;さす;Insert;[593];21;;vocab
6630;通産省;7.37;つうさんしょう;Ministry of International Trade and Industry;[1511, 1681, 131];40;;vocab
6631;上野;7.37;うえの;Ueno;[50, 1722];41;;vocab
6632;震災;7.37;しんさい;earthquake disaster;[2166, 179];55;;vocab
6633;ライフスタイル;7.37;ライフスタイル;Lifestyle;[];0;5;loanword
6634;はぁ;7.37;はぁ;Haa;[];0;4;vocab
6635;長女;7.37;ちょうじょ;eldest daughter;[2070, 102];52;;vocab
6636;彫刻;7.37;ちょうこく;carving;[1846, 1639];45;;vocab
6637;リニューアル;7.37;リニューアル;Renewal;[];0;5;loanword
6638;就く;7.37;つく;Take up a position;[2121];53;;vocab
6639;大和;7.37;やまと;Yamato;[112, 963];26;;vocab
6640;労使;7.37;ろうし;labour and management;[924, 1065];27;;vocab
6641;傷つく;7.37;きずつく;hurt;[1071];27;;vocab
6642;どっか;7.36;どっか;somewhere;[];0;4;vocab
6643;品物;7.36;しなもの;goods;[23, 1129];29;;vocab
6644;職種;7.36;しょくしゅ;type of occupation;[887, 1810];43;;vocab
6645;商法;7.36;しょうほう;trade;[471, 813];23;;vocab
6646;ガル;7.36;ガル;Gal;[];0;5;loanword
6647;航海;7.35;こうかい;sail;[2014, 500];50;;vocab
6648;クイズ;7.35;クイズ;quiz;[];0;5;loanword
6649;近;7.35;ちか;near;[1210];31;;vocab
6650;飲める;7.35;のめる;Drinkable;[1584];38;;vocab
6651;山下;7.35;やました;Yamashita;[830, 51];24;;vocab
6652;弾圧;7.35;だんあつ;oppression;[2081, 163];53;;vocab
6653;カンボジア;7.34;カンボジア;Cambodia;[];0;5;loanword
6654;芸;7.34;げい;Art;[450];18;;vocab
6655;賛同;7.34;さんどう;approval;[906, 192];25;;vocab
6656;南北;7.34;なんぼく;south and north;[1740, 480];41;;vocab
6657;短期間;7.34;たんきかん;Short term;[1550, 1902, 1747];46;;vocab
6658;カウンセリング;7.34;カウンセリング;counseling;[];0;5;loanword
6659;津波;7.34;つなみ;tsunami;[350, 866];25;;vocab
6660;景観;7.34;けいかん;scenery;[336, 614];21;;vocab
6661;予言;7.34;よげん;prediction;[1719, 357];41;;vocab
6662;原子;7.34;げんし;atom;[142, 99];8;;vocab
6663;判;7.33;はん;judgment;[1289];32;;vocab
6664;大声;7.33;おおごえ;loud voice;[112, 2044];51;;vocab
6665;審理;7.33;しんり;trial;[2059, 283];52;;vocab
6666;実在;7.33;じつざい;reality;[1694, 740];40;;vocab
6667;ウィーン;7.33;ウィーン;Vienna;[];0;5;loanword
6668;ミルク;7.33;ミルク;milk;[];0;5;loanword
6669;本田;7.32;ほんだ;rice paddy;[224, 14];10;;vocab
6670;リストラ;7.32;リストラ;restructuring;[];0;5;loanword
6671;議題;7.32;ぎだい;topic of discussion;[692, 415];23;;vocab
6672;プラットフォーム;7.32;プラットフォーム;Platform;[];0;5;loanword
6673;戦場;7.31;せんじょう;battlefield;[2079, 584];53;;vocab
6674;六本木;7.31;ろっぽんぎ;Roppongi;[6, 224, 207];10;;vocab
6675;下ろす;7.31;おろす;Lower;[51];3;;vocab
6676;破産;7.31;はさん;bankruptcy;[869, 1681];40;;vocab
6677;景;7.31;けい;scenery;[336];14;;vocab
6678;果物;7.31;くだもの;fruit;[1202, 1129];30;;vocab
6679;給食;7.31;きゅうしょく;provision of lunch;[1449, 1582];38;;vocab
6680;アンド;7.31;アンド;and;[];0;5;loanword
6681;フェスティバル;7.3;フェスティバル;Festival;[];0;5;loanword
6682;喫茶店;7.29;きっさてん;coffee shop;[1670, 267, 632];40;;vocab
6683;セイ;7.29;セイ;Sei;[];0;5;loanword
6684;筆;7.29;ふで;brush;[1014];26;;vocab
6685;開会;7.29;かいかい;opening of a meeting;[1750, 814];42;;vocab
6686;ミュージカル;7.29;ミュージカル;musical;[];0;5;loanword
6687;亀;7.29;かめ;turtle;[573];21;;vocab
6688;出願;7.29;しゅつがん;application;[829, 143];24;;vocab
6689;単価;7.29;たんか;unit price;[2078, 1729];53;;vocab
6690;キャッチ;7.29;キャッチ;catch;[];0;5;loanword
6691;防御;7.29;ぼうぎょ;defense;[1399, 1500];37;;vocab
6692;構図;7.29;こうず;composition;[1959, 1264];48;;vocab
6693;ゴム;7.28;ゴム;rubber;[];0;5;loanword
6694;おしゃれ;7.28;おしゃれ;Stylish;[];0;4;vocab
6695;たけ;7.28;たけ;Take;[];0;4;vocab
6696;連日;7.27;れんじつ;every day;[305, 12];13;;vocab
6697;外相;7.27;がいしょう;Foreign Minister;[116, 222];10;;vocab
6698;餌;7.27;えさ;feed;[1588];38;;vocab
6699;微笑む;7.27;ほほえむ;smile;[954, 1008];26;;vocab
6700;身長;7.27;しんちょう;height;[1337, 2070];52;;vocab
6701;合間;7.27;あいま;interval;[269, 1747];42;;vocab
6702;名作;7.27;めいさく;masterpiece;[117, 1224];31;;vocab
6703;恒例;7.27;こうれい;established practice;[667, 1046];27;;vocab
6704;トピック;7.26;トピック;topic;[];0;5;loanword
6705;台所;7.26;だいどころ;kitchen;[805, 1208];31;;vocab
6706;すか;7.26;すか;Suka;[];0;4;vocab
6707;メガネ;7.26;メガネ;Glasses;[];0;5;loanword
6708;かの;7.26;かの;Kano;[];0;4;vocab
6709;抽出;7.25;ちゅうしゅつ;extraction;[1187, 829];30;;vocab
6710;刃;7.25;は;blade;[88];5;;vocab
6711;敗戦;7.25;はいせん;defeat;[353, 2079];53;;vocab
6712;密接;7.25;みっせつ;related;[837, 725];24;;vocab
6713;涼;7.25;りょう;Cool;[335];14;;vocab
6714;永田;7.25;ながた;Nagata;[139, 14];8;;vocab
6715;初回;7.25;しょかい;first time;[431, 630];22;;vocab
6716;水平;7.25;すいへい;level;[137, 1596];39;;vocab
6717;ロゴ;7.25;ロゴ;logo;[];0;5;loanword
6718;流動;7.25;りゅうどう;flow;[826, 1806];43;;vocab
6719;訴え;7.24;うったえ;lawsuit;[1221];31;;vocab
6720;ちまう;7.24;ちまう;Chimau;[];0;4;vocab
6721;コンパクト;7.24;コンパクト;compact;[];0;5;loanword
6722;好ましい;7.24;このましい;preferable;[103];6;;vocab
6723;リチャード;7.24;リチャード;Richard;[];0;5;loanword
6724;噛む;7.24;かむ;bite;[9999];99;;vocab
6725;満;7.24;みつる;Full;[1253];31;;vocab
6726;法曹;7.23;ほうそう;legal profession;[813, 1257];31;;vocab
6727;励む;7.23;はげむ;Encourage;[931];25;;vocab
6728;敷く;7.23;しく;lay;[2028];51;;vocab
6729;祝日;7.23;しゅくじつ;national holiday;[1170, 12];30;;vocab
6730;留まる;7.23;とまる;stay;[1527];37;;vocab
6731;現われる;7.23;あらわれる;appear;[275];12;;vocab
6732;よって;7.23;よって;Therefore;[];0;4;vocab
6733;測る;7.22;はかる;measure;[160];8;;vocab
6734;東西;7.22;とうざい;east and west;[543, 1728];41;;vocab
6735;無意味;7.22;むいみ;meaningless;[1913, 654, 233];46;;vocab
6736;に際して;7.22;にさいして;In this regard;[1392];35;;vocab
6737;新設;7.22;しんせつ;newly organized;[1619, 765];39;;vocab
6738;ジン;7.22;ジン;gin;[];0;5;loanword
6739;土台;7.21;どだい;foundation;[161, 805];23;;vocab
6740;よし;7.21;よし;Okay;[];0;4;vocab
6741;着物;7.21;きもの;clothing;[594, 1129];29;;vocab
6742;名目;7.2;めいもく;name;[117, 15];7;;vocab
6743;不在;7.2;ふざい;absence;[1302, 740];32;;vocab
6744;引き続く;7.2;ひきつづく;Continued;[1318, 1445];36;;vocab
6745;制服;7.2;せいふく;uniform;[447, 1501];37;;vocab
6746;何で;7.2;なんで;Why;[1087];27;;vocab
6747;前田;7.2;まえだ;Maeda;[309, 14];13;;vocab
6748;カイ;7.2;カイ;Kai;[];0;5;loanword
6749;体内;7.2;たいない;inside the body;[1030, 1095];27;;vocab
6750;ケイ;7.2;ケイ;Kei;[];0;5;loanword
6751;いやいや;7.2;いやいや;No, no;[];0;4;vocab
6752;お湯;7.2;おゆ;hot water;[585];21;;vocab
6753;ぶつける;7.2;ぶつける;hit;[];0;4;vocab
6754;パスタ;7.19;パスタ;pasta;[];0;5;loanword
6755;国旗;7.19;こっき;national flag;[624, 1901];46;;vocab
6756;モール;7.19;モール;mall;[];0;5;loanword
6757;補給;7.18;ほきゅう;supply;[1983, 1449];49;;vocab
6758;始末;7.18;しまつ;management;[809, 231];23;;vocab
6759;題材;7.18;だいざい;subject;[415, 738];23;;vocab
6760;デンマーク;7.17;デンマーク;Denmark;[];0;5;loanword
6761;たばこ;7.17;たばこ;tobacco;[];0;4;vocab
6762;おはよう;7.17;おはよう;good morning;[];0;4;vocab
6763;祖父;7.17;そふ;grandfather;[1918, 1366];47;;vocab
6764;受け継ぐ;7.17;うけつぐ;inherit;[794, 1470];36;;vocab
6765;比例;7.16;ひれい;proportion;[482, 1046];27;;vocab
6766;機動;7.16;きどう;maneuver;[1482, 1806];43;;vocab
6767;調節;7.16;ちょうせつ;regulation;[373, 1574];38;;vocab
6768;日本銀行;7.16;にっぽんぎんこう;Bank of Japan;[12, 224, 1569, 938];38;;vocab
6769;造り;7.16;つくり;Construction;[299];13;;vocab
6770;歳出;7.16;さいしゅつ;annual expenditure;[551, 829];24;;vocab
6771;ナウ;7.15;ナウ;Now;[];0;5;loanword
6772;すっごい;7.15;すっごい;Amazing;[];0;4;vocab
6773;有難う;7.15;ありがとう;Thank you;[83, 1703];40;;vocab
6774;艦;7.15;かん;ship;[2020];50;;vocab
6775;入荷;7.15;にゅうか;arrival of goods;[842, 1088];27;;vocab
6776;願望;7.14;がんぼう;desire;[143, 528];19;;vocab
6777;一行;7.14;いっこう;line;[1, 938];25;;vocab
6778;ホームズ;7.14;ホームズ;Holmes;[];0;5;loanword
6779;モジュール;7.14;モジュール;Module;[];0;5;loanword
6780;理科;7.14;りか;science;[283, 1263];31;;vocab
6781;サミット;7.14;サミット;Summit;[];0;5;loanword
6782;すいません;7.13;すいません;Sorry;[];0;4;vocab
6783;ソング;7.13;ソング;song;[];0;5;loanword
6784;別途;7.13;べっと;special;[94, 1790];43;;vocab
6785;官庁;7.13;かんちょう;government office;[1363, 635];34;;vocab
6786;サム;7.13;サム;Sam;[];0;5;loanword
6787;武士;7.13;ぶし;warrior;[403, 341];17;;vocab
6788;蕎麦;7.13;そば;buckwheat;[9999, 1653];99;;vocab
6789;やばい;7.13;やばい;terrible;[];0;4;vocab
6790;フォロー;7.12;フォロー;Follow;[];0;5;loanword
6791;同等;7.12;どうとう;equality;[192, 1016];26;;vocab
6792;ストリート;7.12;ストリート;Street;[];0;5;loanword
6793;芝;7.12;しば;Shiba;[1301];32;;vocab
6794;カトリック;7.12;カトリック;Catholic;[];0;5;loanword
6795;無責任;7.12;むせきにん;irresponsible;[1913, 1661, 1078];46;;vocab
6796;メソッド;7.12;メソッド;Methods;[];0;5;loanword
6797;処;7.12;しょ;Place;[318];13;;vocab
6798;提唱;7.12;ていしょう;advocacy;[718, 21];23;;vocab
6799;募金;7.12;ぼきん;fund-raising;[925, 287];25;;vocab
6800;すすめる;7.12;すすめる;Recommend;[];0;4;vocab
6801;市販;7.11;しはん;selling on the market;[440, 783];23;;vocab
6802;日刊;7.11;にっかん;daily issue;[12, 1779];43;;vocab
6803;銭;7.11;せん;Money;[394];16;;vocab
6804;他の;7.11;たの;other;[1034];27;;vocab
6805;入居;7.11;にゅうきょ;moving into;[842, 1143];29;;vocab
6806;助手;7.11;じょしゅ;helper;[1921, 687];47;;vocab
6807;成田;7.11;なりた;Narita;[386, 14];16;;vocab
6808;アド;7.11;アド;Ad;[];0;5;loanword
6809;パスポート;7.1;パスポート;passport;[];0;5;loanword
6810;ギリギリ;7.1;ギリギリ;Just barely;[];0;5;loanword
6811;モスクワ;7.1;モスクワ;Moscow;[];0;5;loanword
6812;アレルギー;7.1;アレルギー;allergy;[];0;5;loanword
6813;特権;7.1;とっけん;privilege;[261, 613];21;;vocab
6814;聞かす;7.1;きかす;Listen;[1754];42;;vocab
6815;管轄;7.1;かんかつ;jurisdiction;[1365, 1672];40;;vocab
6816;位置づける;7.1;いちづける;Position;[1028, 895];27;;vocab
6817;ラウンド;7.1;ラウンド;round;[];0;5;loanword
6818;はて;7.09;はて;Hate;[];0;4;vocab
6819;汚れ;7.09;よごれ;dirt;[1334];33;;vocab
6820;フォン;7.09;フォン;phone;[];0;5;loanword
6821;政;7.08;せい;Government;[407];17;;vocab
6822;尾;7.08;お;tail;[2064];52;;vocab
6823;建つ;7.08;たつ;stand;[417];17;;vocab
6824;真に;7.08;しんに;truly;[79];5;;vocab
6825;マラソン;7.08;マラソン;marathon;[];0;5;loanword
6826;引っ越す;7.08;ひっこす;move;[1318, 413];33;;vocab
6827;にわたり;7.08;にわたり;Over;[];0;4;vocab
6828;連帯;7.08;れんたい;solidarity;[305, 444];18;;vocab
6829;らい;7.08;らい;lie;[];0;4;vocab
6830;着実;7.07;ちゃくじつ;steady;[594, 1694];40;;vocab
6831;人件;7.07;じんけん;Personnel;[1023, 1032];27;;vocab
6832;技法;7.07;ぎほう;technique;[769, 813];23;;vocab
6833;あまりの;7.07;あまりの;Too much;[];0;4;vocab
6834;不具合;7.07;ふぐあい;defect;[1302, 78, 269];32;;vocab
6835;オフィシャル;7.07;オフィシャル;Official;[];0;5;loanword
6836;検;7.07;けん;Examination;[1803];43;;vocab
6837;時事;7.07;じじ;events of the day;[171, 1240];31;;vocab
6838;プレゼン;7.07;プレゼン;presentation;[];0;5;loanword
6839;フライ;7.07;フライ;fly;[];0;5;loanword
6840;副作用;7.07;ふくさよう;side effects;[93, 1224, 1265];31;;vocab
6841;関節;7.07;かんせつ;joints;[2173, 1574];55;;vocab
6842;濃度;7.07;のうど;concentration;[2171, 1278];55;;vocab
6843;戦士;7.07;せんし;soldier;[2079, 341];53;;vocab
6844;十月;7.07;じゅうがつ;October;[10, 13];1;;vocab
6845;中毒;7.07;ちゅうどく;poisoning;[39, 1651];40;;vocab
6846;社会党;7.06;しゃかいとう;Socialist Party;[1173, 814, 860];30;;vocab
6847;あたかも;7.06;あたかも;As if;[];0;4;vocab
6848;登校;7.06;とうこう;attendance;[1838, 1371];44;;vocab
6849;プレゼンテーション;7.05;プレゼンテーション;presentation;[];0;5;loanword
6850;バナナ;7.05;バナナ;banana;[];0;5;loanword
6851;味噌;7.05;みそ;miso;[233, 9999];99;;vocab
6852;プライド;7.05;プライド;pride;[];0;5;loanword
6853;不定期;7.05;ふていき;Irregular;[1302, 408, 1902];46;;vocab
6854;イチ;7.05;イチ;One;[];0;5;loanword
6855;追跡;7.05;ついせき;pursuit;[1359, 1883];45;;vocab
6856;とぶ;7.05;とぶ;Fly;[];0;4;vocab
6857;旬;7.04;しゅん;Season;[71];4;;vocab
6858;延期;7.04;えんき;postponement;[419, 1902];46;;vocab
6859;松田;7.04;まつだ;Matsuda;[848, 14];24;;vocab
6860;各自;7.04;かくじ;individual;[311, 36];13;;vocab
6861;馴染み;7.04;なじみ;Familiarity;[9999, 548];99;;vocab
6862;お互いに;7.03;おたがいに;each other;[819];23;;vocab
6863;ともあれ;7.03;ともあれ;Anyway;[];0;4;vocab
6864;値する;7.03;あたいする;Deserving;[1052];27;;vocab
6865;繁栄;7.03;はんえい;prospering;[1435, 348];36;;vocab
6866;暴走;7.03;ぼうそう;running wildly;[1941, 410];47;;vocab
6867;ヤフー;7.03;ヤフー;Yahoo!;[];0;5;loanword
6868;免疫;7.03;めんえき;immunity;[2126, 1824];53;;vocab
6869;ターン;7.02;ターン;turn;[];0;5;loanword
6870;老;7.02;ろう;old man;[1340];34;;vocab
6871;いじめ;7.02;いじめ;Bullying;[];0;4;vocab
6872;着手;7.02;ちゃくしゅ;to start work;[594, 687];23;;vocab
6873;新型;7.02;しんがた;new type;[1619, 735];39;;vocab
6874;のせる;7.02;のせる;Place;[];0;4;vocab
6875;教わる;7.01;おそわる;be taught;[1343];34;;vocab
6876;中盤;7.01;ちゅうばん;middle;[39, 2017];50;;vocab
6877;江;7.01;こう;Jiang;[148];8;;vocab
6878;河;7.0;かわ;river;[157];8;;vocab
6879;のぼる;7.0;のぼる;Climb;[];0;4;vocab
6880;優;7.0;ゆう;Excellent;[1068];27;;vocab
6881;チリ;7.0;チリ;Chile;[];0;5;loanword
6882;桁;7.0;けた;digit;[956];25;;vocab
6883;おかしな;7.0;おかしな;Strange;[];0;4;vocab
6884;均衡;6.99;きんこう;equilibrium;[172, 957];25;;vocab
6885;プラスチック;6.99;プラスチック;plastic;[];0;5;loanword
6886;ロビー;6.99;ロビー;lobby;[];0;5;loanword
6887;到来;6.99;とうらい;arrival;[817, 2029];51;;vocab
6888;弦;6.99;つる;string;[1487];36;;vocab
6889;建造;6.99;けんぞう;building;[417, 299];17;;vocab
6890;精一杯;6.99;せいいっぱい;To the best of my ability;[1655, 1, 1304];40;;vocab
6891;用事;6.99;ようじ;tasks;[1265, 1240];31;;vocab
6892;下りる;6.99;おりる;Get off;[51];3;;vocab
6893;さっさと;6.98;さっさと;quickly;[];0;4;vocab
6894;商人;6.98;しょうにん;trader;[471, 1023];27;;vocab
6895;タワー;6.98;タワー;Tower;[];0;5;loanword
6896;上田;6.98;うえだ;high rice field;[50, 14];3;;vocab
6897;馬場;6.97;ばば;horse-riding ground;[2132, 584];54;;vocab
6898;つなげる;6.97;つなげる;Connect;[];0;4;vocab
6899;お疲れ様;6.97;おつかれさま;good job;[1823, 1003];44;;vocab
6900;指向;6.97;しこう;being orientated;[711, 195];23;;vocab
6901;中核;6.97;ちゅうかく;kernel;[39, 1638];39;;vocab
6902;勘定;6.97;かんじょう;calculation;[1906, 408];46;;vocab
6903;運行;6.97;うんこう;service;[325, 938];25;;vocab
6904;兄ちゃん;6.97;にいちゃん;Big Brother;[107];6;;vocab
6905;早;6.97;はや;early;[26];2;;vocab
6906;時に;6.96;ときに;Sometimes;[171];8;;vocab
6907;十二月;6.96;じゅうにがつ;December;[10, 2, 13];1;;vocab
6908;ムード;6.96;ムード;mood;[];0;5;loanword
6909;同情;6.96;どうじょう;sympathy;[192, 1657];40;;vocab
6910;学歴;6.96;がくれき;academic background;[346, 402];17;;vocab
6911;入口;6.96;いりぐち;entrance;[842, 11];24;;vocab
6912;止む;6.96;やむ;Stop;[396];17;;vocab
6913;接する;6.95;せっする;contact;[725];23;;vocab
6914;有用;6.95;ゆうよう;useful;[83, 1265];31;;vocab
6915;農;6.95;のう;Agriculture;[2170];55;;vocab
6916;更;6.94;さら;Change;[749];23;;vocab
6917;恩恵;6.94;おんけい;grace;[652, 659];22;;vocab
6918;強まる;6.94;つよまる;Intensify;[1321];33;;vocab
6919;いやー;6.94;いやー;Oh no;[];0;4;vocab
6920;法務省;6.94;ほうむしょう;Ministry of Justice;[813, 1313, 131];33;;vocab
6921;炉;6.93;ろ;furnace;[1161];29;;vocab
6922;領;6.93;りょう;territory;[1507];37;;vocab
6923;うかがう;6.93;うかがう;Ask;[];0;4;vocab
6924;開;6.93;ひらく;Open;[1750];42;;vocab
6925;もる;6.93;もる;Mol;[];0;4;vocab
6926;ニック;6.93;ニック;Nick;[];0;5;loanword
6927;好調;6.92;こうちょう;favourable;[103, 373];15;;vocab
6928;言動;6.92;げんどう;speech and conduct;[357, 1806];43;;vocab
6929;お笑い;6.92;おわらい;comedy;[1008];26;;vocab
6930;養う;6.92;やしなう;Nurture;[1591];38;;vocab
6931;弱者;6.92;じゃくしゃ;weak person;[1323, 1345];34;;vocab
6932;代行;6.92;だいこう;acting as agent;[1080, 938];27;;vocab
6933;経歴;6.92;けいれき;personal history;[1460, 402];36;;vocab
6934;片方;6.92;かたほう;One side;[1297, 529];32;;vocab
6935;気の毒;6.92;きのどく;Poor thing;[2030, 1651];51;;vocab
6936;害;6.92;がい;harm;[1671];40;;vocab
6937;食欲;6.92;しょくよく;appetite;[1582, 855];38;;vocab
6938;返答;6.92;へんとう;reply;[782, 1018];26;;vocab
6939;不自由;6.91;ふじゆう;inconvenience;[1302, 36, 1186];32;;vocab
6940;容認;6.91;ようにん;approval;[853, 643];24;;vocab
6941;自律;6.91;じりつ;autonomy;[36, 939];25;;vocab
6942;茂;6.91;しげる;Shigeru;[384];16;;vocab
6943;如何;6.91;いか;how;[104, 1087];27;;vocab
6944;フラッシュ;6.9;フラッシュ;flash;[];0;5;loanword
6945;うそ;6.9;うそ;lie;[];0;4;vocab
6946;隣接;6.9;りんせつ;adjoin;[1408, 725];35;;vocab
6947;順序;6.9;じゅんじょ;order;[136, 1720];41;;vocab
6948;前期;6.9;ぜんき;first term;[309, 1902];46;;vocab
6949;そっと;6.9;そっと;Gently;[];0;4;vocab
6950;リビング;6.9;リビング;living;[];0;5;loanword
6951;メモリー;6.9;メモリー;memory;[];0;5;loanword
6952;然;6.89;しか;Naturally;[256];11;;vocab
6953;無知;6.89;むち;ignorance;[1913, 1308];46;;vocab
6954;秋葉原;6.89;あきはばら;Akihabara;[966, 243, 142];26;;vocab
6955;宮城;6.89;みやぎ;Imperial Palace;[1110, 387];28;;vocab
6956;リス;6.89;リス;squirrel;[];0;5;loanword
6957;中部;6.89;ちゅうぶ;center;[39, 1988];49;;vocab
6958;坊;6.89;ぼう;Bo;[531];19;;vocab
6959;同居;6.88;どうきょ;coexistence;[192, 1143];29;;vocab
6960;責める;6.88;せめる;blame;[1661];40;;vocab
6961;遺体;6.88;いたい;corpse;[1909, 1030];46;;vocab
6962;追いつく;6.88;おいつく;catch up;[1359];34;;vocab
6963;創;6.88;そう;Creation;[1759];42;;vocab
6964;寺院;6.88;じいん;temple;[170, 1401];35;;vocab
6965;きのう;6.88;きのう;yesterday;[];0;4;vocab
6966;金沢;6.88;かなざわ;Kanazawa;[287, 1153];29;;vocab
6967;とどめる;6.88;とどめる;keep;[];0;4;vocab
6968;役目;6.88;やくめ;duty;[949, 15];25;;vocab
6969;ふたつ;6.88;ふたつ;Two;[];0;4;vocab
6970;乗り;6.88;のり;ride;[1709];40;;vocab
6971;澤;6.88;さわ;Sawa;[9999];99;;vocab
6972;ご存じ;6.87;ごぞんじ;As you know;[739];23;;vocab
6973;即ち;6.86;すなわち;That is;[1572];38;;vocab
6974;途端;6.86;とたん;just;[1790, 1251];43;;vocab
6975;住人;6.86;じゅうにん;dweller;[1027, 1023];27;;vocab
6976;事典;6.86;じてん;cyclopedia;[1240, 1969];48;;vocab
6977;上陸;6.86;じょうりく;landing;[50, 1631];39;;vocab
6978;打撃;6.85;だげき;blow;[705, 766];23;;vocab
6979;あちら;6.85;あちら;there;[];0;2;vocab
6980;セブン;6.84;セブン;Seven;[];0;5;loanword
6981;こっそり;6.84;こっそり;secretly;[];0;4;vocab
6982;ハッピー;6.84;ハッピー;happy;[];0;5;loanword
6983;最小;6.84;さいしょう;smallest;[884, 110];25;;vocab
6984;テレビ局;6.84;てれびきょく;TV station;[1147];29;;vocab
6985;保安;6.84;ほあん;peace preservation;[1072, 202];27;;vocab
6986;ボリューム;6.84;ボリューム;volume;[];0;5;loanword
6987;模型;6.84;もけい;model;[244, 735];23;;vocab
6988;ミラー;6.84;ミラー;mirror;[];0;5;loanword
6989;気力;6.84;きりょく;willpower;[2030, 922];51;;vocab
6990;じゃう;6.83;じゃう;Then;[];0;4;vocab
6991;西欧;6.83;せいおう;Western Europe;[1728, 1834];44;;vocab
6992;鮮やか;6.83;あざやか;vivid;[590];21;;vocab
6993;国有;6.83;こくゆう;national ownership;[624, 83];22;;vocab
6994;メタ;6.83;メタ;Meta;[];0;5;loanword
6995;診る;6.83;みる;examine;[1860];45;;vocab
6996;ドラム;6.83;ドラム;drum;[];0;5;loanword
6997;向う;6.82;むこう;Across;[195];9;;vocab
6998;聴取;6.82;ちょうしゅ;listening;[890, 882];25;;vocab
6999;物資;6.82;ぶっし;goods;[1129, 512];29;;vocab
7000;晋;6.82;すすむ;Jin;[9999];99;;vocab
7001;知能;6.82;ちのう;intelligence;[1308, 2160];54;;vocab
7002;サロン;6.82;サロン;salon;[];0;5;loanword
7003;アフガニスタン;6.82;アフガニスタン;Afghanistan;[];0;5;loanword
7004;決着;6.82;けっちゃく;conclusion;[1770, 594];42;;vocab
7005;テル;6.82;テル;Teru;[];0;5;loanword
7006;教徒;6.82;きょうと;believer;[1343, 943];34;;vocab
7007;査定;6.81;さてい;assessment;[1920, 408];47;;vocab
7008;心身;6.81;しんしん;mind and body;[639, 1337];34;;vocab
7009;唐;6.81;とう;Tang;[1241];31;;vocab
7010;折;6.81;おり;Occasionally;[1211];31;;vocab
7011;マック;6.81;マック;Mac;[];0;5;loanword
7012;交える;6.81;まじえる;Intersect;[1368];34;;vocab
7013;抑圧;6.81;よくあつ;check;[1835, 163];44;;vocab
7014;月曜;6.8;げつよう;Monday;[13, 618];21;;vocab
7015;念頭;6.8;ねんとう;mind;[1715, 1549];41;;vocab
7016;ローズ;6.8;ローズ;Rose;[];0;5;loanword
7017;出;6.8;いずる;Out;[829];24;;vocab
7018;環;6.8;たまき;ring;[899];25;;vocab
7019;見送る;6.8;みおくる;See off;[61, 2172];55;;vocab
7020;一昨日;6.8;おととい;the day before yesterday;[1, 1222, 12];31;;vocab
7021;アニメーション;6.8;アニメーション;animation;[];0;5;loanword
7022;連結;6.8;れんけつ;concatenation;[305, 1451];36;;vocab
7023;増税;6.8;ぞうぜい;tax increase;[541, 961];26;;vocab
7024;債券;6.8;さいけん;bond;[1664, 1291];40;;vocab
7025;好意;6.8;こうい;good will;[103, 654];22;;vocab
7026;楽曲;6.8;がっきょく;musical composition;[1872, 1256];45;;vocab
7027;登;6.79;とう;Noboru;[1838];44;;vocab
7028;ラグビー;6.79;ラグビー;rugby;[];0;5;loanword
7029;めん;6.79;めん;noodles;[];0;4;vocab
7030;いし;6.79;いし;stone;[];0;4;vocab
7031;魔女;6.78;まじょ;witch;[2178, 102];55;;vocab
7032;喪失;6.78;そうしつ;loss;[2076, 908];52;;vocab
7033;前方;6.78;ぜんぽう;forward;[309, 529];19;;vocab
7034;ハンド;6.78;ハンド;hand;[];0;5;loanword
7035;竹中;6.78;たけなか;Takenaka;[1007, 39];26;;vocab
7036;助教授;6.78;じょきょうじゅ;assistant professor;[1921, 1343, 795];47;;vocab
7037;日本酒;6.78;にっぽんしゅ;Japanese sake;[12, 224, 1535];38;;vocab
7038;立体;6.77;りったい;solid body;[462, 1030];27;;vocab
7039;断念;6.77;だんねん;abandoning;[1218, 1715];41;;vocab
7040;恐い;6.77;こわい;Scary;[660];22;;vocab
7041;法務;6.77;ほうむ;judicial affairs;[813, 1313];33;;vocab
7042;押し;6.77;おし;Push;[1195];30;;vocab
7043;ブロード;6.77;ブロード;Broad;[];0;5;loanword
7044;除外;6.76;じょがい;exception;[1787, 116];43;;vocab
7045;バトル;6.76;バトル;Battle;[];0;5;loanword
7046;春の;6.76;はるの;Spring;[1690];40;;vocab
7047;汚れる;6.76;よごれる;get dirty;[1334];33;;vocab
7048;ランプ;6.76;ランプ;lamp;[];0;5;loanword
7049;音響;6.76;おんきょう;sound;[518, 1994];49;;vocab
7050;断熱;6.76;だんねつ;insulation;[1218, 1634];39;;vocab
7051;テント;6.76;テント;tent;[];0;5;loanword
7052;急増;6.76;きゅうぞう;rapid increase;[1229, 541];31;;vocab
7053;結びつける;6.76;むすびつける;connect;[1451];36;;vocab
7054;呼び出す;6.76;よびだす;call;[1597, 829];39;;vocab
7055;混雑;6.75;こんざつ;congestion;[487, 604];21;;vocab
7056;犯行;6.75;はんこう;crime;[1517, 938];37;;vocab
7057;エビ;6.75;エビ;shrimp;[];0;5;loanword
7058;当方;6.75;とうほう;us;[1236, 529];31;;vocab
7059;欧;6.75;おう;Europe;[1834];44;;vocab
7060;生理;6.75;せいり;physiology;[1675, 283];40;;vocab
7061;たたく;6.75;たたく;hit;[];0;4;vocab
7062;算定;6.75;さんてい;calculation;[1017, 408];26;;vocab
7063;帝;6.75;みかど;Emperor;[466];18;;vocab
7064;暫定;6.75;ざんてい;tentative;[1216, 408];31;;vocab
7065;まわす;6.75;まわす;Turn;[];0;4;vocab
7066;安価;6.75;あんか;low price;[202, 1729];41;;vocab
7067;内蔵;6.75;ないぞう;internal;[1095, 913];27;;vocab
7068;ハードディスク;6.74;ハードディスク;hard disk;[];0;5;loanword
7069;はたして;6.73;はたして;Indeed;[];0;4;vocab
7070;さらなる;6.73;さらなる;Further;[];0;4;vocab
7071;越す;6.73;こす;cross;[413];17;;vocab
7072;足る;6.73;たる;Enough;[1372];34;;vocab
7073;隙間;6.73;すきま;crevice;[1394, 1747];42;;vocab
7074;オーストリア;6.73;オーストリア;Austria;[];0;5;loanword
7075;中期;6.73;ちゅうき;middle period;[39, 1902];46;;vocab
7076;許せる;6.73;ゆるせる;Forgive;[611];21;;vocab
7077;交差点;6.73;こうさてん;intersection;[1368, 593, 181];34;;vocab
7078;のり;6.72;のり;seaweed;[];0;4;vocab
7079;上達;6.72;じょうたつ;improvement;[50, 591];21;;vocab
7080;補う;6.72;おぎなう;compensate;[1983];49;;vocab
7081;ラリー;6.72;ラリー;Rally;[];0;5;loanword
7082;祝う;6.71;いわう;celebrate;[1170];30;;vocab
7083;トリノ;6.71;トリノ;Turin;[];0;5;loanword
7084;タンク;6.71;タンク;tank;[];0;5;loanword
7085;黄色い;6.71;きいろい;yellow;[1887, 1890];45;;vocab
7086;評議;6.71;ひょうぎ;conference;[1599, 692];39;;vocab
7087;友情;6.71;ゆうじょう;friendship;[760, 1657];40;;vocab
7088;ましてや;6.71;ましてや;Moreover;[];0;4;vocab
7089;助;6.71;すけ;Help;[1921];47;;vocab
7090;切ない;6.71;せつない;painful;[89];5;;vocab
7091;フィギュア;6.71;フィギュア;Figures;[];0;5;loanword
7092;通行;6.71;つうこう;passage;[1511, 938];37;;vocab
7093;宏;6.71;ひろし;Hiroshi;[9999];99;;vocab
7094;書物;6.7;しょもつ;books;[349, 1129];29;;vocab
7095;大豆;6.7;だいず;soya bean;[112, 1548];38;;vocab
7096;アマチュア;6.7;アマチュア;amateur;[];0;5;loanword
7097;漏れる;6.7;もれる;leak;[1149];29;;vocab
7098;付与;6.7;ふよ;grant;[1075, 1335];33;;vocab
7099;想う;6.7;おもう;think;[656];22;;vocab
7100;うっかり;6.7;うっかり;inadvertently;[];0;4;vocab
7101;おなか;6.7;おなか;stomach;[];0;4;vocab
7102;虎;6.7;とら;tiger;[2145];54;;vocab
7103;もとより;6.69;もとより;Of course;[];0;4;vocab
7104;東海;6.69;とうかい;region south of Tokyo on Pacific Ocean side of Japan;[543, 500];19;;vocab
7105;あっち;6.69;あっち;Over there;[];0;2;vocab
7106;万博;6.69;ばんぱく;world fair;[68, 48];4;;vocab
7107;のど;6.69;のど;throat;[];0;4;vocab
7108;都心;6.69;としん;;[1989, 639];49;;vocab
7109;タオル;6.69;タオル;towel;[];0;5;loanword
7110;ドコモ;6.69;ドコモ;Docomo;[];0;5;loanword
7111;エージェント;6.69;エージェント;agent;[];0;5;loanword
7112;暴露;6.68;ばくろ;disclosure;[1941, 1377];47;;vocab
7113;コミュニティー;6.68;コミュニティー;community;[];0;5;loanword
7114;青空;6.68;あおぞら;blue sky;[1654, 1414];40;;vocab
7115;永久;6.68;えいきゅう;eternity;[139, 1092];27;;vocab
7116;ボストン;6.67;ボストン;Boston;[];0;5;loanword
7117;内外;6.67;ないがい;inside and outside;[1095, 116];27;;vocab
7118;終始;6.67;しゅうし;From start to finish;[1452, 809];36;;vocab
7119;交際;6.67;こうさい;company;[1368, 1392];35;;vocab
7120;続;6.67;ぞく;Continued;[1445];36;;vocab
7121;ジョーク;6.67;ジョーク;joke;[];0;5;loanword
7122;了;6.67;りょう;Completed;[101];6;;vocab
7123;書記;6.67;しょき;clerk;[349, 568];21;;vocab
7124;動員;6.66;どういん;mobilization;[1806, 59];43;;vocab
7125;未知;6.66;みち;not yet known;[229, 1308];33;;vocab
7126;言い換える;6.65;いいかえる;Rephrasing;[357, 1122];28;;vocab
7127;抜本;6.65;ばっぽん;eradication;[761, 224];23;;vocab
7128;ステキ;6.65;ステキ;Wonderful;[];0;5;loanword
7129;発動;6.65;はつどう;invoke;[1840, 1806];44;;vocab
7130;ギフト;6.65;ギフト;gift;[];0;5;loanword
7131;パイ;6.65;パイ;pie;[];0;5;loanword
7132;大島;6.65;おおしま;Oshima;[112, 2098];53;;vocab
7133;陸軍;6.65;りくぐん;army;[1631, 323];39;;vocab
7134;県立;6.64;けんりつ;prefectural;[552, 462];20;;vocab
7135;パイプ;6.64;パイプ;pipe;[];0;5;loanword
7136;ベイ;6.64;ベイ;Bay;[];0;5;loanword
7137;孤立;6.64;こりつ;isolation;[2024, 462];50;;vocab
7138;シンボル;6.63;シンボル;symbol;[];0;5;loanword
7139;お子さん;6.63;おこさん;Children;[99];6;;vocab
7140;矯正;6.63;きょうせい;correction;[1306, 405];33;;vocab
7141;仮面;6.63;かめん;mask;[1039, 2039];51;;vocab
7142;煙草;6.63;たばこ;tobacco;[1739, 238];41;;vocab
7143;イチロー;6.63;イチロー;Ichiro;[];0;5;loanword
7144;ドクター;6.63;ドクター;doctor;[];0;5;loanword
7145;レイアウト;6.63;レイアウト;Layout;[];0;5;loanword
7146;集まり;6.62;あつまり;gathering;[601];21;;vocab
7147;次期;6.62;じき;next term;[510, 1902];46;;vocab
7148;広大;6.62;こうだい;huge;[799, 112];23;;vocab
7149;よそ;6.62;よそ;Other places;[];0;4;vocab
7150;教科;6.62;きょうか;subject;[1343, 1263];34;;vocab
7151;多発;6.61;たはつ;repeated occurrence;[113, 1840];44;;vocab
7152;アメ;6.61;アメ;Candy;[];0;5;loanword
7153;ヘルプ;6.61;ヘルプ;help;[];0;5;loanword
7154;あいまい;6.61;あいまい;Ambiguous;[];0;4;vocab
7155;岡本;6.61;おかもと;Okamoto;[2112, 224];53;;vocab
7156;訊く;6.61;きく;ask;[9999];99;;vocab
7157;ゴールド;6.61;ゴールド;gold;[];0;5;loanword
7158;救急;6.61;きゅうきゅう;first-aid;[1006, 1229];31;;vocab
7159;原爆;6.61;げんばく;atomic bomb;[142, 1942];47;;vocab
7160;罰金;6.6;ばっきん;fine;[896, 287];25;;vocab
7161;ぎりぎり;6.6;ぎりぎり;Barely;[];0;4;vocab
7162;単一;6.6;たんいつ;single;[2078, 1];53;;vocab
7163;ピッチ;6.6;ピッチ;pitch;[];0;5;loanword
7164;注射;6.6;ちゅうしゃ;injection;[285, 1338];34;;vocab
7165;受験生;6.6;じゅけんせい;examinees;[794, 2134, 1675];54;;vocab
7166;リーダーシップ;6.59;リーダーシップ;leadership;[];0;5;loanword
7167;ジェイ;6.59;ジェイ;Jay;[];0;5;loanword
7168;しばし;6.59;しばし;for a while;[];0;4;vocab
7169;歩道;6.59;ほどう;footpath;[397, 295];17;;vocab
7170;モラル;6.59;モラル;morals;[];0;5;loanword
7171;守;6.59;もり;Mamoru;[198];9;;vocab
7172;特色;6.59;とくしょく;characteristic;[261, 1890];45;;vocab
7173;探検;6.59;たんけん;exploration;[1425, 1803];43;;vocab
7174;閣議;6.59;かくぎ;cabinet meeting;[1752, 692];42;;vocab
7175;あわてる;6.59;あわてる;panic;[];0;4;vocab
7176;竹内;6.59;たけうち;Takeuchi;[1007, 1095];27;;vocab
7177;出入り;6.58;でいり;Entrance and exit;[829, 842];24;;vocab
7178;サンタ;6.58;サンタ;Santa;[];0;5;loanword
7179;シャー;6.58;シャー;Shah;[];0;5;loanword
7180;ミステリー;6.58;ミステリー;Mystery;[];0;5;loanword
7181;ペア;6.58;ペア;pair;[];0;5;loanword
7182;資質;6.58;ししつ;nature;[512, 1219];31;;vocab
7183;加;6.58;か;Canada;[932];25;;vocab
7184;アク;6.58;アク;Aku;[];0;5;loanword
7185;反す;6.58;はんす;turn back;[779];23;;vocab
7186;シール;6.58;シール;seal;[];0;5;loanword
7187;シルバー;6.58;シルバー;Silver;[];0;5;loanword
7188;変る;6.58;かわる;Change;[1882];45;;vocab
7189;大騒ぎ;6.57;おおさわぎ;Fuss;[112, 2139];54;;vocab
7190;並;6.57;なみ;average;[1924];47;;vocab
7191;劇的;6.57;げきてき;dramatic;[2152, 73];54;;vocab
7192;はや;6.57;はや;already;[];0;4;vocab
7193;即座;6.57;そくざ;immediate;[1572, 1100];38;;vocab
7194;とめる;6.57;とめる;Stop;[];0;4;vocab
7195;戦力;6.56;せんりょく;war potential;[2079, 922];53;;vocab
7196;損なう;6.56;そこなう;damage;[719];23;;vocab
7197;選び;6.56;えらび;Selection;[1944];47;;vocab
7198;堀;6.56;ほり;moat;[1142];29;;vocab
7199;後退;6.56;こうたい;retreat;[1479, 1575];38;;vocab
7200;やん;6.56;やん;Yan;[];0;4;vocab
7201;公明党;6.56;こうめいとう;Komeito Party;[847, 20, 860];25;;vocab
7202;原文;6.56;げんぶん;the text;[142, 1861];45;;vocab
7203;散策;6.56;さんさく;walking;[1273, 1019];32;;vocab
7204;画期的;6.56;かっきてき;groundbreaking;[1254, 1902, 73];46;;vocab
7205;打ち込む;6.55;うちこむ;Drive in;[705, 843];24;;vocab
7206;火星;6.55;かせい;Mars;[173, 1676];40;;vocab
7207;たか;6.54;たか;Taka;[];0;4;vocab
7208;閉める;6.54;しめる;close;[1751];42;;vocab
7209;追悼;6.54;ついとう;mourning;[1359, 668];34;;vocab
7210;マイクロ;6.54;マイクロ;Micro;[];0;5;loanword
7211;余りに;6.54;あまりに;too;[1786];43;;vocab
7212;引き上げ;6.53;ひきあげ;Raise;[1318, 50];33;;vocab
7213;文字通り;6.53;もじどおり;literally;[1861, 197, 1511];45;;vocab
7214;起床;6.53;きしょう;rising;[565, 636];22;;vocab
7215;駒;6.53;こま;Piece;[2133];54;;vocab
7216;眼鏡;6.53;めがね;spectacles;[1577, 522];38;;vocab
7217;練る;6.53;ねる;knead;[1443];36;;vocab
7218;集計;6.53;しゅうけい;totalization;[601, 359];21;;vocab
7219;浜;6.53;はま;beach;[1430];35;;vocab
7220;新興;6.53;しんこう;rising;[1619, 1533];39;;vocab
7221;マスク;6.53;マスク;mask;[];0;5;loanword
7222;後継;6.52;こうけい;succession;[1479, 1470];36;;vocab
7223;宮本;6.52;みやもと;Miyamoto;[1110, 224];28;;vocab
7224;本土;6.52;ほんど;mainland;[224, 161];10;;vocab
7225;断言;6.52;だんげん;assertion;[1218, 357];31;;vocab
7226;露出;6.52;ろしゅつ;exposure;[1377, 829];34;;vocab
7227;免除;6.52;めんじょ;exemption;[2126, 1787];53;;vocab
7228;惜しむ;6.51;おしむ;regret;[1271];32;;vocab
7229;器具;6.51;きぐ;utensil;[127, 78];7;;vocab
7230;行える;6.51;おこなえる;Can be done;[938];25;;vocab
7231;ちなむ;6.51;ちなむ;Chinamu;[];0;4;vocab
7232;優遇;6.51;ゆうぐう;favorable treatment;[1068, 2106];53;;vocab
7233;帰還;6.51;きかん;repatriation;[1316, 900];33;;vocab
7234;中でも;6.51;なかでも;Among them;[39];3;;vocab
7235;何時;6.51;いつ;when;[1087, 171];27;;vocab
7236;課す;6.51;かす;impose;[1204];30;;vocab
7237;率いる;6.5;ひきいる;lead;[1874];45;;vocab
7238;富む;6.5;とむ;Rich;[205];9;;vocab
7239;痛む;6.5;いたむ;pain;[1825];44;;vocab
7240;頭痛;6.5;ずつう;headache;[1549, 1825];44;;vocab
7241;律;6.5;りつ;law;[939];25;;vocab
7242;四半期;6.49;しはんき;quarter;[4, 1286, 1902];46;;vocab
7243;宴会;6.49;えんかい;party;[203, 814];23;;vocab
7244;鹿;6.49;しか;deer;[2154];54;;vocab
7245;うらやましい;6.49;うらやましい;I envy you;[];0;4;vocab
7246;補完;6.49;ほかん;complementation;[1983, 199];49;;vocab
7247;受け入れ;6.49;うけいれ;accept;[794, 842];24;;vocab
7248;はやる;6.49;はやる;Fast;[];0;4;vocab
7249;うたう;6.48;うたう;Sing;[];0;4;vocab
7250;くじ;6.48;くじ;lottery;[];0;4;vocab
7251;スカート;6.48;スカート;skirt;[];0;5;loanword
7252;不自然;6.48;ふしぜん;unnatural;[1302, 36, 256];32;;vocab
7253;個体;6.48;こたい;individual;[1047, 1030];27;;vocab
7254;ネーム;6.48;ネーム;name;[];0;5;loanword
7255;とまる;6.48;とまる;Stop;[];0;4;vocab
7256;引っかかる;6.48;ひっかかる;get caught;[1318];33;;vocab
7257;落札;6.47;らくさつ;having one's bid accepted;[320, 225];13;;vocab
7258;割れる;6.47;われる;break;[1673];40;;vocab
7259;需給;6.47;じゅきゅう;supply and demand;[1249, 1449];36;;vocab
7260;三浦;6.47;みうら;Miura;[3, 1980];49;;vocab
7261;著名;6.47;ちょめい;well-known;[1347, 117];34;;vocab
7262;唇;6.46;くちびる;lips;[2169];55;;vocab
7263;完結;6.46;かんけつ;conclusion;[199, 1451];36;;vocab
7264;嘆く;6.46;なげく;lament;[1702];40;;vocab
7265;広まる;6.46;ひろまる;spread;[799];23;;vocab
7266;外貨;6.46;がいか;foreign currency;[116, 1085];27;;vocab
7267;作文;6.46;さくぶん;writing;[1224, 1861];45;;vocab
7268;通路;6.46;つうろ;passage;[1511, 1376];37;;vocab
7269;気合;6.46;きあい;scream;[2030, 269];51;;vocab
7270;立案;6.46;りつあん;draft;[462, 227];18;;vocab
7271;全額;6.46;ぜんがく;total;[281, 316];13;;vocab
7272;通話;6.46;つうわ;telephone call;[1511, 368];37;;vocab
7273;リターン;6.45;リターン;return;[];0;5;loanword
7274;愛国心;6.45;あいこくしん;patriotism;[796, 624, 639];23;;vocab
7275;充電;6.45;じゅうでん;charging;[823, 574];23;;vocab
7276;意味合い;6.45;いみあい;Implications;[654, 233, 269];22;;vocab
7277;色彩;6.45;しきさい;colour;[1890, 1850];45;;vocab
7278;食物;6.44;しょくもつ;food;[1582, 1129];38;;vocab
7279;在る;6.44;ある;exists;[740];23;;vocab
7280;参戦;6.44;さんせん;participation in a war;[1856, 2079];53;;vocab
7281;共存;6.44;きょうぞん;coexistence;[1934, 739];47;;vocab
7282;蓋;6.44;ふた;lid;[1561];38;;vocab
7283;症候群;6.44;しょうこうぐん;syndrome;[1816, 1769, 1247];44;;vocab
7284;ってな;6.44;ってな;Something like that;[];0;4;vocab
7285;繋ぐ;6.44;つなぐ;connect;[9999];99;;vocab
7286;手がける;6.44;てがける;handle;[687];23;;vocab
7287;木材;6.44;もくざい;lumber;[207, 738];23;;vocab
7288;敗北;6.44;はいぼく;defeat;[353, 480];18;;vocab
7289;化す;6.43;かす;Transform;[1083];27;;vocab
7290;こす;6.43;こす;Rub;[];0;4;vocab
7291;浸る;6.43;ひたる;Immerse;[1232];31;;vocab
7292;昨晩;6.43;さくばん;last night;[1222, 2128];53;;vocab
7293;荒川;6.43;あらかわ;Arakawa;[527, 134];19;;vocab
7294;高騰;6.43;こうとう;sudden price jump;[329, 2144];54;;vocab
7295;退院;6.43;たいいん;leaving hospital;[1575, 1401];38;;vocab
7296;所管;6.42;しょかん;jurisdiction;[1208, 1365];34;;vocab
7297;ヒロイン;6.42;ヒロイン;heroine;[];0;5;loanword
7298;妨げる;6.42;さまたげる;hinder;[530];19;;vocab
7299;品種;6.42;ひんしゅ;kind;[23, 1810];43;;vocab
7300;遺憾;6.42;いかん;regrettable;[1909, 678];46;;vocab
7301;見極める;6.42;みきわめる;Ascertain;[61, 2052];51;;vocab
7302;ひょっと;6.42;ひょっと;Maybe;[];0;4;vocab
7303;つぶす;6.42;つぶす;crush;[];0;4;vocab
7304;包括;6.42;ほうかつ;inclusion;[569, 714];23;;vocab
7305;臓器;6.42;ぞうき;internal organs;[914, 127];25;;vocab
7306;爪;6.42;つめ;nail;[784];23;;vocab
7307;ドラゴン;6.42;ドラゴン;Dragon;[];0;5;loanword
7308;指令;6.41;しれい;orders;[711, 1503];37;;vocab
7309;書房;6.41;しょぼう;library;[349, 1159];29;;vocab
7310;見受ける;6.41;みうける;suppose;[61, 794];23;;vocab
7311;退場;6.41;たいじょう;leaving;[1575, 584];38;;vocab
7312;突く;6.41;つく;poke;[1416];35;;vocab
7313;ベストセラー;6.41;ベストセラー;bestseller;[];0;5;loanword
7314;親しむ;6.41;したしむ;Become familiar with;[1621];39;;vocab
7315;選べる;6.41;えらべる;Choice;[1944];47;;vocab
7316;宜しい;6.41;よろしい;Good;[1922];47;;vocab
7317;コンタクト;6.41;コンタクト;contact;[];0;5;loanword
7318;マット;6.4;マット;mat;[];0;5;loanword
7319;市役所;6.4;しやくしょ;City Hall;[440, 949, 1208];31;;vocab
7320;竹島;6.4;たけしま;Takeshima;[1007, 2098];53;;vocab
7321;なくす;6.4;なくす;lose;[];0;4;vocab
7322;リカ;6.4;リカ;Rika;[];0;5;loanword
7323;書面;6.4;しょめん;document;[349, 2039];51;;vocab
7324;盛り上げる;6.4;もりあげる;Liven up;[1567, 50];38;;vocab
7325;事象;6.39;じしょう;event;[1240, 2130];53;;vocab
7326;留意;6.39;りゅうい;heeding;[1527, 654];37;;vocab
7327;体操;6.39;たいそう;gymnastics;[1030, 724];27;;vocab
7328;不審;6.39;ふしん;incomplete understanding;[1302, 2059];52;;vocab
7329;治す;6.39;なおす;cure;[807];23;;vocab
7330;社説;6.38;しゃせつ;editorial;[1173, 538];30;;vocab
7331;芽;6.38;め;bud;[2054];52;;vocab
7332;乗れる;6.38;のれる;Can ride;[1709];40;;vocab
7333;痛;6.38;いた;pain;[1825];44;;vocab
7334;颪;6.38;おろし;颪;[9999];99;;vocab
7335;芸術家;6.38;げいじゅつか;Artist;[450, 1644, 580];39;;vocab
7336;異動;6.38;いどう;change;[1936, 1806];47;;vocab
7337;完;6.38;かん;complete;[199];9;;vocab
7338;インターナショナル;6.37;インターナショナル;International;[];0;5;loanword
7339;陸;6.37;りく;land;[1631];39;;vocab
7340;多大;6.37;ただい;heavy;[113, 112];7;;vocab
7341;抜群;6.37;ばつぐん;preeminence;[761, 1247];31;;vocab
7342;火山;6.37;かざん;volcano;[173, 830];24;;vocab
7343;労務;6.37;ろうむ;labor;[924, 1313];33;;vocab
7344;野田;6.37;のだ;Noda;[1722, 14];41;;vocab
7345;テンプレート;6.37;テンプレート;Templates;[];0;5;loanword
7346;冷凍;6.36;れいとう;freezing;[1506, 545];37;;vocab
7347;ベルギー;6.36;ベルギー;Belgium;[];0;5;loanword
7348;いまいち;6.36;いまいち;Not so good;[];0;4;vocab
7349;年賀状;6.36;ねんがじょう;New Year's cards;[1114, 933, 254];28;;vocab
7350;七夕;6.36;たなばた;Festival of the Weaver;[7, 114];7;;vocab
7351;苦;6.35;く;bitterness;[239];10;;vocab
7352;ハッキリ;6.35;ハッキリ;Clearly;[];0;5;loanword
7353;うし;6.35;うし;Cow;[];0;4;vocab
7354;パイロット;6.35;パイロット;pilot;[];0;5;loanword
7355;出し;6.35;だし;broth;[829];24;;vocab
7356;日本一;6.35;にっぽんいち;No. 1 in Japan;[12, 224, 1];10;;vocab
7357;徹;6.35;とおる;Toru;[951];25;;vocab
7358;パーマ;6.35;パーマ;Perm;[];0;5;loanword
7359;説教;6.35;せっきょう;propounding;[538, 1343];34;;vocab
7360;一昨年;6.35;いっさくねん;Two years ago;[1, 1222, 1114];31;;vocab
7361;こたえる;6.35;こたえる;Answer;[];0;4;vocab
7362;どん;6.34;どん;Don;[];0;4;vocab
7363;クレジット;6.34;クレジット;credit;[];0;5;loanword
7364;登記;6.34;とうき;registry;[1838, 568];44;;vocab
7365;仲介;6.34;ちゅうかい;agency;[1029, 265];27;;vocab
7366;エイ;6.34;エイ;ray;[];0;5;loanword
7367;半導体;6.34;はんどうたい;semiconductor;[1286, 296, 1030];32;;vocab
7368;何かと;6.33;なにかと;Something;[1087];27;;vocab
7369;ナイ;6.33;ナイ;No;[];0;5;loanword
7370;炒める;6.33;いためる;Stir-fry;[9999];99;;vocab
7371;放射;6.33;ほうしゃ;radiation;[535, 1338];34;;vocab
7372;ホンダ;6.33;ホンダ;Honda;[];0;5;loanword
7373;劇団;6.33;げきだん;troupe;[2152, 625];54;;vocab
7374;自発;6.32;じはつ;spontaneous;[36, 1840];44;;vocab
7375;明ける;6.32;あける;dawn;[20];2;;vocab
7376;ロマン;6.32;ロマン;Romance;[];0;5;loanword
7377;髪の毛;6.32;かみのけ;hair;[2074, 2062];52;;vocab
7378;如し;6.31;ごとし;As follows;[104];6;;vocab
7379;アリス;6.31;アリス;Alice;[];0;5;loanword
7380;物体;6.31;ぶったい;body;[1129, 1030];29;;vocab
7381;救助;6.31;きゅうじょ;relief;[1006, 1921];47;;vocab
7382;見合う;6.31;みあう;Match;[61, 269];12;;vocab
7383;同年;6.31;どうねん;that year;[192, 1114];28;;vocab
7384;一同;6.31;いちどう;all present;[1, 192];9;;vocab
7385;奮闘;6.31;ふんとう;hard struggle;[607, 1757];42;;vocab
7386;野村;6.31;のむら;Nomura;[1722, 221];41;;vocab
7387;騎士;6.31;きし;knight;[2135, 341];54;;vocab
7388;順次;6.31;じゅんじ;sequentially;[136, 510];18;;vocab
7389;ドーム;6.3;ドーム;dome;[];0;5;loanword
7390;装着;6.3;そうちゃく;equipping;[425, 594];21;;vocab
7391;圧倒;6.3;あっとう;overwhelm;[163, 1055];27;;vocab
7392;なう;6.3;なう;Now;[];0;4;vocab
7393;間近;6.3;まぢか;proximity;[1747, 1210];42;;vocab
7394;決心;6.3;けっしん;determination;[1770, 639];42;;vocab
7395;フルーツ;6.29;フルーツ;fruit;[];0;5;loanword
7396;容赦;6.29;ようしゃ;pardon;[853, 1881];45;;vocab
7397;均等;6.29;きんとう;equality;[172, 1016];26;;vocab
7398;偏る;6.29;かたよる;biased;[1964];48;;vocab
7399;切符;6.29;きっぷ;ticket;[89, 1076];27;;vocab
7400;キット;6.29;キット;kit;[];0;5;loanword
7401;乾く;6.29;かわく;dry;[502];18;;vocab
7402;池袋;6.29;いけぶくろ;Ikebukuro;[555, 1081];27;;vocab
7403;に関しまして;6.29;にかんしまして;Regarding;[2173];55;;vocab
7404;カスタマイズ;6.29;カスタマイズ;Customization;[];0;5;loanword
7405;ディスカッション;6.29;ディスカッション;discussion;[];0;5;loanword
7406;給;6.29;きゅう;salary;[1449];36;;vocab
7407;兵隊;6.28;へいたい;soldier;[1429, 1403];35;;vocab
7408;よくなる;6.28;よくなる;get well;[];0;4;vocab
7409;空中;6.28;くうちゅう;sky;[1414, 39];35;;vocab
7410;別々;6.28;べつ々;separately;[94];5;;vocab
7411;隼;6.28;はやぶさ;Falcon;[9999];99;;vocab
7412;朝鮮半島;6.28;ちょうせんはんとう;Korean Peninsula;[53, 590, 1286, 2098];53;;vocab
7413;荒れる;6.28;あれる;become rough;[527];19;;vocab
7414;押し付ける;6.27;おしつける;impose;[1195, 1075];30;;vocab
7415;差異;6.27;さい;difference;[593, 1936];47;;vocab
7416;タスク;6.27;タスク;task;[];0;5;loanword
7417;良好;6.27;りょうこう;favorable;[1578, 103];38;;vocab
7418;実効;6.27;じっこう;practical effect;[1694, 1369];40;;vocab
7419;敗;6.27;はい;Defeat;[353];15;;vocab
7420;隅;6.27;すみ;corner;[2108];53;;vocab
7421;組み立てる;6.27;くみたてる;assemble;[1914, 462];47;;vocab
7422;なにしろ;6.27;なにしろ;After all;[];0;4;vocab
7423;波動;6.27;はどう;wave motion;[866, 1806];43;;vocab
7424;ネイティブ;6.27;ネイティブ;native;[];0;5;loanword
7425;狩り;6.27;かり;hunting;[258];11;;vocab
7426;創立;6.26;そうりつ;establishment;[1759, 462];42;;vocab
7427;連発;6.26;れんぱつ;running continuously;[305, 1840];44;;vocab
7428;年々;6.26;ねんねん;years;[1114];28;;vocab
7429;装飾;6.26;そうしょく;ornament;[425, 1587];38;;vocab
7430;瞑想;6.26;めいそう;meditation;[9999, 656];99;;vocab
7431;関税;6.26;かんぜい;tariff;[2173, 961];55;;vocab
7432;夕刊;6.26;ゆうかん;evening paper;[114, 1779];43;;vocab
7433;変数;6.26;へんすう;variable;[1882, 998];45;;vocab
7434;いまだ;6.26;いまだ;still;[];0;4;vocab
7435;ハル;6.26;ハル;Haru;[];0;5;loanword
7436;利子;6.26;りし;interest;[972, 99];26;;vocab
7437;無数;6.26;むすう;countless number;[1913, 998];46;;vocab
7438;後方;6.26;こうほう;behind;[1479, 529];36;;vocab
7439;ちょっぴり;6.26;ちょっぴり;A little;[];0;4;vocab
7440;衣;6.26;ころも;clothing;[423];18;;vocab
7441;外観;6.26;がいかん;appearance;[116, 614];21;;vocab
7442;わざと;6.26;わざと;On purpose;[];0;4;vocab
7443;簿;6.26;ぼ;book;[1020];26;;vocab
7444;ジョー;6.26;ジョー;Joe;[];0;5;loanword
7445;契機;6.26;けいき;opportunity;[1669, 1482];40;;vocab
7446;金子;6.25;かねこ;money;[287, 99];12;;vocab
7447;就労;6.25;しゅうろう;starting work;[2121, 924];53;;vocab
7448;紅;6.25;べに;Beni;[1455];36;;vocab
7449;体感;6.25;たいかん;bodily sensation;[1030, 662];27;;vocab
7450;切り;6.24;きり;Cut;[89];5;;vocab
7451;購買;6.24;こうばい;procurement;[1958, 894];48;;vocab
7452;誠に;6.24;まことに;Sincerely;[388];16;;vocab
7453;ポップ;6.24;ポップ;pop;[];0;5;loanword
7454;織る;6.24;おる;weave;[1432];36;;vocab
7455;てん;6.24;てん;point;[];0;4;vocab
7456;間隔;6.24;かんかく;space;[1747, 1409];42;;vocab
7457;運輸;6.24;うんゆ;transportation;[325, 307];14;;vocab
7458;感触;6.24;かんしょく;feel;[662, 1954];48;;vocab
7459;フラット;6.23;フラット;flat;[];0;5;loanword
7460;一般人;6.23;いっぱんじん;common man;[1, 2016, 1023];50;;vocab
7461;バンク;6.23;バンク;bank;[];0;5;loanword
7462;有益;6.23;ゆうえき;beneficial;[83, 2026];51;;vocab
7463;お天気;6.23;おてんき;Weather;[457, 2030];51;;vocab
7464;放射線;6.23;ほうしゃせん;radiation;[535, 1338, 1438];36;;vocab
7465;トリ;6.23;トリ;Bird;[];0;5;loanword
7466;てい;6.22;てい;attitude;[];0;4;vocab
7467;巡回;6.22;じゅんかい;going around;[303, 630];22;;vocab
7468;坪;6.22;つぼ;Tsubo;[1598];39;;vocab
7469;呑む;6.22;のむ;Drink;[9999];99;;vocab
7470;旨い;6.22;うまい;delicious;[493];18;;vocab
7471;トランス;6.22;トランス;transformer;[];0;5;loanword
7472;要旨;6.22;ようし;point;[1730, 493];41;;vocab
7473;狼;6.22;おおかみ;wolf;[9999];99;;vocab
7474;泥棒;6.22;どろぼう;thief;[1135, 1697];40;;vocab
7475;東証;6.22;とうしょう;Tokyo Stock Exchange;[543, 406];19;;vocab
7476;ギャグ;6.21;ギャグ;gag;[];0;5;loanword
7477;餅;6.21;もち;rice cake;[1590];38;;vocab
7478;上演;6.21;じょうえん;performance;[50, 2163];55;;vocab
7479;密度;6.21;みつど;density;[837, 1278];32;;vocab
7480;菜;6.21;さい;Vegetables;[793];23;;vocab
7481;相撲;6.21;すもう;sumo wrestling;[222, 1932];47;;vocab
7482;ませる;6.2;ませる;to make;[];0;4;vocab
7483;ジェット;6.2;ジェット;jet;[];0;5;loanword
7484;出掛ける;6.2;でかける;go out;[829, 727];24;;vocab
7485;警視庁;6.2;けいしちょう;Tokyo Metropolitan Police Department;[358, 1174, 635];30;;vocab
7486;プラグ;6.2;プラグ;plug;[];0;5;loanword
7487;ライオン;6.2;ライオン;Lion;[];0;5;loanword
7488;稼げる;6.2;かせげる;Earn money;[959];26;;vocab
7489;解ける;6.2;とける;Solvable;[1955];48;;vocab
7490;晴;6.2;はれ;Sunny;[1658];40;;vocab
7491;エア;6.2;エア;air;[];0;5;loanword
7492;カーテン;6.2;カーテン;curtain;[];0;5;loanword
7493;市街地;6.2;しがいち;urban areas;[440, 955, 554];25;;vocab
7494;対外;6.19;たいがい;external;[1862, 116];45;;vocab
7495;センサー;6.19;センサー;sensor;[];0;5;loanword
7496;がっかり;6.19;がっかり;Disappointed;[];0;4;vocab
7497;重複;6.19;じゅうふく;duplication;[1805, 504];43;;vocab
7498;簡潔;6.18;かんけつ;brevity;[1749, 1668];42;;vocab
7499;甲;6.18;かぶと;Instep;[1194];30;;vocab
7500;梁;6.18;やな;beam;[9999];99;;vocab
7501;憂鬱;6.18;ゆううつ;depression;[663, 2120];53;;vocab
7502;プロデュース;6.18;プロデュース;Produce;[];0;5;loanword
7503;お詫び;6.18;おわび;apology;[9999];99;;vocab
7504;三重;6.18;みえ;triple;[3, 1805];43;;vocab
7505;勢;6.18;ぜい;force;[1633];39;;vocab
7506;ウィルス;6.17;ウィルス;virus;[];0;5;loanword
7507;桃;6.17;もも;peach;[251];11;;vocab
7508;斜め;6.17;ななめ;diagonal;[1791];43;;vocab
7509;ばっかり;6.17;ばっかり;Only;[];0;4;vocab
7510;裏側;6.17;うらがわ;the reverse;[426, 1049];27;;vocab
7511;創出;6.17;そうしゅつ;creation;[1759, 829];42;;vocab
7512;バルセロナ;6.17;バルセロナ;Barcelona;[];0;5;loanword
7513;外人;6.17;がいじん;foreigner;[116, 1023];27;;vocab
7514;フロア;6.17;フロア;floor;[];0;5;loanword
7515;大根;6.17;だいこん;daikon;[112, 1571];38;;vocab
7516;贈り物;6.16;おくりもの;gift;[542, 1129];29;;vocab
7517;アスベスト;6.16;アスベスト;asbestos;[];0;5;loanword
7518;切手;6.16;きって;stamp;[89, 687];23;;vocab
7519;根底;6.16;こんてい;root;[1571, 1975];49;;vocab
7520;営む;6.16;いとなむ;run;[1111];28;;vocab
7521;こい;6.16;こい;love;[];0;4;vocab
7522;半数;6.16;はんすう;half the number;[1286, 998];32;;vocab
7523;因果;6.16;いんが;cause and effect;[626, 1202];30;;vocab
7524;繊細;6.15;せんさい;dainty;[1929, 1463];47;;vocab
7525;おける;6.15;おける;Okeru;[];0;4;vocab
7526;バレる;6.15;ばれる;be found out;[];0;4;vocab
7527;国交;6.15;こっこう;diplomatic relations;[624, 1368];34;;vocab
7528;傾く;6.15;かたむく;tilt;[1086];27;;vocab
7529;転じる;6.14;てんじる;turn around;[449];18;;vocab
7530;フォード;6.14;フォード;Ford;[];0;5;loanword
7531;裁量;6.14;さいりょう;admeasure;[424, 189];18;;vocab
7532;最先端;6.14;さいせんたん;cutting edge;[884, 263, 1251];31;;vocab
7533;モダン;6.14;モダン;modern;[];0;5;loanword
7534;暗殺;6.13;あんさつ;assassination;[519, 1607];39;;vocab
7535;出店;6.13;しゅってん;setting up a stall or booth;[829, 632];24;;vocab
7536;タマ;6.13;タマ;Tama;[];0;5;loanword
7537;カメラマン;6.13;カメラマン;photographer;[];0;5;loanword
7538;互換;6.13;ごかん;transposition;[819, 1122];28;;vocab
7539;秀;6.13;しゅう;Hide;[980];26;;vocab
7540;再発;6.13;さいはつ;return;[1956, 1840];48;;vocab
7541;共済;6.12;きょうさい;mutual aid;[1934, 1868];47;;vocab
7542;道場;6.12;どうじょう;dojo;[295, 584];21;;vocab
7543;果て;6.12;はて;End;[1202];30;;vocab
7544;効用;6.12;こうよう;use;[1369, 1265];34;;vocab
7545;名詞;6.12;めいし;noun;[117, 2009];50;;vocab
7546;結末;6.12;けつまつ;end;[1451, 231];36;;vocab
7547;済;6.12;すみ;done;[1868];45;;vocab
7548;離す;6.12;はなす;Release;[1605];39;;vocab
7549;凝る;6.12;こる;be particular;[1515];37;;vocab
7550;いのち;6.12;いのち;life;[];0;4;vocab
7551;モンスター;6.11;モンスター;Monster;[];0;5;loanword
7552;だます;6.11;だます;fool;[];0;4;vocab
7553;水木;6.11;みずき;dogwood;[137, 207];10;;vocab
7554;ツボ;6.11;ツボ;acupressure points;[];0;5;loanword
7555;休業;6.11;きゅうぎょう;closed;[1038, 1931];47;;vocab
7556;今頃;6.11;いまごろ;about this time;[1711, 479];41;;vocab
7557;おとなしい;6.11;おとなしい;Quiet;[];0;4;vocab
7558;両立;6.1;りょうりつ;compatibility;[1252, 462];31;;vocab
7559;高原;6.1;こうげん;tableland;[329, 142];14;;vocab
7560;怠る;6.1;おこたる;neglect;[806];23;;vocab
7561;テレ;6.1;テレ;Tele;[];0;5;loanword
7562;キック;6.1;キック;kick;[];0;5;loanword
7563;拒絶;6.1;きょぜつ;refusal;[921, 1891];45;;vocab
7564;隊長;6.1;たいちょう;commanding officer;[1403, 2070];52;;vocab
7565;タカ;6.1;タカ;Hawk;[];0;5;loanword
7566;貯蓄;6.09;ちょちく;savings;[206, 1486];36;;vocab
7567;修了;6.09;しゅうりょう;completion;[1858, 101];45;;vocab
7568;南米;6.09;なんべい;South America;[1740, 987];41;;vocab
7569;つまむ;6.09;つまむ;Pinch;[];0;4;vocab
7570;題す;6.09;だいす;Title;[415];17;;vocab
7571;グラム;6.08;グラム;grams;[];0;5;loanword
7572;問合せ;6.08;といあわせ;inquiry;[1744, 269];42;;vocab
7573;立ち止まる;6.08;たちどまる;stop;[462, 396];18;;vocab
7574;クッキング;6.08;クッキング;cooking;[];0;5;loanword
7575;強盗;6.08;ごうとう;robber;[1321, 1559];38;;vocab
7576;芸能人;6.08;げいのうじん;celebrities;[450, 2160, 1023];54;;vocab
7577;篇;6.08;へん;Edition;[9999];99;;vocab
7578;上部;6.07;じょうぶ;top part;[50, 1988];49;;vocab
7579;由;6.07;ゆかり;Reason;[1186];30;;vocab
7580;オープニング;6.07;オープニング;opening;[];0;5;loanword
7581;格安;6.07;かくやす;cheap;[312, 202];13;;vocab
7582;共生;6.07;きょうせい;symbiosis;[1934, 1675];47;;vocab
7583;放出;6.07;ほうしゅつ;release;[535, 829];24;;vocab
7584;ゴー;6.07;ゴー;Go;[];0;5;loanword
7585;属す;6.07;ぞくす;Belongs to;[2103];53;;vocab
7586;次ぐ;6.06;つぐ;Next;[510];18;;vocab
7587;学長;6.06;がくちょう;university president;[346, 2070];52;;vocab
7588;駆ける;6.06;かける;run;[2137];54;;vocab
7589;挫折;6.06;ざせつ;setback;[1101, 1211];31;;vocab
7590;誘拐;6.06;ゆうかい;abduction;[982, 708];26;;vocab
7591;ハマる;6.05;はまる;Get addicted;[];0;4;vocab
7592;愚か;6.05;おろか;foolish;[2107];53;;vocab
7593;河野;6.05;こうの;Kono;[157, 1722];41;;vocab
7594;富士;6.05;ふじ;Fuji;[205, 341];14;;vocab
7595;ハイテク;6.05;ハイテク;high tech;[];0;5;loanword
7596;通称;6.05;つうしょう;popular name;[1511, 971];37;;vocab
7597;母子;6.05;ぼし;mother and child;[105, 99];6;;vocab
7598;みつ;6.05;みつ;dense;[];0;4;vocab
7599;震える;6.05;ふるえる;trembling;[2166];55;;vocab
7600;不可;6.05;ふか;wrong;[1302, 97];32;;vocab
7601;ミックス;6.05;ミックス;mix;[];0;5;loanword
7602;バレ;6.05;バレ;Bare;[];0;5;loanword
7603;厳格;6.04;げんかく;severe;[2086, 312];53;;vocab
7604;美味い;6.04;うまい;delicious;[587, 233];21;;vocab
7605;出題;6.04;しゅつだい;setting a question;[829, 415];24;;vocab
7606;むく;6.04;むく;swelling;[];0;4;vocab
7607;まんま;6.04;まんま;Just like that;[];0;4;vocab
7608;貴;6.04;とうと;Takashi;[1908];46;;vocab
7609;しんどい;6.04;しんどい;Hard;[];0;4;vocab
7610;トニー;6.04;トニー;Tony;[];0;5;loanword
7611;近郊;6.04;きんこう;suburbs;[1210, 1987];49;;vocab
7612;レギュラー;6.04;レギュラー;regular;[];0;5;loanword
7613;ホラー;6.04;ホラー;Horror;[];0;5;loanword
7614;ラム;6.04;ラム;Rum;[];0;5;loanword
7615;半島;6.03;はんとう;peninsula;[1286, 2098];53;;vocab
7616;周期;6.03;しゅうき;cycle;[339, 1902];46;;vocab
7617;くだ;6.03;くだ;Please;[];0;4;vocab
7618;つくづく;6.03;つくづく;Truly;[];0;4;vocab
7619;到底;6.03;とうてい;Absolutely;[817, 1975];49;;vocab
7620;読み返す;6.03;よみかえす;Reread;[372, 782];23;;vocab
7621;しん;6.03;しん;core;[];0;4;vocab
7622;待機;6.02;たいき;alert;[944, 1482];36;;vocab
7623;アブ;6.02;アブ;Abu;[];0;5;loanword
7624;こめる;6.02;こめる;Komeru;[];0;4;vocab
7625;群馬;6.02;ぐんま;Gunma;[1247, 2132];54;;vocab
7626;専業;6.02;せんぎょう;special occupation;[47, 1931];47;;vocab
7627;判例;6.02;はんれい;precedent;[1289, 1046];32;;vocab
7628;素早い;6.02;すばやい;quick;[1652, 26];40;;vocab
7629;ふれる;6.02;ふれる;Touch;[];0;4;vocab
7630;極力;6.02;きょくりょく;as much as possible;[2052, 922];51;;vocab
7631;高値;6.02;たかね;high price;[329, 1052];27;;vocab
7632;阻害;6.02;そがい;obstruction;[1919, 1671];47;;vocab
7633;地名;6.02;ちめい;place name;[554, 117];21;;vocab
7634;常時;6.01;じょうじ;usually;[862, 171];25;;vocab
7635;ワード;6.01;ワード;word;[];0;5;loanword
7636;屋台;6.01;やたい;cart;[1138, 805];29;;vocab
7637;立地;6.01;りっち;site;[462, 554];21;;vocab
7638;よっぽど;6.01;よっぽど;Much;[];0;4;vocab
7639;急遽;6.01;きゅうきょ;suddenly;[1229, 9999];99;;vocab
7640;食生活;6.01;しょくせいかつ;diet;[1582, 1675, 154];40;;vocab
7641;ディレクター;6.0;ディレクター;director;[];0;5;loanword
7642;例年;6.0;れいねん;year;[1046, 1114];28;;vocab
7643;濡れる;6.0;ぬれる;get wet;[9999];99;;vocab
7644;おいで;6.0;おいで;Come on over;[];0;4;vocab
7645;藩;5.99;はん;Domain;[2061];52;;vocab
7646;リハビリ;5.99;リハビリ;rehabilitation;[];0;5;loanword
7647;功;5.99;いさお;Success;[927];25;;vocab
7648;持ち帰る;5.99;もちかえる;take home;[712, 1316];33;;vocab
7649;曲げる;5.99;まげる;bend;[1256];31;;vocab
7650;いまや;5.99;いまや;Now;[];0;4;vocab
7651;税理士;5.99;ぜいりし;Tax accountant;[961, 283, 341];26;;vocab
7652;次男;5.99;じなん;second son;[510, 923];25;;vocab
7653;医学部;5.99;いがくぶ;Faculty of Medicine;[1829, 346, 1988];49;;vocab
7654;舛;5.99;ます;Masu;[9999];99;;vocab
7655;算数;5.98;さんすう;arithmetic;[1017, 998];26;;vocab
7656;是;5.98;ぜ;Yes;[414];17;;vocab
7657;仕上げ;5.98;しあげ;Finishing;[1033, 50];27;;vocab
7658;皇室;5.98;こうしつ;Imperial household;[279, 816];23;;vocab
7659;おろす;5.98;おろす;Lower;[];0;4;vocab
7660;木造;5.97;もくぞう;wooden;[207, 299];13;;vocab
7661;経路;5.97;けいろ;course;[1460, 1376];36;;vocab
7662;有り難い;5.97;ありがたい;Thank you;[83, 1703];40;;vocab
7663;踏み込む;5.97;ふみこむ;Step in;[1381, 843];34;;vocab
7664;風味;5.97;ふうみ;taste;[563, 233];21;;vocab
7665;液体;5.97;えきたい;liquid;[1116, 1030];28;;vocab
7666;短時間;5.97;たんじかん;Short time;[1550, 171, 1747];42;;vocab
7667;四つ;5.97;よっつ;four;[4];1;;vocab
7668;締め切り;5.97;しめきり;deadline;[1440, 89];36;;vocab
7669;野郎;5.97;やろう;guy;[1722, 1995];49;;vocab
7670;進路;5.96;しんろ;route;[603, 1376];34;;vocab
7671;悪意;5.96;あくい;ill will;[1951, 654];48;;vocab
7672;動詞;5.96;どうし;verb;[1806, 2009];50;;vocab
7673;ロケ;5.96;ロケ;Location;[];0;5;loanword
7674;交響曲;5.96;こうきょうきょく;Symphony;[1368, 1994, 1256];49;;vocab
7675;雷;5.96;かみなり;thunder;[454];18;;vocab
7676;めくる;5.96;めくる;turn over;[];0;4;vocab
7677;安田;5.96;やすだ;Yasuda;[202, 14];9;;vocab
7678;はさむ;5.96;はさむ;sandwich;[];0;4;vocab
7679;先祖;5.95;せんぞ;ancestor;[263, 1918];47;;vocab
7680;昼寝;5.95;ひるね;nap;[1156, 1233];31;;vocab
7681;洗練;5.95;せんれん;polish;[264, 1443];36;;vocab
7682;ノーベル;5.95;ノーベル;Nobel;[];0;5;loanword
7683;あらわれる;5.95;あらわれる;appear;[];0;4;vocab
7684;折れる;5.95;おれる;break;[1211];31;;vocab
7685;結晶;5.95;けっしょう;crystal;[1451, 22];36;;vocab
7686;サンフランシスコ;5.95;サンフランシスコ;San Francisco;[];0;5;loanword
7687;麻;5.95;あさ;hemp;[637];22;;vocab
7688;格闘;5.95;かくとう;hand-to-hand fighting;[312, 1757];42;;vocab
7689;加害;5.95;かがい;assault;[932, 1671];40;;vocab
7690;頬;5.95;ほお;cheek;[1358];34;;vocab
7691;法科;5.95;ほうか;law department or law school;[813, 1263];31;;vocab
7692;配偶;5.95;はいぐう;combination;[1544, 2105];53;;vocab
7693;ふり;5.95;ふり;Pretend;[];0;4;vocab
7694;メス;5.95;メス;female;[];0;5;loanword
7695;腓;5.95;こむら;leg;[9999];99;;vocab
7696;乙;5.95;おつ;Otsu;[75];5;;vocab
7697;欠如;5.95;けつじょ;lack;[505, 104];18;;vocab
7698;フランク;5.94;フランク;Frank;[];0;5;loanword
7699;捜索;5.94;そうさく;search;[1201, 1465];36;;vocab
7700;見なす;5.94;みなす;Consider;[61];4;;vocab
7701;間もなく;5.94;まもなく;Soon;[1747];42;;vocab
7702;とらわれる;5.94;とらわれる;be captivated;[];0;4;vocab
7703;満員;5.94;まんいん;full house;[1253, 59];31;;vocab
7704;嫌悪;5.94;けんお;disgust;[1724, 1951];48;;vocab
7705;代理人;5.94;だいりにん;agent;[1080, 283, 1023];27;;vocab
7706;ハーブ;5.94;ハーブ;herbs;[];0;5;loanword
7707;肝;5.93;きも;liver;[1778];43;;vocab
7708;有名人;5.93;ゆうめいじん;Celebrities;[83, 117, 1023];27;;vocab
7709;判事;5.93;はんじ;judge;[1289, 1240];32;;vocab
7710;クン;5.93;クン;Kun;[];0;5;loanword
7711;ネギ;5.93;ネギ;green onion;[];0;5;loanword
7712;文化財;5.93;ぶんかざい;cultural assets;[1861, 1083, 737];45;;vocab
7713;ラベル;5.92;ラベル;label;[];0;5;loanword
7714;東芝;5.92;とうしば;Toshiba;[543, 1301];32;;vocab
7715;先般;5.92;せんぱん;some time ago;[263, 2016];50;;vocab
7716;四季;5.92;しき;four seasons;[4, 978];26;;vocab
7717;広める;5.92;ひろめる;Spread;[799];23;;vocab
7718;所要;5.92;しょよう;required;[1208, 1730];41;;vocab
7719;転がる;5.92;ころがる;roll;[449];18;;vocab
7720;マザー;5.92;マザー;Mother;[];0;5;loanword
7721;猛;5.92;たけし;fierce;[1566];38;;vocab
7722;目当て;5.91;めあて;aim;[15, 1236];31;;vocab
7723;リンゴ;5.91;リンゴ;apple;[];0;5;loanword
7724;川口;5.91;かわぐち;mouth of river;[134, 11];8;;vocab
7725;子孫;5.91;しそん;descendants;[99, 1494];36;;vocab
7726;加減;5.91;かげん;addition and subtraction;[932, 391];25;;vocab
7727;ストーン;5.91;ストーン;Stone;[];0;5;loanword
7728;お越し;5.91;おこし;Welcome;[413];17;;vocab
7729;おなじみ;5.91;おなじみ;Familiar;[];0;4;vocab
7730;オーラ;5.91;オーラ;aura;[];0;5;loanword
7731;下回る;5.9;したまわる;below;[51, 630];22;;vocab
7732;異様;5.9;いよう;bizarre;[1936, 1003];47;;vocab
7733;めちゃくちゃ;5.9;めちゃくちゃ;Insanely;[];0;4;vocab
7734;さておく;5.9;さておく;Set aside;[];0;4;vocab
7735;弊害;5.9;へいがい;adverse effect;[1120, 1671];40;;vocab
7736;ぼんやり;5.9;ぼんやり;vaguely;[];0;4;vocab
7737;酢;5.9;す;vinegar;[1542];38;;vocab
7738;はた;5.9;はた;Hata;[];0;4;vocab
7739;所詮;5.9;しょせん;after all;[1208, 360];31;;vocab
7740;瓶;5.9;びん;bottle;[1109];28;;vocab
7741;陰謀;5.9;いんぼう;plot;[1718, 1897];46;;vocab
7742;ピックアップ;5.9;ピックアップ;Pickup;[];0;5;loanword
7743;ニュアンス;5.89;ニュアンス;Nuance;[];0;5;loanword
7744;増殖;5.89;ぞうしょく;increase;[541, 874];25;;vocab
7745;十一月;5.89;じゅういちがつ;November;[10, 1, 13];1;;vocab
7746;整合;5.89;せいごう;adjustment;[1800, 269];43;;vocab
7747;介す;5.89;かいす;mediate;[265];12;;vocab
7748;通学;5.89;つうがく;commuting to school;[1511, 346];37;;vocab
7749;残酷;5.89;ざんこく;cruelty;[871, 1539];38;;vocab
7750;啓発;5.89;けいはつ;enlightenment;[1166, 1840];44;;vocab
7751;偽;5.88;にせ;false;[2068];52;;vocab
7752;カッ;5.88;カッ;Cool;[];0;5;loanword
7753;まり;5.88;まり;Mari;[];0;4;vocab
7754;あたりまえ;5.88;あたりまえ;Of course;[];0;4;vocab
7755;カロリー;5.88;カロリー;calorie;[];0;5;loanword
7756;絶滅;5.88;ぜつめつ;destruction;[1891, 390];45;;vocab
7757;寸前;5.88;すんぜん;on the verge;[45, 309];13;;vocab
7758;曲線;5.88;きょくせん;curve;[1256, 1438];36;;vocab
7759;郵送;5.88;ゆうそう;mailing;[1990, 2172];55;;vocab
7760;ポーズ;5.88;ポーズ;Pose;[];0;5;loanword
7761;満点;5.88;まんてん;perfect score;[1253, 181];31;;vocab
7762;指輪;5.88;ゆびわ;ring;[711, 1963];48;;vocab
7763;親族;5.87;しんぞく;relatives;[1621, 1307];39;;vocab
7764;口頭;5.87;こうとう;oral;[11, 1549];38;;vocab
7765;マイナー;5.87;マイナー;minor;[];0;5;loanword
7766;初代;5.87;しょだい;first generation;[431, 1080];27;;vocab
7767;秘める;5.87;ひめる;hide;[970];26;;vocab
7768;だんな;5.87;だんな;Husband;[];0;4;vocab
7769;チキン;5.87;チキン;chicken;[];0;5;loanword
7770;かし;5.87;かし;snack;[];0;4;vocab
7771;公判;5.86;こうはん;public hearing;[847, 1289];32;;vocab
7772;右翼;5.86;うよく;right-wing;[82, 1937];47;;vocab
7773;対比;5.86;たいひ;contrast;[1862, 482];45;;vocab
7774;ラボ;5.86;ラボ;Lab;[];0;5;loanword
7775;農産物;5.86;のうさんぶつ;agricultural products;[2170, 1681, 1129];55;;vocab
7776;できあがる;5.86;できあがる;Finished;[];0;4;vocab
7777;愛用;5.86;あいよう;favorite;[796, 1265];31;;vocab
7778;水面;5.86;すいめん;water's surface;[137, 2039];51;;vocab
7779;宛;5.86;あて;To;[1521];37;;vocab
7780;ホー;5.86;ホー;Ho;[];0;5;loanword
7781;賭ける;5.86;かける;bet;[1354];34;;vocab
7782;ルイス;5.85;ルイス;Lewis;[];0;5;loanword
7783;圧迫;5.85;あっぱく;pressure;[163, 300];13;;vocab
7784;虹;5.85;にじ;rainbow;[559];21;;vocab
7785;つぐ;5.85;つぐ;Tsugu;[];0;4;vocab
7786;ふく;5.85;ふく;wipe;[];0;4;vocab
7787;フィルター;5.85;フィルター;Filter;[];0;5;loanword
7788;稼ぎ;5.85;かせぎ;Earnings;[959];26;;vocab
7789;療養;5.84;りょうよう;recuperation;[1845, 1591];44;;vocab
7790;眞;5.84;まこと;True;[9999];99;;vocab
7791;発症;5.84;はっしょう;outbreak of an illness;[1840, 1816];44;;vocab
7792;バンコク;5.84;バンコク;Bangkok;[];0;5;loanword
7793;風俗;5.84;ふうぞく;manners;[563, 1042];27;;vocab
7794;アクセサリー;5.84;アクセサリー;accessories;[];0;5;loanword
7795;有意義;5.84;ゆういぎ;meaningful;[83, 654, 691];23;;vocab
7796;稼働;5.84;かどう;operation;[959, 1809];43;;vocab
7797;飼育;5.84;しいく;breeding;[2010, 821];50;;vocab
7798;卸売;5.83;おろしうり;wholesale;[1499, 345];37;;vocab
7799;一律;5.83;いちりつ;evenness;[1, 939];25;;vocab
7800;カズ;5.83;カズ;Kazu;[];0;5;loanword
7801;葛藤;5.83;かっとう;conflict;[492, 1295];32;;vocab
7802;引きずる;5.82;ひきずる;drag;[1318];33;;vocab
7803;石田;5.82;いしだ;Ishida;[118, 14];7;;vocab
7804;集落;5.82;しゅうらく;village;[601, 320];21;;vocab
7805;ニッポン放送;5.82;にっぽんほうそう;Nippon Broadcasting System;[535, 2172];55;;vocab
7806;探索;5.81;たんさく;search;[1425, 1465];36;;vocab
7807;極東;5.81;きょくとう;Far East;[2052, 543];51;;vocab
7808;活力;5.81;かつりょく;vitality;[154, 922];25;;vocab
7809;舞;5.81;まい;dance;[1912];46;;vocab
7810;実例;5.81;じつれい;example;[1694, 1046];40;;vocab
7811;じつは;5.81;じつは;to tell the truth;[];0;4;vocab
7812;羨ましい;5.8;うらやましい;enviable;[592];21;;vocab
7813;わたくし;5.8;わたくし;I;[];0;4;vocab
7814;戦車;5.8;せんしゃ;tank;[2079, 304];53;;vocab
7815;捕まえる;5.8;つかまえる;catch;[1978];49;;vocab
7816;くま;5.8;くま;bear;[];0;4;vocab
7817;長谷川;5.8;はせがわ;Hasegawa;[2070, 851, 134];52;;vocab
7818;自称;5.8;じしょう;self-alleged;[36, 971];26;;vocab
7819;口調;5.8;くちょう;tone;[11, 373];15;;vocab
7820;フリ;5.8;フリ;pretend;[];0;5;loanword
7821;端的;5.8;たんてき;frank;[1251, 73];31;;vocab
7822;膜;5.8;まく;film;[248];10;;vocab
7823;カリキュラム;5.8;カリキュラム;curriculum;[];0;5;loanword
7824;もとづく;5.8;もとづく;Based on;[];0;4;vocab
7825;修士;5.8;しゅうし;master's;[1858, 341];45;;vocab
7826;宝石;5.8;ほうせき;gem;[273, 118];12;;vocab
7827;警察庁;5.8;けいさつちょう;National Police Agency;[358, 1184, 635];30;;vocab
7828;スミス;5.79;スミス;Smith;[];0;5;loanword
7829;根源;5.79;こんげん;root;[1571, 153];38;;vocab
7830;不倫;5.79;ふりん;adultery;[1302, 1962];48;;vocab
7831;低迷;5.79;ていめい;hanging low;[1973, 992];49;;vocab
7832;停滞;5.79;ていたい;stagnation;[1051, 445];27;;vocab
7833;アイデンティティ;5.79;アイデンティティ;identity;[];0;5;loanword
7834;正に;5.79;まさに;Exactly;[405];17;;vocab
7835;落語;5.79;らくご;rakugo;[320, 371];15;;vocab
7836;苦悩;5.79;くのう;suffering;[239, 2085];53;;vocab
7837;益;5.78;えき;profit;[2026];51;;vocab
7838;稀;5.78;まれ;rare;[9999];99;;vocab
7839;フライト;5.78;フライト;flight;[];0;5;loanword
7840;メン;5.78;メン;Men;[];0;5;loanword
7841;コイン;5.78;コイン;coin;[];0;5;loanword
7842;ホン;5.78;ホン;Hon;[];0;5;loanword
7843;ノイズ;5.78;ノイズ;noise;[];0;5;loanword
7844;プロモーション;5.78;プロモーション;Promotion;[];0;5;loanword
7845;教団;5.78;きょうだん;religious organization;[1343, 625];34;;vocab
7846;正社員;5.78;せいしゃいん;full-time employee;[405, 1173, 59];30;;vocab
7847;鮮明;5.78;せんめい;vivid;[590, 20];21;;vocab
7848;すぐれる;5.78;すぐれる;Excellent;[];0;4;vocab
7849;御存じ;5.78;ごぞんじ;As you know;[1500, 739];37;;vocab
7850;悪質;5.78;あくしつ;bad quality;[1951, 1219];48;;vocab
7851;ジャーナリズム;5.78;ジャーナリズム;journalism;[];0;5;loanword
7852;イマイチ;5.77;イマイチ;Not so good;[];0;5;loanword
7853;圓;5.77;えん;circle;[9999];99;;vocab
7854;ジーンズ;5.77;ジーンズ;jeans;[];0;5;loanword
7855;プロレス;5.77;プロレス;Professional wrestling;[];0;5;loanword
7856;アナウンス;5.77;アナウンス;announcement;[];0;5;loanword
7857;市川;5.77;いちかわ;Ichikawa;[440, 134];18;;vocab
7858;ほめる;5.77;ほめる;compliment;[];0;4;vocab
7859;ストア;5.77;ストア;Store;[];0;5;loanword
7860;ゲル;5.77;ゲル;gel;[];0;5;loanword
7861;はなれる;5.77;はなれる;Separate;[];0;4;vocab
7862;ノルウェー;5.76;ノルウェー;Norway;[];0;5;loanword
7863;ヤン;5.76;ヤン;Yang;[];0;5;loanword
7864;同感;5.76;どうかん;agreement;[192, 662];22;;vocab
7865;エリ;5.76;エリ;Eli;[];0;5;loanword
7866;勧誘;5.76;かんゆう;invitation;[928, 982];26;;vocab
7867;なのに;5.76;なのに;However;[];0;4;vocab
7868;終戦;5.76;しゅうせん;end of war;[1452, 2079];53;;vocab
7869;コンビ;5.76;コンビ;combination;[];0;5;loanword
7870;っぷり;5.76;っぷり;Fully;[];0;4;vocab
7871;対す;5.75;たいす;against;[1862];45;;vocab
7872;ネオ;5.75;ネオ;Neo;[];0;5;loanword
7873;おやじ;5.75;おやじ;Dad;[];0;4;vocab
7874;劣化;5.75;れっか;deterioration;[926, 1083];27;;vocab
7875;滋賀;5.74;しが;Shiga;[1489, 933];36;;vocab
7876;源泉;5.74;げんせん;source;[153, 140];8;;vocab
7877;負;5.74;まけ;negative;[67];4;;vocab
7878;真っ赤;5.74;まっか;Bright red;[79, 1880];45;;vocab
7879;たて;5.74;たて;vertical;[];0;4;vocab
7880;勤労;5.74;きんろう;labor;[1700, 924];40;;vocab
7881;義務教育;5.74;ぎむきょういく;compulsory education;[691, 1313, 1343, 821];34;;vocab
7882;にまつわる;5.73;にまつわる;Related to;[];0;4;vocab
7883;炭;5.73;すみ;charcoal;[833];24;;vocab
7884;名義;5.73;めいぎ;name;[117, 691];23;;vocab
7885;敢えて;5.73;あえて;dare;[889];25;;vocab
7886;取り巻く;5.73;とりまく;Surrounding;[882, 1292];32;;vocab
7887;人質;5.72;ひとじち;hostage;[1023, 1219];31;;vocab
7888;はっ;5.72;はっ;Ha;[];0;4;vocab
7889;まもなく;5.72;まもなく;shortly;[];0;4;vocab
7890;巣;5.72;す;nest;[2077];53;;vocab
7891;度合い;5.72;どあい;Degree;[1278, 269];32;;vocab
7892;増強;5.72;ぞうきょう;augment;[541, 1321];33;;vocab
7893;若;5.72;わか;young;[237];10;;vocab
7894;祝福;5.72;しゅくふく;blessing;[1170, 1171];30;;vocab
7895;アマ;5.71;アマ;Amateur;[];0;5;loanword
7896;斉藤;5.71;さいとう;Saito;[1866, 1295];45;;vocab
7897;莫大;5.71;ばくだい;enormous;[9999, 112];99;;vocab
7898;梅田;5.71;うめだ;Umeda;[499, 14];18;;vocab
7899;音色;5.71;ねいろ;tone color;[518, 1890];45;;vocab
7900;戦時;5.71;せんじ;war time;[2079, 171];53;;vocab
7901;ちっとも;5.71;ちっとも;Not at all;[];0;2;vocab
7902;創刊;5.71;そうかん;launching;[1759, 1779];43;;vocab
7903;ちん;5.71;ちん;Chin;[];0;4;vocab
7904;杉;5.71;すぎ;cedar;[1849];45;;vocab
7905;チェコ;5.71;チェコ;Czech Republic;[];0;5;loanword
7906;明かす;5.71;あかす;reveal;[20];2;;vocab
7907;危うい;5.71;あやうい;Dangerous;[1520];37;;vocab
7908;後藤;5.71;ごとう;Goto;[1479, 1295];36;;vocab
7909;ドリンク;5.71;ドリンク;drink;[];0;5;loanword
7910;売春;5.71;ばいしゅん;prostitution;[345, 1690];40;;vocab
7911;書士;5.71;しょし;Scrivener;[349, 341];15;;vocab
7912;ディズニー;5.71;ディズニー;Disney;[];0;5;loanword
7913;通り過ぎる;5.71;とおりすぎる;pass by;[1511, 1389];37;;vocab
7914;太鼓;5.71;たいこ;drum;[126, 1552];38;;vocab
7915;旅館;5.7;りょかん;Japanese hotel;[1127, 1589];38;;vocab
7916;岡;5.7;おか;hill;[2112];53;;vocab
7917;併せる;5.7;あわせる;Combine;[1107];28;;vocab
7918;パブリック;5.69;パブリック;public;[];0;5;loanword
7919;革;5.69;かわ;leather;[2041];51;;vocab
7920;ブリッジ;5.69;ブリッジ;bridge;[];0;5;loanword
7921;境;5.69;さかい;boundary;[523];19;;vocab
7922;討議;5.69;とうぎ;debate;[364, 692];23;;vocab
7923;湿度;5.69;しつど;level of humidity;[1927, 1278];47;;vocab
7924;ゆき;5.69;ゆき;snow;[];0;4;vocab
7925;情緒;5.69;じょうちょ;emotion;[1657, 1444];40;;vocab
7926;カリスマ;5.69;カリスマ;Charisma;[];0;5;loanword
7927;貯める;5.69;ためる;Save;[206];9;;vocab
7928;熱意;5.69;ねつい;zeal;[1634, 654];39;;vocab
7929;必見;5.69;ひっけん;must-see;[685, 61];22;;vocab
7930;飲料;5.69;いんりょう;beverage;[1584, 1262];38;;vocab
7931;屋敷;5.69;やしき;residence;[1138, 2028];51;;vocab
7932;飼い主;5.68;かいぬし;Owner;[2010, 284];50;;vocab
7933;ダンナ;5.68;ダンナ;husband;[];0;5;loanword
7934;込み;5.68;こみ;included;[843];24;;vocab
7935;明け;5.68;あけ;dawn;[20];2;;vocab
7936;振り回す;5.68;ふりまわす;swing around;[2167, 630];55;;vocab
7937;弱点;5.68;じゃくてん;weak point;[1323, 181];33;;vocab
7938;問い合わせる;5.68;といあわせる;Contact us;[1744, 269];42;;vocab
7939;ドラッグ;5.68;ドラッグ;drag;[];0;5;loanword
7940;さき;5.68;さき;tip;[];0;4;vocab
7941;敗れる;5.68;やぶれる;Defeat;[353];15;;vocab
7942;共演;5.68;きょうえん;appearing together;[1934, 2163];55;;vocab
7943;正日;5.67;じょんいる;Kim Jong-il;[405, 12];17;;vocab
7944;一族;5.67;いちぞく;family;[1, 1307];33;;vocab
7945;替え;5.67;かえ;Replacement;[905];25;;vocab
7946;漢;5.67;かん;Han;[1701];40;;vocab
7947;手入れ;5.67;ていれ;maintenance;[687, 842];24;;vocab
7948;異性;5.67;いせい;the opposite sex;[1936, 1679];47;;vocab
7949;嫉妬;5.67;しっと;jealousy;[1820, 123];44;;vocab
7950;機材;5.67;きざい;machine parts;[1482, 738];36;;vocab
7951;なら;5.67;なら;Conditional particle;[];0;;morpheme
7952;西側;5.67;にしがわ;west side;[1728, 1049];41;;vocab
7953;平行;5.67;へいこう;concurrent;[1596, 938];39;;vocab
7954;だからといって;5.67;だからといって;However,;[];0;4;vocab
7955;街道;5.67;かいどう;highway;[955, 295];25;;vocab
7956;摂る;5.67;とる;take;[1876];45;;vocab
7957;大震災;5.67;だいしんさい;Great Earthquake;[112, 2166, 179];55;;vocab
7958;幹;5.67;みき;stem;[1783];43;;vocab
7959;万全;5.67;ばんぜん;perfection;[68, 281];12;;vocab
7960;チャンピオン;5.67;チャンピオン;champion;[];0;5;loanword
7961;毎朝;5.67;まいあさ;every morning;[497, 53];18;;vocab
7962;かす;5.66;かす;scum;[];0;4;vocab
7963;頭脳;5.66;ずのう;head;[1549, 2084];53;;vocab
7964;対等;5.66;たいとう;equality;[1862, 1016];45;;vocab
7965;根性;5.66;こんじょう;will-power;[1571, 1679];40;;vocab
7966;ハリー;5.66;ハリー;Harry;[];0;5;loanword
7967;エース;5.66;エース;Ace;[];0;5;loanword
7968;おこる;5.66;おこる;get angry;[];0;4;vocab
7969;一目;5.66;いちもく;glance;[1, 15];1;;vocab
7970;動ける;5.65;うごける;Able to move;[1806];43;;vocab
7971;推理;5.65;すいり;reasoning;[716, 283];23;;vocab
7972;配給;5.65;はいきゅう;distribution;[1544, 1449];38;;vocab
7973;ユーモア;5.65;ユーモア;humor;[];0;5;loanword
7974;調停;5.65;ちょうてい;arbitration;[373, 1051];27;;vocab
7975;イデオロギー;5.65;イデオロギー;ideology;[];0;5;loanword
7976;早起き;5.65;はやおき;Early risers;[26, 565];21;;vocab
7977;親指;5.65;おやゆび;thumb;[1621, 711];39;;vocab
7978;活字;5.65;かつじ;printing type;[154, 197];9;;vocab
7979;時折;5.65;ときおり;sometimes;[171, 1211];31;;vocab
7980;なおかつ;5.65;なおかつ;Furthermore,;[];0;4;vocab
7981;今井;5.65;いまい;Imai;[1711, 1946];48;;vocab
7982;割り当てる;5.65;わりあてる;assign;[1673, 1236];40;;vocab
7983;県警;5.64;けんけい;prefectural police;[552, 358];20;;vocab
7984;専念;5.64;せんねん;absorption;[47, 1715];41;;vocab
7985;きみ;5.64;きみ;you;[];0;4;vocab
7986;空き;5.64;あき;Vacant;[1414];35;;vocab
7987;河川;5.64;かせん;rivers;[157, 134];8;;vocab
7988;パンチ;5.64;パンチ;punch;[];0;5;loanword
7989;慰安;5.64;いあん;solace;[1177, 202];30;;vocab
7990;通達;5.64;つうたつ;notification;[1511, 591];37;;vocab
7991;売り;5.63;うり;Sell;[345];14;;vocab
7992;捕まる;5.63;つかまる;get caught;[1978];49;;vocab
7993;所持;5.63;しょじ;possession;[1208, 712];31;;vocab
7994;敗訴;5.63;はいそ;loss of a court-case;[353, 1221];31;;vocab
7995;ヒル;5.63;ヒル;leech;[];0;5;loanword
7996;すげる;5.63;すげる;Suge;[];0;4;vocab
7997;試写;5.63;ししゃ;preview;[378, 1336];33;;vocab
7998;並行;5.63;へいこう;side-by-side;[1924, 938];47;;vocab
7999;とたん;5.63;とたん;Immediately;[];0;4;vocab
8000;先制;5.63;せんせい;preempt;[263, 447];18;;vocab
8001;可決;5.63;かけつ;approval;[97, 1770];42;;vocab
8002;差し出す;5.63;さしだす;Offer;[593, 829];24;;vocab
8003;北米;5.63;ほくべい;North America;[480, 987];26;;vocab
8004;ユニ;5.63;ユニ;Uni;[];0;5;loanword
8005;一口;5.62;ひとくち;mouthful;[1, 11];1;;vocab
8006;エンディング;5.62;エンディング;ending;[];0;5;loanword
8007;長所;5.62;ちょうしょ;strong point;[2070, 1208];52;;vocab
8008;取扱い;5.62;とりあつかい;Handling;[882, 745];25;;vocab
8009;全集;5.62;ぜんしゅう;complete works;[281, 601];21;;vocab
8010;母さん;5.62;かあさん;Mom;[105];6;;vocab
8011;出番;5.62;でばん;one's turn;[829, 2058];52;;vocab
8012;負債;5.62;ふさい;debt;[67, 1664];40;;vocab
8013;楽譜;5.62;がくふ;score;[1872, 1926];47;;vocab
8014;クリップ;5.62;クリップ;clip;[];0;5;loanword
8015;貨物;5.61;かもつ;cargo;[1085, 1129];29;;vocab
8016;紳士;5.61;しんし;gentleman;[1461, 341];36;;vocab
8017;いやぁ;5.61;いやぁ;Oh no;[];0;4;vocab
8018;それなのに;5.61;それなのに;And yet;[];0;4;vocab
8019;久;5.61;ひさ;long;[1092];27;;vocab
8020;もっぱら;5.61;もっぱら;exclusively;[];0;4;vocab
8021;風土;5.61;ふうど;natural features;[563, 161];21;;vocab
8022;庭園;5.61;ていえん;garden;[634, 629];22;;vocab
8023;バラバラ;5.61;バラバラ;scattered;[];0;5;loanword
8024;フィードバック;5.6;フィードバック;feedback;[];0;5;loanword
8025;すい;5.6;すい;water;[];0;4;vocab
8026;安藤;5.6;あんどう;Ando;[202, 1295];32;;vocab
8027;民法;5.6;みんぽう;civil law;[1976, 813];49;;vocab
8028;弓;5.6;ゆみ;bow;[1317];33;;vocab
8029;遂に;5.6;ついに;finally;[579];21;;vocab
8030;いかん;5.6;いかん;No good;[];0;4;vocab
8031;フー;5.6;フー;Huh;[];0;5;loanword
8032;風潮;5.6;ふうちょう;tide;[563, 152];21;;vocab
8033;ブラウン;5.59;ブラウン;Brown;[];0;5;loanword
8034;変形;5.59;へんけい;transformation;[1882, 1847];45;;vocab
8035;しょっちゅう;5.59;しょっちゅう;frequently;[];0;4;vocab
8036;富士山;5.59;ふじさん;Mount Fuji;[205, 341, 830];24;;vocab
8037;小学;5.59;しょうがく;elementary school;[110, 346];15;;vocab
8038;思惑;5.59;おもわく;perceptive mental disturbances;[651, 661];22;;vocab
8039;日本海;5.59;にほんかい;Sea of Japan;[12, 224, 500];18;;vocab
8040;産経新聞;5.59;さんけいしんぶん;Sankei Shimbun;[1681, 1460, 1619, 1754];42;;vocab
8041;参;5.58;さん;three;[1856];45;;vocab
8042;花見;5.58;はなみ;cherry blossom viewing;[1084, 61];27;;vocab
8043;大賞;5.58;たいしょう;big prize;[112, 859];25;;vocab
8044;麻痺;5.58;まひ;paralysis;[637, 9999];99;;vocab
8045;教官;5.58;きょうかん;teacher;[1343, 1363];34;;vocab
8046;舞う;5.58;まう;dance;[1912];46;;vocab
8047;暦;5.58;こよみ;calendar;[226];10;;vocab
8048;溶ける;5.58;とける;melt;[854];24;;vocab
8049;まつり;5.58;まつり;festival;[];0;4;vocab
8050;いっそう;5.58;いっそう;Even more;[];0;4;vocab
8051;効力;5.58;こうりょく;effect;[1369, 922];34;;vocab
8052;学院;5.57;がくいん;institute;[346, 1401];35;;vocab
8053;スリー;5.57;スリー;Three;[];0;5;loanword
8054;グラフィック;5.57;グラフィック;graphic;[];0;5;loanword
8055;藤井;5.57;ふじい;Fujii;[1295, 1946];48;;vocab
8056;錯覚;5.57;さっかく;optical illusion;[1269, 347];32;;vocab
8057;当分;5.57;とうぶん;for the present;[1236, 844];31;;vocab
8058;潜水艦;5.56;せんすいかん;submarine;[907, 137, 2020];50;;vocab
8059;おおむね;5.56;おおむね;Generally;[];0;4;vocab
8060;愚痴;5.56;ぐち;idle complaint;[2107, 1814];53;;vocab
8061;煽る;5.56;あおる;incite;[9999];99;;vocab
8062;清掃;5.56;せいそう;cleaning;[1659, 1235];40;;vocab
8063;字幕;5.56;じまく;subtitles;[197, 437];18;;vocab
8064;乗車;5.56;じょうしゃ;taking a train, bus, etc.;[1709, 304];40;;vocab
8065;次郎;5.56;じろう;Jiro;[510, 1995];49;;vocab
8066;募る;5.56;つのる;Recruit;[925];25;;vocab
8067;如何に;5.56;いかに;How;[104, 1087];27;;vocab
8068;混合;5.55;こんごう;mixing;[487, 269];18;;vocab
8069;愛媛;5.55;えひめ;Ehime;[796, 2100];53;;vocab
8070;何者;5.55;なにもの;who;[1087, 1345];34;;vocab
8071;機内;5.55;きない;inside a plane;[1482, 1095];36;;vocab
8072;試行錯誤;5.55;しこうさくご;trial and error;[378, 938, 1269, 2048];51;;vocab
8073;刑法;5.55;けいほう;criminal law;[734, 813];23;;vocab
8074;小物;5.55;こもの;accessories;[110, 1129];29;;vocab
8075;ばん;5.55;ばん;Ban;[];0;4;vocab
8076;楽観;5.54;らっかん;optimism;[1872, 614];45;;vocab
8077;ヒルズ;5.54;ヒルズ;Hills;[];0;5;loanword
8078;死後;5.54;しご;after death;[878, 1479];36;;vocab
8079;人体;5.54;じんたい;human body;[1023, 1030];27;;vocab
8080;試算;5.54;しさん;trial calculation;[378, 1017];26;;vocab
8081;衆院;5.54;しゅういん;House of Representatives;[2001, 1401];50;;vocab
8082;満喫;5.54;まんきつ;having enough of;[1253, 1670];40;;vocab
8083;ガキ;5.54;ガキ;Brat;[];0;5;loanword
8084;秘訣;5.54;ひけつ;secret;[970, 9999];99;;vocab
8085;パキスタン;5.54;パキスタン;Pakistan;[];0;5;loanword
8086;酸化;5.54;さんか;oxidation;[1545, 1083];38;;vocab
8087;お寺;5.53;おてら;temple;[170];8;;vocab
8088;庵;5.53;あん;Hermitage;[9999];99;;vocab
8089;救い;5.53;すくい;Salvation;[1006];26;;vocab
8090;苗;5.53;なえ;Seedling;[249];10;;vocab
8091;合わせ;5.53;あわせ;Match;[269];12;;vocab
8092;前年度;5.53;ぜんねんど;Previous year;[309, 1114, 1278];32;;vocab
8093;溝;5.53;みぞ;groove;[1960];48;;vocab
8094;ギャンブル;5.53;ギャンブル;gambling;[];0;5;loanword
8095;金曜;5.53;きんよう;Friday;[287, 618];21;;vocab
8096;小倉;5.52;おぐら;Kokura;[110, 1758];42;;vocab
8097;高裁;5.52;こうさい;High Court;[329, 424];18;;vocab
8098;屋上;5.52;おくじょう;rooftop;[1138, 50];29;;vocab
8099;お断り;5.52;おことわり;Refusal;[1218];31;;vocab
8100;実物;5.52;じつぶつ;real thing;[1694, 1129];40;;vocab
8101;集積;5.52;しゅうせき;accumulation;[601, 1663];40;;vocab
8102;態勢;5.52;たいせい;attitude;[2161, 1633];54;;vocab
8103;超過;5.52;ちょうか;excess;[411, 1389];34;;vocab
8104;タブ;5.52;タブ;tab;[];0;5;loanword
8105;おくれる;5.52;おくれる;Late;[];0;5;vocab
8106;久保;5.52;くぼ;Kubo;[1092, 1072];27;;vocab
8107;頂点;5.52;ちょうてん;top;[98, 181];8;;vocab
8108;白書;5.52;はくしょ;white paper;[37, 349];15;;vocab
8109;前面;5.52;ぜんめん;front part;[309, 2039];51;;vocab
8110;驚異;5.52;きょうい;wonder;[2141, 1936];54;;vocab
8111;問いかける;5.51;といかける;Ask;[1744];42;;vocab
8112;絶えず;5.51;たえず;constantly;[1891];45;;vocab
8113;政令;5.51;せいれい;government ordinance;[407, 1503];37;;vocab
8114;シェフ;5.51;シェフ;chef;[];0;5;loanword
8115;外科;5.51;げか;surgery;[116, 1263];31;;vocab
8116;未熟;5.51;みじゅく;inexperience;[229, 332];14;;vocab
8117;文芸;5.51;ぶんげい;literature;[1861, 450];45;;vocab
8118;本店;5.5;ほんてん;head office;[224, 632];22;;vocab
8119;新品;5.5;しんぴん;new article;[1619, 23];39;;vocab
8120;読み方;5.5;よみかた;How to read;[372, 529];19;;vocab
8121;ランダム;5.5;ランダム;random;[];0;5;loanword
8122;陽気;5.5;ようき;cheerful;[1397, 2030];51;;vocab
8123;ヨガ;5.5;ヨガ;Yoga;[];0;5;loanword
8124;皆さま;5.5;みなさま;Everyone;[484];18;;vocab
8125;浮上;5.5;ふじょう;surfacing;[787, 50];23;;vocab
8126;互い;5.5;たがい;each other;[819];23;;vocab
8127;利便;5.5;りべん;convenience;[972, 1066];27;;vocab
8128;換算;5.5;かんさん;conversion;[1122, 1017];28;;vocab
8129;平安;5.5;へいあん;peace;[1596, 202];39;;vocab
8130;おじいちゃん;5.5;おじいちゃん;Grandpa;[];0;5;vocab
8131;常任;5.5;じょうにん;standing;[862, 1078];27;;vocab
8132;遡る;5.49;さかのぼる;go back;[2111];53;;vocab
8133;につれ;5.49;につれ;As;[];0;5;vocab
8134;死ねる;5.49;しねる;You can die;[878];25;;vocab
8135;魔術;5.49;まじゅつ;black magic;[2178, 1644];55;;vocab
8136;補佐;5.49;ほさ;aid;[1983, 1024];49;;vocab
8137;カウンセラー;5.49;カウンセラー;counselor;[];0;5;loanword
8138;動き出す;5.49;うごきだす;Get moving;[1806, 829];43;;vocab
8139;ズボン;5.49;ズボン;pants;[];0;5;loanword
8140;排水;5.49;はいすい;drainage;[1762, 137];42;;vocab
8141;サクラ;5.49;サクラ;Sakura;[];0;5;loanword
8142;多額;5.48;たがく;large amount of money;[113, 316];13;;vocab
8143;湾;5.48;わん;bay;[1886];45;;vocab
8144;続々;5.48;ぞくぞく;successively;[1445];36;;vocab
8145;復元;5.48;ふくげん;restoration;[940, 63];25;;vocab
8146;悪影響;5.48;あくえいきょう;Negative effects;[1951, 1848, 1994];49;;vocab
8147;ユース;5.48;ユース;Youth;[];0;5;loanword
8148;機体;5.48;きたい;fuselage;[1482, 1030];36;;vocab
8149;市立;5.48;しりつ;municipal;[440, 462];18;;vocab
8150;キレ;5.48;キレ;Angry;[];0;5;loanword
8151;直径;5.47;ちょっけい;diameter;[77, 947];25;;vocab
8152;マスメディア;5.47;マスメディア;Mass media;[];0;5;loanword
8153;待遇;5.47;たいぐう;treatment;[944, 2106];53;;vocab
8154;ラス;5.47;ラス;Russ;[];0;5;loanword
8155;喫茶;5.47;きっさ;tea drinking;[1670, 267];40;;vocab
8156;直線;5.47;ちょくせん;straight line;[77, 1438];36;;vocab
8157;於く;5.47;おく;At;[9999];99;;vocab
8158;栄光;5.47;えいこう;glory;[348, 125];15;;vocab
8159;公募;5.47;こうぼ;public appeal;[847, 925];25;;vocab
8160;何でも;5.46;なにでも;Anything;[1087];27;;vocab
8161;音楽家;5.46;おんがくか;musician;[518, 1872, 580];45;;vocab
8162;何気ない;5.46;なにげない;casual;[1087, 2030];51;;vocab
8163;泥;5.46;どろ;mud;[1135];29;;vocab
8164;さよう;5.46;さよう;Yes;[];0;5;vocab
8165;シャッター;5.46;シャッター;shutter;[];0;5;loanword
8166;ヨルダン;5.46;ヨルダン;Jordan;[];0;5;loanword
8167;内装;5.46;ないそう;interior design;[1095, 425];27;;vocab
8168;パブ;5.46;パブ;pub;[];0;5;loanword
8169;第一歩;5.46;だいいっぽ;first step;[1327, 1, 397];33;;vocab
8170;団塊;5.46;だんかい;mass;[625, 2180];55;;vocab
8171;付す;5.46;ふす;Attach;[1075];27;;vocab
8172;補強;5.46;ほきょう;compensation;[1983, 1321];49;;vocab
8173;おいおい;5.46;おいおい;hey hey;[];0;5;vocab
8174;常連;5.46;じょうれん;regular customer;[862, 305];25;;vocab
8175;名物;5.46;めいぶつ;famous product;[117, 1129];29;;vocab
8176;平野;5.46;へいや;plain;[1596, 1722];41;;vocab
8177;多彩;5.46;たさい;variegated;[113, 1850];45;;vocab
8178;売;5.45;う;Sell;[345];14;;vocab
8179;家畜;5.45;かちく;domestic animals;[580, 1485];36;;vocab
8180;人びと;5.45;ひとびと;People;[1023];27;;vocab
8181;罠;5.45;わな;trap;[9999];99;;vocab
8182;お部屋;5.45;おへや;Room;[1988, 1138];49;;vocab
8183;同氏;5.45;どうし;the said person;[192, 1970];49;;vocab
8184;残;5.45;ざん;Residue;[871];25;;vocab
8185;高木;5.45;たかぎ;tall tree;[329, 207];14;;vocab
8186;沿岸;5.45;えんがん;coast;[858, 1782];43;;vocab
8187;いじめる;5.45;いじめる;bully;[];0;5;vocab
8188;壮大;5.45;そうだい;magnificent;[343, 112];14;;vocab
8189;ふた;5.45;ふた;lid;[];0;5;vocab
8190;フリーター;5.45;フリーター;part-time worker;[];0;5;loanword
8191;ポジティブ;5.45;ポジティブ;positive;[];0;5;loanword
8192;過度;5.45;かど;excess;[1389, 1278];34;;vocab
8193;コラボレーション;5.44;コラボレーション;collaboration;[];0;5;loanword
8194;続編;5.44;ぞくへん;continuation;[1445, 1966];48;;vocab
8195;ちと;5.44;ちと;Chito;[];0;5;vocab
8196;代目;5.44;だいめ;generation;[1080, 15];27;;vocab
8197;団結;5.44;だんけつ;unity;[625, 1451];36;;vocab
8198;人柄;5.44;ひとがら;personality;[1023, 1097];27;;vocab
8199;情報処理;5.44;じょうほうしょり;Information Processing;[1657, 1625, 318, 283];40;;vocab
8200;西日本;5.44;にしにほん;Western Japan;[1728, 12, 224];41;;vocab
8201;熱狂;5.43;ねっきょう;wild enthusiasm;[1634, 277];39;;vocab
8202;立て;5.43;だて;Stand;[462];18;;vocab
8203;舎;5.43;しゃ;house;[338];14;;vocab
8204;ウクライナ;5.43;ウクライナ;Ukraine;[];0;5;loanword
8205;当る;5.43;あたる;hit;[1236];31;;vocab
8206;祖国;5.43;そこく;motherland;[1918, 624];47;;vocab
8207;委ねる;5.43;ゆだねる;Entrust;[979];26;;vocab
8208;キリ;5.43;キリ;Kiri;[];0;5;loanword
8209;志望;5.43;しぼう;wish;[645, 528];22;;vocab
8210;カール;5.43;カール;curl;[];0;5;loanword
8211;清潔;5.43;せいけつ;clean;[1659, 1668];40;;vocab
8212;期日;5.43;きじつ;fixed date;[1902, 12];46;;vocab
8213;良質;5.42;りょうしつ;good quality;[1578, 1219];38;;vocab
8214;貝;5.42;かい;shellfish;[56];4;;vocab
8215;当店;5.42;とうてん;this store;[1236, 632];31;;vocab
8216;本棚;5.42;ほんだな;bookshelves;[224, 214];10;;vocab
8217;機密;5.42;きみつ;secrecy;[1482, 837];36;;vocab
8218;宮殿;5.42;きゅうでん;palace;[1110, 1945];47;;vocab
8219;カウント;5.42;カウント;count;[];0;5;loanword
8220;復讐;5.41;ふくしゅう;revenge;[940, 9999];99;;vocab
8221;心境;5.41;しんきょう;mental state;[639, 523];22;;vocab
8222;密か;5.41;ひそか;Secretly;[837];24;;vocab
8223;ひとこと;5.41;ひとこと;one thing;[];0;5;vocab
8224;着用;5.41;ちゃくよう;wearing;[594, 1265];31;;vocab
8225;カーブ;5.41;カーブ;curve;[];0;5;loanword
8226;おいら;5.4;おいら;Me;[];0;5;vocab
8227;号線;5.4;ごうせん;Line;[1330, 1438];36;;vocab
8228;聞き取る;5.4;ききとる;Listen;[1754, 882];42;;vocab
8229;下着;5.4;したぎ;underwear;[51, 594];21;;vocab
8230;建前;5.4;たてまえ;face;[417, 309];17;;vocab
8231;マルクス;5.4;マルクス;Marx;[];0;5;loanword
8232;好感;5.4;こうかん;good feeling;[103, 662];22;;vocab
8233;ため息;5.39;ためいき;sigh;[657];22;;vocab
8234;稿;5.39;こう;manuscript;[958];26;;vocab
8235;精密;5.39;せいみつ;precise;[1655, 837];40;;vocab
8236;配列;5.39;はいれつ;arrangement;[1544, 875];38;;vocab
8237;食卓;5.39;しょくたく;dining table;[1582, 52];38;;vocab
8238;わくわく;5.39;わくわく;Exciting;[];0;5;vocab
8239;今晩;5.39;こんばん;tonight;[1711, 2128];53;;vocab
8240;三菱;5.39;みつびし;Mitsubishi;[3, 1635];39;;vocab
8241;着目;5.39;ちゃくもく;attention;[594, 15];21;;vocab
8242;夢見る;5.39;ゆめみる;dream;[327, 61];14;;vocab
8243;語彙;5.39;ごい;vocabulary;[371, 1237];31;;vocab
8244;共同通信;5.39;きょうどうつうしん;Kyodo News;[1934, 192, 1511, 1043];47;;vocab
8245;スー;5.39;スー;Sue;[];0;5;loanword
8246;クリニック;5.38;クリニック;clinic;[];0;5;loanword
8247;豪;5.38;ごう;Australia;[582];21;;vocab
8248;まれ;5.38;まれ;Rare;[];0;5;vocab
8249;餃子;5.38;ぎょうざ;pot sticker;[9999, 99];99;;vocab
8250;ガーデン;5.38;ガーデン;Garden;[];0;5;loanword
8251;ガイドブック;5.37;ガイドブック;Guidebook;[];0;5;loanword
8252;康;5.37;かん;Health;[1243];31;;vocab
8253;方言;5.37;ほうげん;dialect;[529, 357];19;;vocab
8254;随時;5.37;ずいじ;at any time;[1395, 171];35;;vocab
8255;ニッポン;5.37;ニッポン;Nippon;[];0;5;loanword
8256;ステレオ;5.37;ステレオ;stereo;[];0;5;loanword
8257;重力;5.37;じゅうりょく;gravity;[1805, 922];43;;vocab
8258;漠然と;5.37;ばくぜんと;vaguely;[245, 256];11;;vocab
8259;皆無;5.37;かいむ;nonexistent;[484, 1913];46;;vocab
8260;プロフェッショナル;5.37;プロフェッショナル;professional;[];0;5;loanword
8261;承諾;5.37;しょうだく;consent;[2050, 375];51;;vocab
8262;店主;5.37;てんしゅ;shopkeeper;[632, 284];22;;vocab
8263;最善;5.36;さいぜん;the very best;[884, 1112];28;;vocab
8264;真摯;5.36;しんし;sincerity;[79, 1624];39;;vocab
8265;戸田;5.36;とだ;Toda;[1157, 14];29;;vocab
8266;グレー;5.36;グレー;gray;[];0;5;loanword
8267;フィット;5.36;フィット;fit;[];0;5;loanword
8268;脅迫;5.36;きょうはく;threat;[936, 300];25;;vocab
8269;双子;5.36;ふたご;twins;[753, 99];23;;vocab
8270;脱線;5.35;だっせん;derailment;[537, 1438];36;;vocab
8271;量的;5.35;りょうてき;substantively;[189, 73];9;;vocab
8272;緑色;5.35;りょくしょく;green;[1471, 1890];45;;vocab
8273;過言;5.35;かごん;exaggeration;[1389, 357];34;;vocab
8274;彰;5.35;あきら;Akira;[1851];45;;vocab
8275;会費;5.35;かいひ;membership fee;[814, 1326];33;;vocab
8276;物語る;5.35;ものがたる;tell a story;[1129, 371];29;;vocab
8277;見渡す;5.35;みわたす;look around;[61, 1279];32;;vocab
8278;前作;5.34;ぜんさく;previous work;[309, 1224];31;;vocab
8279;提訴;5.34;ていそ;presenting a case;[718, 1221];31;;vocab
8280;麻生;5.34;あそう;Aso;[637, 1675];40;;vocab
8281;方程式;5.34;ほうていしき;equation;[529, 960, 377];26;;vocab
8282;フォーク;5.34;フォーク;fork;[];0;5;loanword
8283;ことに;5.34;ことに;Especially;[];0;5;vocab
8284;反響;5.34;はんきょう;echo;[779, 1994];49;;vocab
8285;近辺;5.34;きんぺん;neighbourhood;[1210, 302];31;;vocab
8286;ァ;5.34;ァ;A;[];0;5;loanword
8287;ビニール;5.34;ビニール;vinyl;[];0;5;loanword
8288;両面;5.34;りょうめん;both sides;[1252, 2039];51;;vocab
8289;亮;5.34;あきら;Ryo;[9999];99;;vocab
8290;過ごせる;5.34;すごせる;Can spend;[1389];34;;vocab
8291;密着;5.34;みっちゃく;glued to;[837, 594];24;;vocab
8292;摩擦;5.33;まさつ;friction;[689, 1185];30;;vocab
8293;糖尿;5.33;とうにょう;glycosuria;[1242, 1132];31;;vocab
8294;蛇;5.33;へび;snake;[558];21;;vocab
8295;バッハ;5.33;バッハ;Bach;[];0;5;loanword
8296;死去;5.33;しきょ;death;[878, 812];25;;vocab
8297;遠藤;5.33;えんどう;Endo;[429, 1295];32;;vocab
8298;甲斐;5.33;かい;effect;[1194, 9999];99;;vocab
8299;達人;5.33;たつじん;master;[591, 1023];27;;vocab
8300;レーザー;5.33;レーザー;laser;[];0;5;loanword
8301;表れる;5.33;あらわれる;appear;[1666];40;;vocab
8302;誘惑;5.33;ゆうわく;temptation;[982, 661];26;;vocab
8303;進捗;5.33;しんちょく;progress;[603, 728];23;;vocab
8304;脅かす;5.33;おびやかす;threaten;[936];25;;vocab
8305;つぎ;5.33;つぎ;next;[];0;5;vocab
8306;終;5.33;おわり;end;[1452];36;;vocab
8307;玄;5.32;げん;Gen;[1484];36;;vocab
8308;懸賞;5.32;けんしょう;offering prizes;[1495, 859];36;;vocab
8309;ナショナル;5.32;ナショナル;National;[];0;5;loanword
8310;田村;5.32;たむら;Tamura;[14, 221];10;;vocab
8311;オート;5.32;オート;Auto;[];0;5;loanword
8312;切り離す;5.32;きりはなす;Detach;[89, 1605];39;;vocab
8313;ハナ;5.32;ハナ;Hana;[];0;5;loanword
8314;凍結;5.32;とうけつ;freeze;[545, 1451];36;;vocab
8315;模倣;5.32;もほう;imitation;[244, 1053];27;;vocab
8316;おっさん;5.32;おっさん;Old man;[];0;5;vocab
8317;各々;5.32;かく々;each;[311];13;;vocab
8318;鳴く;5.32;なく;cry;[2092];53;;vocab
8319;学べる;5.32;まなべる;Learn;[346];15;;vocab
8320;たす;5.31;たす;plus;[];0;5;vocab
8321;延々と;5.31;えんえんと;endlessly;[419];17;;vocab
8322;消極;5.31;しょうきょく;negative;[155, 2052];51;;vocab
8323;駆けつける;5.31;かけつける;rush to;[2137];54;;vocab
8324;国外;5.31;こくがい;outside the country;[624, 116];22;;vocab
8325;談合;5.31;だんごう;consultation;[374, 269];15;;vocab
8326;客席;5.31;きゃくせき;guest seating;[315, 1277];32;;vocab
8327;女神;5.31;めがみ;goddess;[102, 1200];30;;vocab
8328;に関し;5.31;にかんし;Regarding;[2173];55;;vocab
8329;冷戦;5.31;れいせん;cold war;[1506, 2079];53;;vocab
8330;キャプテン;5.31;キャプテン;captain;[];0;5;loanword
8331;引き取る;5.31;ひきとる;Pick up;[1318, 882];33;;vocab
8332;電流;5.31;でんりゅう;electric current;[574, 826];23;;vocab
8333;ぜひとも;5.3;ぜひとも;By all means;[];0;5;vocab
8334;見地;5.3;けんち;point of view;[61, 554];21;;vocab
8335;衰退;5.3;すいたい;decline;[2037, 1575];51;;vocab
8336;心情;5.3;しんじょう;sentiment;[639, 1657];40;;vocab
8337;新潮;5.3;しんちょう;Shincho;[1619, 152];39;;vocab
8338;重み;5.3;おもみ;Weight;[1805];43;;vocab
8339;かって;5.3;かって;Once;[];0;5;vocab
8340;つねに;5.3;つねに;always;[];0;5;vocab
8341;セカンド;5.3;セカンド;second;[];0;5;loanword
8342;深まる;5.29;ふかまる;deepen;[1426];35;;vocab
8343;労力;5.29;ろうりょく;labour;[924, 922];25;;vocab
8344;浮かべる;5.29;うかべる;Float;[787];23;;vocab
8345;見当たる;5.29;みあたる;I see;[61, 1236];31;;vocab
8346;松下;5.29;まつした;Matsushita;[848, 51];24;;vocab
8347;国歌;5.29;こっか;national anthem;[624, 508];22;;vocab
8348;格段;5.29;かくだん;special;[312, 2003];50;;vocab
8349;栗;5.29;くり;chestnut;[1735];41;;vocab
8350;定例;5.29;ていれい;regularity;[408, 1046];27;;vocab
8351;伊;5.29;い;Italy;[1245];31;;vocab
8352;コンポーネント;5.29;コンポーネント;component;[];0;5;loanword
8353;競う;5.29;きそう;compete;[465];18;;vocab
8354;ウラ;5.29;ウラ;Back;[];0;5;loanword
8355;陪審;5.29;ばいしん;jury;[1396, 2059];52;;vocab
8356;懲役;5.29;ちょうえき;penal servitude;[953, 949];25;;vocab
8357;ダイレクト;5.28;ダイレクト;direct;[];0;5;loanword
8358;最良;5.28;さいりょう;the best;[884, 1578];38;;vocab
8359;味わい;5.28;あじわい;Taste;[233];10;;vocab
8360;買;5.28;がい;Buy;[894];25;;vocab
8361;ラッシュ;5.28;ラッシュ;rush;[];0;5;loanword
8362;ちがい;5.28;ちがい;Difference;[];0;5;vocab
8363;ボトル;5.28;ボトル;bottle;[];0;5;loanword
8364;マリ;5.28;マリ;Mali;[];0;5;loanword
8365;群れ;5.28;むれ;flock;[1247];31;;vocab
8366;育;5.28;いく;Education;[821];23;;vocab
8367;日数;5.28;にっすう;a number of days;[12, 998];26;;vocab
8368;来店;5.28;らいてん;coming to the store;[2029, 632];51;;vocab
8369;現物;5.28;げんぶつ;actual article or goods;[275, 1129];29;;vocab
8370;慶;5.28;けい;Kei;[2157];54;;vocab
8371;堅い;5.27;かたい;hard;[917];25;;vocab
8372;末期;5.27;まっき;closing years;[231, 1902];46;;vocab
8373;うつ病;5.27;うつびょう;depression;[1813];44;;vocab
8374;大げさ;5.27;おおげさ;exaggerated;[112];7;;vocab
8375;水産;5.27;すいさん;aquatic products;[137, 1681];40;;vocab
8376;手助け;5.27;てだすけ;help;[687, 1921];47;;vocab
8377;乱;5.27;らん;disorder;[76];5;;vocab
8378;遅刻;5.26;ちこく;lateness;[1148, 1639];39;;vocab
8379;家屋;5.26;かおく;house;[580, 1138];29;;vocab
8380;カート;5.26;カート;cart;[];0;5;loanword
8381;直る;5.26;なおる;Fix;[77];5;;vocab
8382;次長;5.26;じちょう;vice-;[510, 2070];52;;vocab
8383;非公開;5.26;ひこうかい;private;[1760, 847, 1750];42;;vocab
8384;表彰;5.26;ひょうしょう;public acknowledgment;[1666, 1851];45;;vocab
8385;公安;5.26;こうあん;public safety;[847, 202];24;;vocab
8386;やむを得ない;5.26;やむをえない;unavoidable;[941];25;;vocab
8387;式典;5.26;しきてん;ceremony;[377, 1969];48;;vocab
8388;くさい;5.26;くさい;stink;[];0;5;vocab
8389;一角;5.26;いっかく;a cut above the rest;[1, 1953];48;;vocab
8390;歯医者;5.26;はいしゃ;dentist;[1255, 1829, 1345];44;;vocab
8391;解約;5.26;かいやく;cancellation of contract;[1955, 1462];48;;vocab
8392;簑;5.26;みの;screen;[9999];99;;vocab
8393;長距離;5.26;ちょうきょり;Long distance;[2070, 1375, 1605];52;;vocab
8394;反復;5.26;はんぷく;repetition;[779, 940];25;;vocab
8395;本年度;5.26;ほんねんど;This fiscal year;[224, 1114, 1278];32;;vocab
8396;取扱;5.26;とりあつかい;treatment;[882, 745];25;;vocab
8397;ダーク;5.26;ダーク;dark;[];0;5;loanword
8398;絶賛;5.25;ぜっさん;high praise;[1891, 906];45;;vocab
8399;無罪;5.25;むざい;innocence;[1913, 1764];46;;vocab
8400;持ち上げる;5.25;もちあげる;lift;[712, 50];23;;vocab
8401;ディレクトリ;5.25;ディレクトリ;directory;[];0;5;loanword
8402;有罪;5.25;ゆうざい;guilt;[83, 1764];42;;vocab
8403;国益;5.25;こくえき;national interest;[624, 2026];51;;vocab
8404;悩ます;5.25;なやます;Worry;[2085];53;;vocab
8405;目前;5.25;もくぜん;before one's very eyes;[15, 309];13;;vocab
8406;くだらない;5.25;くだらない;Stupid;[];0;5;vocab
8407;投与;5.25;とうよ;prescribing medicine;[762, 1335];33;;vocab
8408;甲子園;5.25;こうしえん;Koshien;[1194, 99, 629];30;;vocab
8409;塊;5.25;かたまり;mass;[2180];55;;vocab
8410;伝承;5.24;でんしょう;transmission;[1036, 2050];51;;vocab
8411;所在;5.24;しょざい;whereabouts;[1208, 740];31;;vocab
8412;乗り換える;5.24;のりかえる;Transfer;[1709, 1122];40;;vocab
8413;栃木;5.24;とちぎ;Tochigi;[553, 207];20;;vocab
8414;懇親;5.24;こんしん;friendship;[2123, 1621];53;;vocab
8415;淳;5.24;あつし;Jun;[9999];99;;vocab
8416;われ;5.24;われ;I;[];0;5;vocab
8417;架空;5.24;かくう;aerial;[934, 1414];35;;vocab
8418;津;5.24;つ;Tsu;[350];15;;vocab
8419;乗り出す;5.24;のりだす;embark;[1709, 829];40;;vocab
8420;コーン;5.24;コーン;cone;[];0;5;loanword
8421;きん;5.24;きん;gold;[];0;5;vocab
8422;上空;5.24;じょうくう;sky;[50, 1414];35;;vocab
8423;美女;5.24;びじょ;beautiful woman;[587, 102];21;;vocab
8424;絶妙;5.24;ぜつみょう;exquisite;[1891, 130];45;;vocab
8425;楽章;5.24;がくしょう;movement;[1872, 464];45;;vocab
8426;陳述;5.24;ちんじゅつ;statement;[1398, 1643];39;;vocab
8427;ポピュラー;5.24;ポピュラー;popular;[];0;5;loanword
8428;スマート;5.23;スマート;smart;[];0;5;loanword
8429;暖房;5.23;だんぼう;heating;[2099, 1159];53;;vocab
8430;叶う;5.23;かなう;come true;[9999];99;;vocab
8431;細部;5.23;さいぶ;details;[1463, 1988];49;;vocab
8432;菓子;5.23;かし;pastry;[1203, 99];30;;vocab
8433;生息;5.23;せいそく;inhabiting;[1675, 657];40;;vocab
8434;ともなう;5.23;ともなう;Accompanying;[];0;5;vocab
8435;虚偽;5.22;きょぎ;untrue;[2148, 2068];54;;vocab
8436;ふやす;5.22;ふやす;Increase;[];0;5;vocab
8437;継ぐ;5.22;つぐ;inherit;[1470];36;;vocab
8438;教職員;5.22;きょうしょくいん;Faculty and staff;[1343, 887, 59];34;;vocab
8439;ややこしい;5.22;ややこしい;Confusing;[];0;5;vocab
8440;情;5.22;じょう;love;[1657];40;;vocab
8441;一歩;5.22;いちほ;One step;[1, 397];17;;vocab
8442;フィル;5.22;フィル;fill;[];0;5;loanword
8443;反動;5.22;はんどう;reaction;[779, 1806];43;;vocab
8444;地道;5.22;じみち;steady;[554, 295];21;;vocab
8445;巧み;5.22;たくみ;Skillful;[1329];33;;vocab
8446;笛;5.22;ふえ;whistle;[1192];30;;vocab
8447;神田;5.22;かんだ;field affiliated with a shrine;[1200, 14];30;;vocab
8448;孝;5.22;こう;filial piety;[1342];34;;vocab
8449;不調;5.22;ふちょう;bad condition;[1302, 373];32;;vocab
8450;算出;5.22;さんしゅつ;calculation;[1017, 829];26;;vocab
8451;撤去;5.21;てっきょ;withdrawal;[822, 812];23;;vocab
8452;スローガン;5.21;スローガン;slogan;[];0;5;loanword
8453;法定;5.21;ほうてい;legal;[813, 408];23;;vocab
8454;何やら;5.21;なにやら;something;[1087];27;;vocab
8455;ガード;5.21;ガード;guard;[];0;5;loanword
8456;になう;5.2;になう;Follow;[];0;5;vocab
8457;オオカミ;5.2;オオカミ;Wolf;[];0;5;loanword
8458;埋まる;5.2;うまる;Fill up;[191];9;;vocab
8459;ジュニア;5.2;ジュニア;Junior;[];0;5;loanword
8460;一時期;5.2;いちじき;for a period of time;[1, 171, 1902];46;;vocab
8461;栄;5.2;さかえ;Sakae;[348];15;;vocab
8462;出向く;5.2;でむく;go on a trip;[829, 195];24;;vocab
8463;事案;5.2;じあん;concern;[1240, 227];31;;vocab
8464;租税;5.2;そぜい;taxes;[1916, 961];47;;vocab
8465;タイル;5.2;タイル;tile;[];0;5;loanword
8466;且つ;5.19;かつ;and;[2190];56;;vocab
8467;極める;5.19;きわめる;Master;[2052];51;;vocab
8468;いつのまにか;5.19;いつのまにか;Before you know it;[];0;5;vocab
8469;命名;5.19;めいめい;naming;[1502, 117];37;;vocab
8470;高層;5.19;こうそう;multistory;[329, 1146];29;;vocab
8471;稼動;5.18;かどう;operation;[959, 1806];43;;vocab
8472;無縁;5.18;むえん;unrelated;[1913, 1472];46;;vocab
8473;躊躇;5.18;ちゅうちょ;hesitation;[9999, 9999];99;;vocab
8474;数少ない;5.18;かずすくない;Few;[998, 111];26;;vocab
8475;浄化;5.18;じょうか;purification;[1239, 1083];31;;vocab
8476;はやい;5.18;はやい;quick;[];0;5;vocab
8477;呟く;5.18;つぶやく;Tweet;[9999];99;;vocab
8478;アルミ;5.18;アルミ;aluminum;[];0;5;loanword
8479;いか;5.18;いか;squid;[];0;5;vocab
8480;十字架;5.18;じゅうじか;cross;[10, 197, 934];25;;vocab
8481;速やか;5.18;すみやか;Quick;[1799];43;;vocab
8482;則;5.18;のり;rule;[92];5;;vocab
8483;傍聴;5.18;ぼうちょう;hearing;[1090, 890];27;;vocab
8484;房;5.18;ぼう;bunch;[1159];29;;vocab
8485;連鎖;5.17;れんさ;chain;[305, 2087];53;;vocab
8486;ピース;5.17;ピース;piece;[];0;5;loanword
8487;バター;5.17;バター;butter;[];0;5;loanword
8488;屋外;5.17;おくがい;outdoors;[1138, 116];29;;vocab
8489;コンクール;5.17;コンクール;Competition;[];0;5;loanword
8490;鉱山;5.17;こうざん;mine;[802, 830];24;;vocab
8491;野口;5.17;のぐち;Noguchi;[1722, 11];41;;vocab
8492;過酷;5.17;かこく;rigour;[1389, 1539];38;;vocab
8493;適度;5.17;てきど;moderate;[473, 1278];32;;vocab
8494;本名;5.16;ほんみょう;real name;[224, 117];10;;vocab
8495;任期;5.16;にんき;term of office;[1078, 1902];46;;vocab
8496;請願;5.16;せいがん;petition;[1656, 143];40;;vocab
8497;象;5.16;ぞう;elephant;[2130];53;;vocab
8498;デフォルト;5.16;デフォルト;Defaults;[];0;5;loanword
8499;インターフェース;5.16;インターフェース;Interface;[];0;5;loanword
8500;はてな;5.16;はてな;Hatena;[];0;5;vocab
8501;ファイナル;5.16;ファイナル;final;[];0;5;loanword
8502;うわ;5.16;うわ;Wow;[];0;5;vocab
8503;冷える;5.16;ひえる;get cold;[1506];37;;vocab
8504;なおさら;5.16;なおさら;Even more so;[];0;5;vocab
8505;添加;5.16;てんか;addition;[684, 932];25;;vocab
8506;燃焼;5.15;ねんしょう;burning;[549, 1284];32;;vocab
8507;幽霊;5.15;ゆうれい;ghost;[1480, 1930];47;;vocab
8508;自力;5.15;じりき;by oneself;[36, 922];25;;vocab
8509;分け;5.15;わけ;Divide;[844];24;;vocab
8510;立証;5.15;りっしょう;establishing proof;[462, 406];18;;vocab
8511;ひとつひとつ;5.15;ひとつひとつ;One by one;[];0;5;vocab
8512;神聖;5.15;しんせい;holiness;[1200, 888];30;;vocab
8513;フィクション;5.15;フィクション;fiction;[];0;5;loanword
8514;マルチメディア;5.15;マルチメディア;Multimedia;[];0;5;loanword
8515;寿;5.15;ことぶき;Kotobuki;[1687];40;;vocab
8516;採点;5.15;さいてん;marking;[792, 181];23;;vocab
8517;操る;5.14;あやつる;manipulate;[724];23;;vocab
8518;徒然;5.14;つれづれ;tedium;[943, 256];25;;vocab
8519;峰;5.14;みね;peak;[1683];40;;vocab
8520;暫く;5.14;しばらく;For a while;[1216];31;;vocab
8521;案の定;5.14;あんのじょう;As expected;[227, 408];17;;vocab
8522;視界;5.14;しかい;field of vision;[1174, 266];30;;vocab
8523;芯;5.14;しん;core;[647];22;;vocab
8524;打ち上げ;5.14;うちあげ;launch;[705, 50];23;;vocab
8525;あて;5.13;あて;Address;[];0;5;vocab
8526;礼儀;5.13;れいぎ;manners;[1168, 1059];30;;vocab
8527;コメ;5.13;コメ;Rice;[];0;5;loanword
8528;味わえる;5.13;あじわえる;You can taste;[233];10;;vocab
8529;使い勝手;5.13;つかいがって;Ease of use;[1065, 1294, 687];32;;vocab
8530;監修;5.13;かんしゅう;supervision;[1562, 1858];45;;vocab
8531;水泳;5.13;すいえい;swimming;[137, 144];8;;vocab
8532;握手;5.13;あくしゅ;handshake;[1139, 687];29;;vocab
8533;アカ;5.12;アカ;Red;[];0;5;loanword
8534;くっつく;5.12;くっつく;Stick together;[];0;5;vocab
8535;身内;5.12;みうち;relatives;[1337, 1095];34;;vocab
8536;沸く;5.12;わく;boil;[1325];33;;vocab
8537;暴行;5.12;ぼうこう;assault;[1941, 938];47;;vocab
8538;大塚;5.12;おおつか;Otsuka;[112, 1117];28;;vocab
8539;紀;5.12;きの;Ki;[1454];36;;vocab
8540;インク;5.12;インク;ink;[];0;5;loanword
8541;オス;5.12;オス;Male;[];0;5;loanword
8542;ナチス;5.12;ナチス;Nazis;[];0;5;loanword
8543;牧場;5.12;ぼくじょう;farm;[351, 584];21;;vocab
8544;戸惑う;5.12;とまどう;Confused;[1157, 661];29;;vocab
8545;移譲;5.12;いじょう;transfer;[964, 1648];39;;vocab
8546;惜しい;5.11;おしい;Too bad;[1271];32;;vocab
8547;バーチャル;5.11;バーチャル;virtual;[];0;5;loanword
8548;値上がり;5.11;ねあがり;price increase;[1052, 50];27;;vocab
8549;主力;5.11;しゅりょく;main force;[284, 922];25;;vocab
8550;パレード;5.11;パレード;parade;[];0;5;loanword
8551;きまる;5.11;きまる;Decided;[];0;5;vocab
8552;相関;5.11;そうかん;correlation;[222, 2173];55;;vocab
8553;スケート;5.11;スケート;skate;[];0;5;loanword
8554;補欠;5.11;ほけつ;filling a vacancy;[1983, 505];49;;vocab
8555;プレミアム;5.11;プレミアム;Premium;[];0;5;loanword
8556;広;5.11;ひろ;Wide;[799];23;;vocab
8557;すすむ;5.11;すすむ;Proceed;[];0;5;vocab
8558;スイング;5.11;スイング;swing;[];0;5;loanword
8559;大物;5.11;おおもの;important person;[112, 1129];29;;vocab
8560;方位;5.11;ほうい;direction;[529, 1028];27;;vocab
8561;土木;5.1;どぼく;engineering works;[161, 207];10;;vocab
8562;呆れる;5.1;あきれる;astonished;[9999];99;;vocab
8563;ブー;5.1;ブー;Boo;[];0;5;loanword
8564;イスラム教;5.1;いすらむきょう;Islam;[1343];34;;vocab
8565;めでたい;5.1;めでたい;Congratulations;[];0;5;vocab
8566;アナウンサー;5.1;アナウンサー;announcer;[];0;5;loanword
8567;パーソナル;5.09;パーソナル;Personal;[];0;5;loanword
8568;俳句;5.09;はいく;haiku;[1761, 69];42;;vocab
8569;恵み;5.09;めぐみ;Grace;[659];22;;vocab
8570;腸;5.09;ちょう;intestines;[583];21;;vocab
8571;北欧;5.09;ほくおう;nordic;[480, 1834];44;;vocab
8572;様相;5.09;ようそう;aspect;[1003, 222];26;;vocab
8573;ありま;5.09;ありま;Arima;[];0;5;vocab
8574;農場;5.09;のうじょう;farm;[2170, 584];55;;vocab
8575;ルイ;5.09;ルイ;Louis;[];0;5;loanword
8576;対面;5.09;たいめん;interview;[1862, 2039];51;;vocab
8577;工芸;5.09;こうげい;industrial arts;[80, 450];18;;vocab
8578;自我;5.09;じが;self;[36, 690];23;;vocab
8579;鐘;5.09;かね;bell;[470];18;;vocab
8580;おしまい;5.09;おしまい;The end;[];0;5;vocab
8581;追い出す;5.08;おいだす;expel;[1359, 829];34;;vocab
8582;流石;5.08;さすが;as one would expect;[826, 118];23;;vocab
8583;出展;5.08;しゅってん;exhibit;[829, 2075];52;;vocab
8584;ずーっと;5.08;ずーっと;Forever;[];0;5;vocab
8585;論者;5.08;ろんしゃ;advocate;[1961, 1345];48;;vocab
8586;貰える;5.08;もらえる;You can get;[9999];99;;vocab
8587;肺;5.08;はい;lung;[443];18;;vocab
8588;正統;5.07;せいとう;legitimate;[405, 1447];36;;vocab
8589;捜す;5.07;さがす;search;[1201];30;;vocab
8590;着ける;5.07;つける;wear;[594];21;;vocab
8591;断片;5.07;だんぺん;fragment;[1218, 1297];32;;vocab
8592;腐敗;5.07;ふはい;decomposition;[1099, 353];27;;vocab
8593;帯びる;5.07;おびる;take on;[444];18;;vocab
8594;ミル;5.07;ミル;Mill;[];0;5;loanword
8595;責務;5.07;せきむ;duty;[1661, 1313];40;;vocab
8596;リスニング;5.07;リスニング;listening;[];0;5;loanword
8597;クシ;5.07;クシ;Comb;[];0;5;loanword
8598;戦線;5.07;せんせん;front;[2079, 1438];53;;vocab
8599;年月;5.07;としつき;months and years;[1114, 13];28;;vocab
8600;車線;5.07;しゃせん;traffic lane;[304, 1438];36;;vocab
8601;駐在;5.07;ちゅうざい;residence;[2136, 740];54;;vocab
8602;聴衆;5.07;ちょうしゅう;audience;[890, 2001];50;;vocab
8603;襲撃;5.07;しゅうげき;attack;[2181, 766];55;;vocab
8604;ささやか;5.07;ささやか;Modest;[];0;5;vocab
8605;中傷;5.07;ちゅうしょう;slander;[39, 1071];27;;vocab
8606;託す;5.06;たくす;Entrust;[2066];52;;vocab
8607;落下;5.06;らっか;fall;[320, 51];13;;vocab
8608;ライダー;5.06;ライダー;rider;[];0;5;loanword
8609;党首;5.06;とうしゅ;party leader;[860, 74];25;;vocab
8610;麦;5.06;むぎ;wheat;[1653];40;;vocab
8611;主宰;5.06;しゅさい;supervision;[284, 1615];39;;vocab
8612;ウォーター;5.05;ウォーター;Water;[];0;5;loanword
8613;終盤;5.05;しゅうばん;endgame;[1452, 2017];50;;vocab
8614;日月;5.05;じつげつ;sun and moon;[12, 13];1;;vocab
8615;悪口;5.05;わるぐち;abuse;[1951, 11];48;;vocab
8616;謙虚;5.05;けんきょ;modesty;[1726, 2148];54;;vocab
8617;締める;5.05;しめる;Tighten;[1440];36;;vocab
8618;神戸大;5.05;こうべだい;Kobe University;[1200, 1157, 112];30;;vocab
8619;じん;5.04;じん;kidney;[];0;5;vocab
8620;血管;5.04;けっかん;blood vessel;[1556, 1365];38;;vocab
8621;幕府;5.04;ばくふ;bakufu;[437, 1077];27;;vocab
8622;たりる;5.04;たりる;Enough;[];0;5;vocab
8623;遵守;5.04;じゅんしゅ;compliance;[2187, 198];56;;vocab
8624;火事;5.04;かじ;fire;[173, 1240];31;;vocab
8625;からむ;5.04;からむ;Entangled;[];0;5;vocab
8626;メロディ;5.04;メロディ;Melody;[];0;5;loanword
8627;ネス;5.03;ネス;Ness;[];0;5;loanword
8628;今さら;5.03;いまさら;Now;[1711];41;;vocab
8629;原田;5.03;はらだ;Harada;[142, 14];8;;vocab
8630;復習;5.03;ふくしゅう;review;[940, 616];25;;vocab
8631;うさぎ;5.03;うさぎ;rabbit;[];0;5;vocab
8632;快感;5.03;かいかん;pleasant feeling;[1771, 662];42;;vocab
8633;すき;5.03;すき;like;[];0;5;vocab
8634;欠席;5.03;けっせき;absence;[505, 1277];32;;vocab
8635;沢;5.03;さわ;Stream;[1153];29;;vocab
8636;位置づけ;5.03;いちづけ;Positioning;[1028, 895];27;;vocab
8637;人組;5.03;ひとぐみ;~-man group;[1023, 1914];47;;vocab
8638;早く;5.03;はやく;quickly;[26];2;;vocab
8639;ワクチン;5.03;ワクチン;vaccine;[];0;5;loanword
8640;釣る;5.03;つる;fish;[291];12;;vocab
8641;そろえる;5.02;そろえる;Align;[];0;5;vocab
8642;種々;5.02;しゅじゅ;variety;[1810];43;;vocab
8643;ベランダ;5.02;ベランダ;balcony;[];0;5;loanword
8644;アドバイザー;5.02;アドバイザー;Advisor;[];0;5;loanword
8645;糖;5.02;とう;sugar;[1242];31;;vocab
8646;漬け;5.02;つけ;Pickled;[1665];40;;vocab
8647;猶予;5.02;ゆうよ;postponement;[1546, 1719];41;;vocab
8648;詞;5.02;ことば;words;[2009];50;;vocab
8649;開花;5.02;かいか;flowers budding;[1750, 1084];42;;vocab
8650;洪水;5.02;こうずい;flood;[1939, 137];47;;vocab
8651;起用;5.02;きよう;appointment;[565, 1265];31;;vocab
8652;一通り;5.02;いちとおり;in a general way;[1, 1511];37;;vocab
8653;球場;5.01;きゅうじょう;baseball stadium;[1005, 584];26;;vocab
8654;内科;5.01;ないか;internal medicine, i.e. treatment by medical procedures rather than surgical procedures;[1095, 1263];31;;vocab
8655;シニア;5.01;シニア;Senior;[];0;5;loanword
8656;瀬;5.01;せら;Rapids;[1795];43;;vocab
8657;潜む;5.01;ひそむ;Lurking;[907];25;;vocab
8658;体育館;5.01;たいいくかん;gym;[1030, 821, 1589];38;;vocab
8659;あれだけ;5.01;あれだけ;That much;[];0;5;vocab
8660;物足りない;5.01;ものたりない;Unsatisfactory;[1129, 1372];34;;vocab
8661;おきる;5.01;おきる;Okiru;[];0;5;vocab
8662;仕入れる;5.01;しいれる;Purchase;[1033, 842];27;;vocab
8663;下げ;5.01;さげ;Lower;[51];3;;vocab
8664;先立つ;5.01;さきだつ;precede;[263, 462];18;;vocab
8665;交通省;5.01;こうつうしょう;Ministry of Transport;[1368, 1511, 131];37;;vocab
8666;合致;5.01;がっち;agreement;[269, 818];23;;vocab
8667;マインド;5.01;マインド;Mind;[];0;5;loanword
8668;つきあう;5.0;つきあう;dating;[];0;5;vocab
8669;なにやら;5.0;なにやら;Something;[];0;5;vocab
8670;大人気;5.0;だいにんき;Very popular;[112, 1023, 2030];51;;vocab
8671;智;5.0;さとし;Wisdom;[1309];33;;vocab
8672;しみじみ;5.0;しみじみ;Deeply;[];0;5;vocab
8673;燃やす;5.0;もやす;burn;[549];20;;vocab
8674;止め;5.0;とめ;Stop;[396];17;;vocab
8675;岩波;5.0;いわなみ;Iwanami;[832, 866];25;;vocab
8676;切;5.0;せつ;Cut;[89];5;;vocab
8677;三角;5.0;さんかく;triangle;[3, 1953];48;;vocab
8678;ウォン;4.99;ウォン;won;[];0;5;loanword
8679;あらわす;4.99;あらわす;reveal;[];0;5;vocab
8680;リック;4.99;リック;Rick;[];0;5;loanword
8681;快楽;4.99;かいらく;pleasure;[1771, 1872];45;;vocab
8682;力学;4.99;りきがく;mechanics;[922, 346];25;;vocab
8683;ナシ;4.99;ナシ;No;[];0;5;loanword
8684;朗読;4.99;ろうどく;reading aloud;[1579, 372];38;;vocab
8685;部落;4.99;ぶらく;hamlet;[1988, 320];49;;vocab
8686;ボブ;4.99;ボブ;Bob;[];0;5;loanword
8687;ヘリ;4.99;ヘリ;helicopter;[];0;5;loanword
8688;ヲ;4.99;ヲ;Wo;[];0;;morpheme
8689;油断;4.98;ゆだん;negligence;[1188, 1218];31;;vocab
8690;神学;4.98;しんがく;theology;[1200, 346];30;;vocab
8691;乱暴;4.98;らんぼう;rude;[76, 1941];47;;vocab
8692;すける;4.98;すける;Sukeru;[];0;5;vocab
8693;ダイヤモンド;4.98;ダイヤモンド;diamond;[];0;5;loanword
8694;音質;4.97;おんしつ;tone quality;[518, 1219];31;;vocab
8695;ウッド;4.97;ウッド;Wood;[];0;5;loanword
8696;慣習;4.97;かんしゅう;custom;[674, 616];22;;vocab
8697;ラマ;4.97;ラマ;Llama;[];0;5;loanword
8698;連れ;4.97;つれ;companion;[305];13;;vocab
8699;神殿;4.97;しんでん;temple;[1200, 1945];47;;vocab
8700;道のり;4.97;みちのり;way;[295];13;;vocab
8701;法規;4.97;ほうき;the law;[813, 904];25;;vocab
8702;目線;4.97;めせん;one's gaze;[15, 1438];36;;vocab
8703;紅葉;4.97;こうよう;autumn colours;[1455, 243];36;;vocab
8704;思い浮かべる;4.97;おもいうかべる;think of;[651, 787];23;;vocab
8705;争点;4.97;そうてん;point at issue;[1238, 181];31;;vocab
8706;ハッ;4.97;ハッ;Huh;[];0;5;loanword
8707;物流;4.97;ぶつりゅう;distribution;[1129, 826];29;;vocab
8708;入浴;4.96;にゅうよく;bathing;[842, 852];24;;vocab
8709;厳選;4.96;げんせん;careful selection;[2086, 1944];53;;vocab
8710;ワイヤレス;4.96;ワイヤレス;Wireless;[];0;5;loanword
8711;合衆国;4.96;がっしゅうこく;United States;[269, 2001, 624];50;;vocab
8712;送り出す;4.96;おくりだす;send out;[2172, 829];55;;vocab
8713;医院;4.96;いいん;doctor's office;[1829, 1401];44;;vocab
8714;輝き;4.96;かがやき;shine;[324];14;;vocab
8715;打ち上げる;4.96;うちあげる;launch;[705, 50];23;;vocab
8716;漏れ;4.96;もれ;leak;[1149];29;;vocab
8717;立ち向かう;4.96;たちむかう;Stand up;[462, 195];18;;vocab
8718;撤回;4.96;てっかい;withdrawal;[822, 630];23;;vocab
8719;君たち;4.96;きみたち;You guys;[1246];31;;vocab
8720;何もかも;4.96;なにもかも;Everything;[1087];27;;vocab
8721;積み重ねる;4.95;つみかさねる;Stack;[1663, 1805];43;;vocab
8722;税収;4.95;ぜいしゅう;tax yields;[961, 1628];39;;vocab
8723;レーニン;4.95;レーニン;Lenin;[];0;5;loanword
8724;まかせる;4.95;まかせる;Leave it to me;[];0;5;vocab
8725;小島;4.95;こじま;small island;[110, 2098];53;;vocab
8726;いむ;4.94;いむ;Imu;[];0;5;vocab
8727;処罰;4.94;しょばつ;punishment;[318, 896];25;;vocab
8728;グラウンド;4.94;グラウンド;Ground;[];0;5;loanword
8729;採取;4.94;さいしゅ;picking;[792, 882];25;;vocab
8730;と同時に;4.94;とどうじに;At the same time;[192, 171];9;;vocab
8731;義務づける;4.94;ぎむづける;obligate;[691, 1313];33;;vocab
8732;手書き;4.94;てがき;handwriting;[687, 349];23;;vocab
8733;フラ;4.94;フラ;Hula;[];0;5;loanword
8734;無理やり;4.94;むりやり;Forcefully;[1913, 283];46;;vocab
8735;ミネラル;4.94;ミネラル;mineral;[];0;5;loanword
8736;ピザ;4.94;ピザ;pizza;[];0;5;loanword
8737;甘える;4.94;あまえる;be spoiled;[1894];46;;vocab
8738;準決勝;4.94;じゅんけっしょう;Semifinals;[606, 1770, 1294];42;;vocab
8739;在籍;4.94;ざいせき;enrollment;[740, 1689];40;;vocab
8740;帰属;4.94;きぞく;belonging to;[1316, 2103];53;;vocab
8741;踏み出す;4.94;ふみだす;Take a step;[1381, 829];34;;vocab
8742;どる;4.94;どる;Doll;[];0;5;vocab
8743;集う;4.94;つどう;Gather;[601];21;;vocab
8744;経常;4.94;けいじょう;ordinary;[1460, 862];36;;vocab
8745;初頭;4.93;しょとう;beginning;[431, 1549];38;;vocab
8746;頼り;4.93;たより;Reliance;[1794];43;;vocab
8747;申込む;4.93;もうしこむ;Apply;[1198, 843];30;;vocab
8748;レール;4.93;レール;rail;[];0;5;loanword
8749;ざっと;4.93;ざっと;Roughly;[];0;5;vocab
8750;覚え;4.93;おぼえ;Remember;[347];15;;vocab
8751;ゆえに;4.93;ゆえに;Therefore;[];0;5;vocab
8752;冷める;4.93;さめる;cool down;[1506];37;;vocab
8753;法学部;4.93;ほうがくぶ;Faculty of Law;[813, 346, 1988];49;;vocab
8754;東部;4.93;とうぶ;eastern part;[543, 1988];49;;vocab
8755;巨額;4.93;きょがく;great sum;[920, 316];25;;vocab
8756;切断;4.92;せつだん;cutting;[89, 1218];31;;vocab
8757;罰則;4.92;ばっそく;punishment;[896, 92];25;;vocab
8758;インデックス;4.92;インデックス;index;[];0;5;loanword
8759;嫌がる;4.92;いやがる;dislike;[1724];41;;vocab
8760;内心;4.92;ないしん;innermost thoughts;[1095, 639];27;;vocab
8761;成す;4.92;なす;accomplish;[386];16;;vocab
8762;尊厳;4.92;そんげん;dignity;[1547, 2086];53;;vocab
8763;校舎;4.92;こうしゃ;school building;[1371, 338];34;;vocab
8764;ばれる;4.92;ばれる;be found out;[];0;5;vocab
8765;猪瀬;4.92;いのせ;Inose;[1352, 1795];43;;vocab
8766;ドライ;4.92;ドライ;dry;[];0;5;loanword
8767;敗退;4.92;はいたい;being defeated;[353, 1575];38;;vocab
8768;さわやか;4.92;さわやか;Refreshing;[];0;5;vocab
8769;地形;4.92;ちけい;terrain;[554, 1847];45;;vocab
8770;静;4.92;せい;Silence;[1660];40;;vocab
8771;和歌山;4.91;わかやま;Wakayama;[963, 508, 830];26;;vocab
8772;大野;4.91;おおの;Ohno;[112, 1722];41;;vocab
8773;不祥事;4.91;ふしょうじ;scandal;[1302, 1169, 1240];32;;vocab
8774;張;4.91;ちょう;Zhang;[2071];52;;vocab
8775;目玉;4.91;めだま;eyeball;[15, 272];12;;vocab
8776;起因;4.91;きいん;cause;[565, 626];22;;vocab
8777;ネガティブ;4.91;ネガティブ;Negative;[];0;5;loanword
8778;絆;4.9;きずな;bond;[9999];99;;vocab
8779;プレート;4.9;プレート;plate;[];0;5;loanword
8780;南京;4.9;なんきん;Nanjing;[1740, 334];41;;vocab
8781;カエル;4.9;カエル;Frog;[];0;5;loanword
8782;暗示;4.9;あんじ;hint;[519, 1167];30;;vocab
8783;女子高;4.9;じょしこう;girls' high school;[102, 99, 329];14;;vocab
8784;レモン;4.9;レモン;lemon;[];0;5;loanword
8785;規律;4.9;きりつ;order;[904, 939];25;;vocab
8786;見当;4.9;けんとう;aim;[61, 1236];31;;vocab
8787;女房;4.9;にょうぼう;wife;[102, 1159];29;;vocab
8788;優雅;4.9;ゆうが;elegance;[1068, 2056];52;;vocab
8789;留める;4.9;とめる;stop;[1527];37;;vocab
8790;敵対;4.9;てきたい;hostility;[475, 1862];45;;vocab
8791;シドニー;4.9;シドニー;Sydney;[];0;5;loanword
8792;聴ける;4.9;きける;Listen;[890];25;;vocab
8793;ヒアリング;4.9;ヒアリング;Hearing;[];0;5;loanword
8794;気持ちいい;4.9;きもちいい;Feels good;[2030, 712];51;;vocab
8795;おわる;4.9;おわる;End;[];0;5;vocab
8796;償還;4.9;しょうかん;repayment;[1060, 900];27;;vocab
8797;スリ;4.89;スリ;pickpocket;[];0;5;loanword
8798;驚かす;4.89;おどろかす;surprise;[2141];54;;vocab
8799;ぽん;4.89;ぽん;Pon;[];0;5;vocab
8800;全日本;4.89;ぜんにほん;All Japan;[281, 12, 224];12;;vocab
8801;帰り道;4.89;かえりみち;On the way home;[1316, 295];33;;vocab
8802;つとめる;4.89;つとめる;serve;[];0;5;vocab
8803;バレエ;4.89;バレエ;ballet;[];0;5;loanword
8804;町内;4.88;ちょうない;neighborhood;[96, 1095];27;;vocab
8805;ほほ;4.88;ほほ;cheek;[];0;5;vocab
8806;写す;4.88;うつす;Photograph;[1336];33;;vocab
8807;昇る;4.88;のぼる;Rise;[43];3;;vocab
8808;税務;4.88;ぜいむ;taxation business;[961, 1313];33;;vocab
8809;工法;4.88;こうほう;method of construction;[80, 813];23;;vocab
8810;デメリット;4.88;デメリット;Disadvantages;[];0;5;loanword
8811;肖像;4.88;しょうぞう;portrait;[119, 2131];53;;vocab
8812;もも;4.88;もも;peach;[];0;5;vocab
8813;知らす;4.88;しらす;inform;[1308];33;;vocab
8814;外食;4.88;がいしょく;eating out;[116, 1582];38;;vocab
8815;モーター;4.88;モーター;motor;[];0;5;loanword
8816;クリス;4.88;クリス;Chris;[];0;5;loanword
8817;キープ;4.88;キープ;keep;[];0;5;loanword
8818;奏者;4.88;そうしゃ;instrumentalist;[1693, 1345];40;;vocab
8819;所見;4.88;しょけん;view;[1208, 61];31;;vocab
8820;区間;4.88;くかん;section;[1831, 1747];44;;vocab
8821;ハンガリー;4.88;ハンガリー;Hungary;[];0;5;loanword
8822;浮かび上がる;4.88;うかびあがる;emerge;[787, 50];23;;vocab
8823;うま;4.87;うま;horse;[];0;5;vocab
8824;解剖;4.87;かいぼう;dissection;[1955, 517];48;;vocab
8825;威力;4.87;いりょく;power;[389, 922];25;;vocab
8826;永;4.87;えい;Eternal;[139];8;;vocab
8827;異論;4.87;いろん;different opinion;[1936, 1961];48;;vocab
8828;ビジネスマン;4.87;ビジネスマン;businessman;[];0;5;loanword
8829;ビートルズ;4.87;ビートルズ;the beatles;[];0;5;loanword
8830;翌;4.87;よく;Next day;[617];21;;vocab
8831;儲け;4.87;もうけ;profit;[9999];99;;vocab
8832;市街;4.86;しがい;urban areas;[440, 955];25;;vocab
8833;持ち歩く;4.86;もちあるく;carry;[712, 397];23;;vocab
8834;飾り;4.86;かざり;decoration;[1587];38;;vocab
8835;肥満;4.86;ひまん;corpulence;[1893, 1253];45;;vocab
8836;恵;4.86;めぐみ;Megumi;[659];22;;vocab
8837;人事院;4.86;じんじいん;National Personnel Authority;[1023, 1240, 1401];35;;vocab
8838;拳;4.86;こぶし;fist;[1290];32;;vocab
8839;キャベツ;4.86;キャベツ;cabbage;[];0;5;loanword
8840;エキサイト;4.86;エキサイト;Excite;[];0;5;loanword
8841;深;4.86;ふか;deep;[1426];35;;vocab
8842;らっしゃる;4.85;らっしゃる;Rashal;[];0;5;vocab
8843;余分;4.85;よぶん;extra;[1786, 844];43;;vocab
8844;無難;4.85;ぶなん;safety;[1913, 1703];46;;vocab
8845;転;4.85;てん;Transfer;[449];18;;vocab
8846;成し遂げる;4.85;なしとげる;achieve;[386, 579];21;;vocab
8847;一晩;4.85;いちばん;one night;[1, 2128];53;;vocab
8848;断定;4.85;だんてい;conclusion;[1218, 408];31;;vocab
8849;誉める;4.85;ほめる;praise;[2089];53;;vocab
8850;たがる;4.85;たがる;Auxiliary;[];0;;morpheme
8851;ドラえもん;4.85;どらえもん;Doraemon;[];0;5;vocab
8852;帰れる;4.85;かえれる;I can go home;[1316];33;;vocab
8853;銀河;4.85;ぎんが;Milky Way;[1569, 157];38;;vocab
8854;昭;4.84;あきら;Akira;[91];5;;vocab
8855;現す;4.84;あらわす;reveal;[275];12;;vocab
8856;満開;4.84;まんかい;full bloom;[1253, 1750];42;;vocab
8857;野外;4.84;やがい;outdoors;[1722, 116];41;;vocab
8858;こん;4.84;こん;dark blue;[];0;5;vocab
8859;妖精;4.84;ようせい;fairy;[458, 1655];40;;vocab
8860;薦める;4.84;すすめる;recommend;[2156];54;;vocab
8861;片;4.84;へん;Piece;[1297];32;;vocab
8862;爽やか;4.84;さわやか;refreshing;[1608];39;;vocab
8863;薄;4.84;すすき;Thin;[242];10;;vocab
8864;追放;4.84;ついほう;exile;[1359, 535];34;;vocab
8865;高田;4.84;たかだ;Takada;[329, 14];14;;vocab
8866;探求;4.84;たんきゅう;quest;[1425, 1004];35;;vocab
8867;加算;4.84;かさん;addition;[932, 1017];26;;vocab
8868;運動会;4.83;うんどうかい;Sports day;[325, 1806, 814];43;;vocab
8869;便り;4.83;たより;news;[1066];27;;vocab
8870;真っ白;4.83;まっしろ;pure white;[79, 37];5;;vocab
8871;湘南;4.83;しょうなん;Shonan;[9999, 1740];99;;vocab
8872;農林省;4.83;のうりんしょう;Ministry of Agriculture and Forestry;[2170, 208, 131];55;;vocab
8873;家内;4.83;かない;wife;[580, 1095];27;;vocab
8874;博多;4.83;はかた;Hakata;[48, 113];7;;vocab
8875;ぬる;4.83;ぬる;lukewarm;[];0;5;vocab
8876;プログラマ;4.83;プログラマ;programmer;[];0;5;loanword
8877;扶助;4.83;ふじょ;aid;[902, 1921];47;;vocab
8878;取組;4.83;とりくみ;bout;[882, 1914];47;;vocab
8879;格闘技;4.83;かくとうぎ;Martial Arts;[312, 1757, 769];42;;vocab
8880;声優;4.83;せいゆう;voice actor or actress;[2044, 1068];51;;vocab
8881;出回る;4.83;でまわる;circulate;[829, 630];24;;vocab
8882;冷やす;4.82;ひやす;cool;[1506];37;;vocab
8883;華やか;4.82;はなやか;gorgeous;[1704];40;;vocab
8884;リーディング;4.82;リーディング;reading;[];0;5;loanword
8885;ナショナリズム;4.82;ナショナリズム;nationalism;[];0;5;loanword
8886;プラザ;4.82;プラザ;Plaza;[];0;5;loanword
8887;墓地;4.82;ぼち;cemetery;[246, 554];21;;vocab
8888;強行;4.82;きょうこう;forcing;[1321, 938];33;;vocab
8889;絶える;4.82;たえる;End;[1891];45;;vocab
8890;近づける;4.82;ちかづける;Get closer;[1210];31;;vocab
8891;忍耐;4.82;にんたい;endurance;[642, 1248];31;;vocab
8892;風水;4.82;ふうすい;Chinese geomancy;[563, 137];21;;vocab
8893;けっして;4.82;けっして;Never;[];0;2;vocab
8894;月額;4.82;げつがく;monthly amount;[13, 316];13;;vocab
8895;無関心;4.82;むかんしん;indifference;[1913, 2173, 639];55;;vocab
8896;御礼;4.82;おれい;thanks;[1500, 1168];37;;vocab
8897;シアター;4.82;シアター;Theater;[];0;5;loanword
8898;回戦;4.82;かいせん;match;[630, 2079];53;;vocab
8899;ドリーム;4.82;ドリーム;Dream;[];0;5;loanword
8900;スキャン;4.82;スキャン;scan;[];0;5;loanword
8901;作物;4.81;さくもつ;produce;[1224, 1129];31;;vocab
8902;団地;4.81;だんち;multi-unit apartments;[625, 554];22;;vocab
8903;褒美;4.81;ほうび;reward;[1073, 587];27;;vocab
8904;枯れる;4.81;かれる;wither;[219];10;;vocab
8905;濃厚;4.81;のうこう;density;[2171, 132];55;;vocab
8906;有権者;4.81;ゆうけんしゃ;voters;[83, 613, 1345];34;;vocab
8907;積み上げる;4.81;つみあげる;stack up;[1663, 50];40;;vocab
8908;受容;4.81;じゅよう;reception;[794, 853];24;;vocab
8909;採決;4.8;さいけつ;vote;[792, 1770];42;;vocab
8910;無用;4.8;むよう;useless;[1913, 1265];46;;vocab
8911;駆る;4.8;かる;Drive;[2137];54;;vocab
8912;上流;4.8;じょうりゅう;upper stream;[50, 826];23;;vocab
8913;拭く;4.8;ふく;wipe;[695];23;;vocab
8914;カタカナ;4.8;カタカナ;Katakana;[];0;5;loanword
8915;鳥取;4.8;とっとり;Tottori;[2091, 882];53;;vocab
8916;電圧;4.8;でんあつ;voltage;[574, 163];21;;vocab
8917;逃げ出す;4.8;にげだす;Run away;[301, 829];24;;vocab
8918;パラメータ;4.79;パラメータ;Parameters;[];0;5;loanword
8919;自民;4.79;じみん;LDP;[36, 1976];49;;vocab
8920;でかける;4.79;でかける;Go out;[];0;5;vocab
8921;シネマ;4.79;シネマ;cinema;[];0;5;loanword
8922;線路;4.79;せんろ;line;[1438, 1376];36;;vocab
8923;催す;4.79;もよおす;hold;[1062];27;;vocab
8924;サーフィン;4.79;サーフィン;surfing;[];0;5;loanword
8925;納豆;4.79;なっとう;natto;[1456, 1548];38;;vocab
8926;マネ;4.79;マネ;Money;[];0;5;loanword
8927;配送;4.79;はいそう;delivery;[1544, 2172];55;;vocab
8928;食器;4.79;しょっき;tableware;[1582, 127];38;;vocab
8929;最高裁判所;4.79;さいこうさいばんしょ;supreme court;[884, 329, 424, 1289, 1208];32;;vocab
8930;遠征;4.79;えんせい;expedition;[429, 946];25;;vocab
8931;積もる;4.79;つもる;pile up;[1663];40;;vocab
8932;トピックス;4.79;トピックス;Topics;[];0;5;loanword
8933;つぶれる;4.79;つぶれる;collapse;[];0;5;vocab
8934;ライス;4.79;ライス;rice;[];0;5;loanword
8935;ビラ;4.78;ビラ;flyer;[];0;5;loanword
8936;手足;4.78;てあし;one's hands and feet;[687, 1372];34;;vocab
8937;ウィリアム;4.78;ウィリアム;William;[];0;5;loanword
8938;回想;4.78;かいそう;reflection;[630, 656];22;;vocab
8939;めったに;4.78;めったに;Rarely;[];0;5;vocab
8940;ただただ;4.78;ただただ;simply;[];0;5;vocab
8941;芸人;4.78;げいにん;player;[450, 1023];27;;vocab
8942;愉快;4.78;ゆかい;pleasant;[675, 1771];42;;vocab
8943;やす;4.78;やす;Yasu;[];0;5;vocab
8944;シャンプー;4.78;シャンプー;shampoo;[];0;5;loanword
8945;越し;4.78;こし;Over;[413];17;;vocab
8946;盾;4.78;たて;shield;[1997];50;;vocab
8947;名曲;4.78;めいきょく;famous music;[117, 1256];31;;vocab
8948;カレッジ;4.77;カレッジ;College;[];0;5;loanword
8949;図式;4.77;ずしき;diagram;[1264, 377];31;;vocab
8950;詰め;4.77;つめ;Checkmate;[367];15;;vocab
8951;接客;4.77;せっきゃく;serving customers;[725, 315];23;;vocab
8952;唄;4.77;うた;song;[57];4;;vocab
8953;徳島;4.77;とくしま;Tokushima;[950, 2098];53;;vocab
8954;懸命;4.77;けんめい;eagerness;[1495, 1502];37;;vocab
8955;薫;4.77;かおる;Kaoru;[1812];43;;vocab
8956;なんらかの;4.77;なんらかの;Some kind of;[];0;5;vocab
8957;喰う;4.77;くう;Eat;[9999];99;;vocab
8958;併用;4.77;へいよう;using together;[1107, 1265];31;;vocab
8959;平凡;4.77;へいぼん;common;[1596, 66];39;;vocab
8960;働きかける;4.77;はたらきかける;Work;[1809];43;;vocab
8961;わる;4.77;わる;Bad;[];0;5;vocab
8962;時価;4.76;じか;current value;[171, 1729];41;;vocab
8963;少い;4.76;すくない;Few;[111];7;;vocab
8964;刺身;4.76;さしみ;sashimi;[446, 1337];34;;vocab
8965;下降;4.76;かこう;downward;[51, 1405];35;;vocab
8966;ピラミッド;4.76;ピラミッド;pyramid;[];0;5;loanword
8967;仮名;4.76;かめい;alias;[1039, 117];27;;vocab
8968;インテル;4.76;インテル;Intel;[];0;5;loanword
8969;タコ;4.76;タコ;Octopus;[];0;5;loanword
8970;ロイヤル;4.76;ロイヤル;Royal;[];0;5;loanword
8971;面す;4.76;めんす;facing;[2039];51;;vocab
8972;ぞう;4.75;ぞう;elephant;[];0;5;vocab
8973;レーベル;4.75;レーベル;Label;[];0;5;loanword
8974;政治家;4.75;せいじか;politician;[407, 807, 580];23;;vocab
8975;戦犯;4.75;せんぱん;war criminal;[2079, 1517];53;;vocab
8976;評;4.75;ひょう;Review;[1599];39;;vocab
8977;デッキ;4.75;デッキ;deck;[];0;5;loanword
8978;リース;4.75;リース;lease;[];0;5;loanword
8979;彩;4.75;いろどり;Aya;[1850];45;;vocab
8980;翌朝;4.75;よくあさ;the next morning;[617, 53];21;;vocab
8981;迄;4.75;まで;Until;[9999];99;;vocab
8982;詰;4.75;つめ;Checkmate;[367];15;;vocab
8983;改修;4.75;かいしゅう;repair;[567, 1858];45;;vocab
8984;遠隔;4.75;えんかく;distant;[429, 1409];35;;vocab
8985;拠出;4.74;きょしゅつ;donation;[722, 829];24;;vocab
8986;考古学;4.74;こうこがく;archeology;[1341, 16, 346];34;;vocab
8987;危惧;4.74;きぐ;apprehensions;[1520, 680];37;;vocab
8988;純正;4.74;じゅんせい;genuine;[1609, 405];39;;vocab
8989;コス;4.74;コス;Costume;[];0;5;loanword
8990;蛙;4.74;かえる;frog;[9999];99;;vocab
8991;上旬;4.74;じょうじゅん;first 10 days of month;[50, 71];4;;vocab
8992;大家;4.73;おおや;landlord;[112, 580];21;;vocab
8993;入金;4.73;にゅうきん;deposit;[842, 287];24;;vocab
8994;粒子;4.73;りゅうし;particle;[990, 99];26;;vocab
8995;わがまま;4.73;わがまま;Selfish;[];0;5;vocab
8996;転ぶ;4.73;ころぶ;fall;[449];18;;vocab
8997;閉店;4.73;へいてん;closing up shop;[1751, 632];42;;vocab
8998;百貨店;4.73;ひゃっかてん;department store;[38, 1085, 632];27;;vocab
8999;官邸;4.73;かんてい;official residence;[1363, 1984];49;;vocab
9000;悟る;4.73;さとる;realize;[669];22;;vocab
9001;たびたび;4.73;たびたび;frequently;[];0;5;vocab
9002;不完全;4.73;ふかんぜん;incomplete;[1302, 199, 281];32;;vocab
9003;そいつ;4.73;そいつ;That guy;[];0;5;vocab
9004;配備;4.73;はいび;deploy;[1544, 1267];38;;vocab
9005;パチ;4.73;パチ;Pachi;[];0;5;loanword
9006;やけど;4.73;やけど;Burns;[];0;5;vocab
9007;閉まる;4.72;しまる;Close;[1751];42;;vocab
9008;クッキー;4.72;クッキー;cookie;[];0;5;loanword
9009;善意;4.72;ぜんい;virtuous mind;[1112, 654];28;;vocab
9010;函;4.72;はこ;box;[2051];51;;vocab
9011;予め;4.72;あらかじめ;in advance;[1719];41;;vocab
9012;聡;4.72;さとし;Satoshi;[9999];99;;vocab
9013;日の丸;4.72;ひのまる;Japanese flag;[12, 44];3;;vocab
9014;ミラノ;4.71;ミラノ;Milan;[];0;5;loanword
9015;馬券;4.71;ばけん;betting ticket;[2132, 1291];54;;vocab
9016;礼;4.71;れい;Rei;[1168];30;;vocab
9017;綿;4.71;めん;cotton;[1467];36;;vocab
9018;万が一;4.71;まんがいち;In case;[68, 1];4;;vocab
9019;若年;4.71;じゃくねん;youth;[237, 1114];28;;vocab
9020;命題;4.71;めいだい;proposition;[1502, 415];37;;vocab
9021;湿る;4.71;しめる;moist;[1927];47;;vocab
9022;ハッカー;4.71;ハッカー;hacker;[];0;5;loanword
9023;先程;4.71;さきほど;some time ago;[263, 960];26;;vocab
9024;広範;4.7;こうはん;wide;[799, 1516];37;;vocab
9025;価;4.7;あたい;Price;[1729];41;;vocab
9026;民家;4.7;みんか;private house;[1976, 580];49;;vocab
9027;松山;4.7;まつやま;Matsuyama;[848, 830];24;;vocab
9028;っきり;4.7;っきり;Clearly;[];0;5;vocab
9029;プロセッサ;4.7;プロセッサ;Processor;[];0;5;loanword
9030;精;4.7;せい;spirit;[1655];40;;vocab
9031;焼肉;4.7;やきにく;yakiniku;[1284, 1098];32;;vocab
9032;法学;4.69;ほうがく;law;[813, 346];23;;vocab
9033;狂気;4.69;きょうき;madness;[277, 2030];51;;vocab
9034;洞;4.69;ほら;cave;[193];9;;vocab
9035;ゴールデン;4.69;ゴールデン;Golden;[];0;5;loanword
9036;暗闇;4.69;くらやみ;darkness;[519, 1748];42;;vocab
9037;筆頭;4.69;ひっとう;brush tip;[1014, 1549];38;;vocab
9038;創価学会;4.69;そうかがっかい;Soka Gakkai;[1759, 1729, 346, 814];42;;vocab
9039;レコーダー;4.69;レコーダー;recorder;[];0;5;loanword
9040;撮れる;4.69;とれる;Can be taken;[885];25;;vocab
9041;水槽;4.68;すいそう;water tank;[137, 1260];31;;vocab
9042;返品;4.68;へんぴん;returned goods;[782, 23];23;;vocab
9043;採算;4.68;さいさん;profit;[792, 1017];26;;vocab
9044;籠;4.68;かご;basket;[9999];99;;vocab
9045;押しつける;4.68;おしつける;push;[1195];30;;vocab
9046;フラン;4.68;フラン;Fran;[];0;5;loanword
9047;上院;4.68;じょういん;Senate;[50, 1401];35;;vocab
9048;焼;4.68;やき;Grilled;[1284];32;;vocab
9049;暗記;4.68;あんき;memorization;[519, 568];21;;vocab
9050;いくらか;4.68;いくらか;How much;[];0;5;vocab
9051;爆破;4.68;ばくは;destructive blast;[1942, 869];47;;vocab
9052;出動;4.68;しゅつどう;sailing;[829, 1806];43;;vocab
9053;ソフトウエア;4.68;ソフトウエア;Software;[];0;5;loanword
9054;動揺;4.68;どうよう;shaking;[1806, 2118];53;;vocab
9055;結城;4.68;ゆうき;Yuki;[1451, 387];36;;vocab
9056;音源;4.68;おんげん;sound source;[518, 153];19;;vocab
9057;銅;4.68;どう;copper;[290];12;;vocab
9058;ピアニスト;4.67;ピアニスト;pianist;[];0;5;loanword
9059;着陸;4.67;ちゃくりく;landing;[594, 1631];39;;vocab
9060;捏造;4.67;ねつぞう;fabrication;[9999, 299];99;;vocab
9061;星野;4.67;ほしの;Hoshino;[1676, 1722];41;;vocab
9062;耐久;4.67;たいきゅう;endurance;[1248, 1092];31;;vocab
9063;資材;4.67;しざい;material;[512, 738];23;;vocab
9064;講;4.67;こう;Lecture;[1957];48;;vocab
9065;無力;4.67;むりょく;powerlessness;[1913, 922];46;;vocab
9066;教諭;4.67;きょうゆ;teacher;[1343, 376];34;;vocab
9067;みかん;4.67;みかん;mandarin orange;[];0;5;vocab
9068;小道具;4.67;こどうぐ;Props;[110, 295, 78];13;;vocab
9069;ネクタイ;4.67;ネクタイ;tie;[];0;5;loanword
9070;お宅;4.67;おたく;Your house;[2065];52;;vocab
9071;もち;4.67;もち;rice cake;[];0;5;vocab
9072;強要;4.67;きょうよう;coercion;[1321, 1730];41;;vocab
9073;名人;4.67;めいじん;master;[117, 1023];27;;vocab
9074;言説;4.67;げんせつ;remark;[357, 538];19;;vocab
9075;大工;4.66;だいく;carpenter;[112, 80];7;;vocab
9076;差し上げる;4.66;さしあげる;give;[593, 50];21;;vocab
9077;いっそ;4.66;いっそ;Or better yet;[];0;5;vocab
9078;ナノ;4.66;ナノ;Nano;[];0;5;loanword
9079;はん;4.66;はん;Han;[];0;5;vocab
9080;内訳;4.66;うちわけ;itemization;[1095, 1154];29;;vocab
9081;室長;4.66;しつちょう;section chief;[816, 2070];52;;vocab
9082;わん;4.66;わん;Woof;[];0;5;vocab
9083;アトピー;4.66;アトピー;Atopic dermatitis;[];0;5;loanword
9084;浜松;4.65;はままつ;Hamamatsu;[1430, 848];35;;vocab
9085;投じる;4.65;とうじる;cast;[762];23;;vocab
9086;吉川;4.65;よしかわ;Yoshikawa;[342, 134];14;;vocab
9087;救出;4.65;きゅうしゅつ;rescue;[1006, 829];26;;vocab
9088;財務省;4.65;ざいむしょう;Ministry of Finance;[737, 1313, 131];33;;vocab
9089;着替える;4.65;きがえる;Change clothes;[594, 905];25;;vocab
9090;お正月;4.65;おしょうがつ;New Year's;[405, 13];17;;vocab
9091;超越;4.65;ちょうえつ;transcendence;[411, 413];17;;vocab
9092;亡命;4.65;ぼうめい;flight from one's country;[524, 1502];37;;vocab
9093;足跡;4.65;あしあと;footprints;[1372, 1883];45;;vocab
9094;優良;4.65;ゆうりょう;superior;[1068, 1578];38;;vocab
9095;ウォール;4.65;ウォール;Wall;[];0;5;loanword
9096;預言;4.65;よげん;prediction;[1721, 357];41;;vocab
9097;マレー;4.65;マレー;Murray;[];0;5;loanword
9098;言い分;4.65;いいぶん;argument;[357, 844];24;;vocab
9099;薔薇;4.65;ばら;rose;[9999, 9999];99;;vocab
9100;名付ける;4.65;なづける;Name;[117, 1075];27;;vocab
9101;昆虫;4.64;こんちゅう;insect;[483, 556];21;;vocab
9102;作動;4.64;さどう;operation;[1224, 1806];43;;vocab
9103;映し出す;4.64;うつしだす;project;[1879, 829];45;;vocab
9104;水素;4.64;すいそ;hydrogen;[137, 1652];40;;vocab
9105;わぁ;4.64;わぁ;Wow;[];0;5;vocab
9106;婚約;4.64;こんやく;engagement;[1972, 1462];49;;vocab
9107;まじ;4.64;まじ;Seriously;[];0;5;vocab
9108;コップ;4.64;コップ;cup;[];0;5;loanword
9109;岡崎;4.64;おかざき;Okazaki;[2112, 840];53;;vocab
9110;撒く;4.64;まく;Spread;[9999];99;;vocab
9111;フセイン;4.64;フセイン;Hussein;[];0;5;loanword
9112;活気;4.64;かっき;energy;[154, 2030];51;;vocab
9113;製薬;4.64;せいやく;medicine manufacture;[448, 1873];45;;vocab
9114;思い出せる;4.64;おもいだせる;I can remember;[651, 829];24;;vocab
9115;ループ;4.63;ループ;loop;[];0;5;loanword
9116;接種;4.63;せっしゅ;inoculation;[725, 1810];43;;vocab
9117;仕上がる;4.63;しあがる;Finished;[1033, 50];27;;vocab
9118;エール;4.63;エール;Ale;[];0;5;loanword
9119;オウム;4.63;オウム;Parrot;[];0;5;loanword
9120;カルト;4.63;カルト;cult;[];0;5;loanword
9121;込;4.62;こみ;Included;[843];24;;vocab
9122;伝道;4.62;でんどう;proselytizing;[1036, 295];27;;vocab
9123;延ばす;4.62;のばす;extend;[419];17;;vocab
9124;悲鳴;4.62;ひめい;shriek;[1763, 2092];53;;vocab
9125;乾杯;4.62;かんぱい;toast;[502, 1304];32;;vocab
9126;不適切;4.62;ふてきせつ;Inappropriate;[1302, 473, 89];32;;vocab
9127;総研;4.62;そうけん;general research;[1466, 729];36;;vocab
9128;味付け;4.62;あじつけ;Seasoning;[233, 1075];27;;vocab
9129;口コミ;4.62;くちこみ;Reviews;[11];1;;vocab
9130;ぐっと;4.62;ぐっと;much;[];0;5;vocab
9131;フレンチ;4.62;フレンチ;French;[];0;5;loanword
9132;宜しく;4.62;よろしく;Best regards;[1922];47;;vocab
9133;アラビア;4.62;アラビア;Arabia;[];0;5;loanword
9134;さく;4.62;さく;fence;[];0;5;vocab
9135;商社;4.62;しょうしゃ;trading company;[471, 1173];30;;vocab
9136;本題;4.62;ほんだい;main question;[224, 415];17;;vocab
9137;暴動;4.61;ぼうどう;insurrection;[1941, 1806];47;;vocab
9138;わっ;4.61;わっ;Wow;[];0;5;vocab
9139;艇;4.61;てい;boat;[2021];50;;vocab
9140;短;4.61;たん;short;[1550];38;;vocab
9141;赴任;4.61;ふにん;moving to a different location to start a new job;[412, 1078];27;;vocab
9142;ティッシュ;4.61;ティッシュ;tissue;[];0;5;loanword
9143;地価;4.61;ちか;the price of land;[554, 1729];41;;vocab
9144;ダイナミック;4.61;ダイナミック;dynamic;[];0;5;loanword
9145;損傷;4.61;そんしょう;damage;[719, 1071];27;;vocab
9146;ゲイツ;4.61;ゲイツ;Gates;[];0;5;loanword
9147;カラス;4.61;カラス;Crow;[];0;5;loanword
9148;おばあさん;4.61;おばあさん;Granny;[];0;5;vocab
9149;つと;4.6;つと;Tsuto;[];0;5;vocab
9150;選抜;4.6;せんばつ;selection;[1944, 761];47;;vocab
9151;大橋;4.6;おおはし;Ohashi;[112, 460];18;;vocab
9152;空白;4.6;くうはく;blank space;[1414, 37];35;;vocab
9153;片山;4.6;かたやま;Katayama;[1297, 830];32;;vocab
9154;ピッタリ;4.6;ピッタリ;Perfect fit;[];0;5;loanword
9155;キムチ;4.6;キムチ;Kimchi;[];0;5;loanword
9156;脱却;4.6;だっきゃく;ridding oneself;[537, 1497];37;;vocab
9157;余儀ない;4.6;よぎない;unavoidable;[1786, 1059];43;;vocab
9158;カギ;4.6;カギ;Key;[];0;5;loanword
9159;オリーブ;4.6;オリーブ;olive;[];0;5;loanword
9160;部数;4.6;ぶすう;no. of copies;[1988, 998];49;;vocab
9161;多摩;4.6;たま;Tama;[113, 689];23;;vocab
9162;ムダ;4.6;ムダ;waste;[];0;5;loanword
9163;薬局;4.6;やっきょく;pharmacy;[1873, 1147];45;;vocab
9164;早稲田;4.59;わせだ;Waseda;[26, 976, 14];26;;vocab
9165;救急車;4.59;きゅうきゅうしゃ;ambulance;[1006, 1229, 304];31;;vocab
9166;ちょい;4.59;ちょい;A little;[];0;5;vocab
9167;理系;4.59;りけい;science;[283, 1492];36;;vocab
9168;離れ;4.59;はなれ;Annex;[1605];39;;vocab
9169;枕;4.59;まくら;pillow;[2034];51;;vocab
9170;攻め;4.59;せめ;Attack;[352];15;;vocab
9171;マクドナルド;4.59;マクドナルド;McDonald's;[];0;5;loanword
9172;リッチ;4.59;リッチ;rich;[];0;5;loanword
9173;無言;4.59;むごん;silence;[1913, 357];46;;vocab
9174;蝶;4.58;ちょう;butterfly;[560];21;;vocab
9175;いまさら;4.58;いまさら;Too late now;[];0;5;vocab
9176;試練;4.58;しれん;test;[378, 1443];36;;vocab
9177;歌声;4.58;うたごえ;singing voice;[508, 2044];51;;vocab
9178;ためらう;4.58;ためらう;hesitate;[];0;5;vocab
9179;初級;4.58;しょきゅう;elementary level;[431, 1453];36;;vocab
9180;免れる;4.58;まぬかれる;be spared;[2126];53;;vocab
9181;ざる;4.58;ざる;strainer;[];0;5;vocab
9182;失望;4.58;しつぼう;disappointment;[908, 528];25;;vocab
9183;生き生き;4.58;いきいき;Lively;[1675, 1675];40;;vocab
9184;院長;4.58;いんちょう;director;[1401, 2070];52;;vocab
9185;直行;4.58;ちょっこう;through;[77, 938];25;;vocab
9186;寛;4.58;ひろし;Hiroshi;[241];10;;vocab
9187;見舞い;4.58;みまい;Get-well wishes;[61, 1912];46;;vocab
9188;多用;4.58;たよう;busyness;[113, 1265];31;;vocab
9189;却下;4.58;きゃっか;rejection;[1497, 51];37;;vocab
9190;洞窟;4.58;どうくつ;cave;[193, 1420];35;;vocab
9191;それどころか;4.58;それどころか;on the contrary;[];0;5;vocab
9192;アナリスト;4.58;アナリスト;analyst;[];0;5;loanword
9193;細か;4.58;こまか;fine;[1463];36;;vocab
9194;ネーミング;4.58;ネーミング;naming;[];0;5;loanword
9195;零細;4.57;れいさい;insignificant;[1504, 1463];37;;vocab
9196;好く;4.57;よく;Like;[103];6;;vocab
9197;ハーフ;4.57;ハーフ;half;[];0;5;loanword
9198;みつける;4.57;みつける;Find;[];0;5;vocab
9199;走り回る;4.57;はしりまわる;run around;[410, 630];22;;vocab
9200;張り;4.57;はり;tension;[2071];52;;vocab
9201;類型;4.57;るいけい;type;[1000, 735];26;;vocab
9202;抜け出す;4.57;ぬけだす;Get out;[761, 829];24;;vocab
9203;昼休み;4.56;ひるやすみ;lunch break;[1156, 1038];29;;vocab
9204;消耗;4.56;しょうもう;exhaustion;[155, 2063];52;;vocab
9205;撤廃;4.56;てっぱい;annulment;[822, 1841];44;;vocab
9206;即す;4.56;そくす;Immediately;[1572];38;;vocab
9207;仰る;4.56;おっしゃる;say;[1836];44;;vocab
9208;たら;4.56;たら;Conditional particle;[];0;;morpheme
9209;畜産;4.56;ちくさん;animal husbandry;[1485, 1681];40;;vocab
9210;利権;4.56;りけん;interest;[972, 613];26;;vocab
9211;スルー;4.56;スルー;Through;[];0;5;loanword
9212;啓蒙;4.56;けいもう;enlightenment;[1166, 9999];99;;vocab
9213;曜日;4.56;ようび;day of the week;[618, 12];21;;vocab
9214;弾力;4.56;だんりょく;elasticity;[2081, 922];53;;vocab
9215;全開;4.56;ぜんかい;opening fully;[281, 1750];42;;vocab
9216;厄介;4.56;やっかい;trouble;[1519, 265];37;;vocab
9217;熊谷;4.56;くまがい;Kumagaya;[2159, 851];54;;vocab
9218;エンターテイメント;4.56;エンターテイメント;Entertainment;[];0;5;loanword
9219;カ年;4.56;かねん;Year;[1114];28;;vocab
9220;またもや;4.55;またもや;Again;[];0;5;vocab
9221;ロープ;4.55;ロープ;rope;[];0;5;loanword
9222;近畿;4.55;きんき;Kinki;[1210, 1483];36;;vocab
9223;先方;4.55;せんぽう;companion;[263, 529];19;;vocab
9224;ストライキ;4.55;ストライキ;strike;[];0;5;loanword
9225;染める;4.55;そめる;dye;[548];20;;vocab
9226;響;4.55;ひびき;sound;[1994];49;;vocab
9227;フィルタ;4.55;フィルタ;filter;[];0;5;loanword
9228;ミン;4.55;ミン;Min;[];0;5;loanword
9229;山梨;4.55;やまなし;Yamanashi;[830, 973];26;;vocab
9230;柴田;4.55;しばた;Shibata;[9999, 14];99;;vocab
9231;イブ;4.55;イブ;Eve;[];0;5;loanword
9232;ディナー;4.55;ディナー;dinner;[];0;5;loanword
9233;こないだ;4.55;こないだ;The other day;[];0;5;vocab
9234;勘弁;4.55;かんべん;pardon;[1906, 803];46;;vocab
9235;頂上;4.54;ちょうじょう;top;[98, 50];5;;vocab
9236;お子様;4.54;おこさま;child;[99, 1003];26;;vocab
9237;思いやり;4.54;おもいやり;compassion;[651];22;;vocab
9238;海水;4.54;かいすい;ocean water;[500, 137];18;;vocab
9239;ウラン;4.54;ウラン;uranium;[];0;5;loanword
9240;いままで;4.54;いままで;until now;[];0;5;vocab
9241;地盤;4.54;じばん;ground;[554, 2017];50;;vocab
9242;世田谷;4.54;せたがや;Setagaya;[28, 14, 851];24;;vocab
9243;りんご;4.54;りんご;apple;[];0;5;vocab
9244;路地;4.54;ろじ;alley;[1376, 554];34;;vocab
9245;ディーラー;4.54;ディーラー;dealer;[];0;5;loanword
9246;ならびに;4.54;ならびに;and;[];0;5;vocab
9247;なめる;4.54;なめる;Lick;[];0;5;vocab
9248;事後;4.54;じご;after-;[1240, 1479];36;;vocab
9249;バイオリン;4.54;バイオリン;violin;[];0;5;loanword
9250;未定;4.53;みてい;not yet fixed;[229, 408];17;;vocab
9251;くくる;4.53;くくる;Kukuru;[];0;5;vocab
9252;盛り上がり;4.53;もりあがり;Excitement;[1567, 50];38;;vocab
9253;リアリティ;4.53;リアリティ;reality;[];0;5;loanword
9254;パッチ;4.53;パッチ;patch;[];0;5;loanword
9255;キューバ;4.53;キューバ;Cuba;[];0;5;loanword
9256;紀行;4.53;きこう;traveller's journal;[1454, 938];36;;vocab
9257;揚げ;4.53;あげ;Fried;[717];23;;vocab
9258;受けとめる;4.52;うけとめる;Accept;[794];23;;vocab
9259;リマ;4.52;リマ;Lima;[];0;5;loanword
9260;享受;4.52;きょうじゅ;reception;[330, 794];23;;vocab
9261;喚起;4.52;かんき;arousal;[1121, 565];28;;vocab
9262;ベット;4.52;ベット;bet;[];0;5;loanword
9263;お花;4.52;おはな;Flowers;[1084];27;;vocab
9264;姉歯;4.52;あねは;Aneha;[442, 1255];31;;vocab
9265;スッキリ;4.52;スッキリ;Refreshing;[];0;5;loanword
9266;損益;4.52;そんえき;profit and loss;[719, 2026];51;;vocab
9267;殻;4.52;から;shell;[767];23;;vocab
9268;年上;4.52;としうえ;older;[1114, 50];28;;vocab
9269;森田;4.52;もりた;Morita;[209, 14];10;;vocab
9270;限;4.52;きり;Limited;[1576];38;;vocab
9271;町長;4.52;ちょうちょう;town headman;[96, 2070];52;;vocab
9272;潮;4.51;しお;tide;[152];8;;vocab
9273;集客;4.51;しゅうきゃく;attracting customers;[601, 315];21;;vocab
9274;カッコイイ;4.51;カッコイイ;Cool;[];0;5;loanword
9275;搭乗;4.51;とうじょう;embarkation;[698, 1709];40;;vocab
9276;居心地;4.51;いごこち;Comfort;[1143, 639, 554];29;;vocab
9277;流入;4.51;りゅうにゅう;afflux;[826, 842];24;;vocab
9278;失点;4.51;しってん;losing points;[908, 181];25;;vocab
9279;洗礼;4.51;せんれい;baptism;[264, 1168];30;;vocab
9280;東ティモール;4.51;ひがしてぃもーる;East Timor;[543];19;;vocab
9281;離脱;4.51;りだつ;withdrawal;[1605, 537];39;;vocab
9282;晃;4.51;あきら;Akira;[9999];99;;vocab
9283;網羅;4.51;もうら;comprising;[1473, 1442];36;;vocab
9284;おそれる;4.5;おそれる;Fear;[];0;5;vocab
9285;文言;4.5;もんごん;wording;[1861, 357];45;;vocab
9286;したう;4.5;したう;Let's do it;[];0;5;vocab
9287;裕;4.5;ひろし;Yutaka;[856];24;;vocab
9288;クルー;4.5;クルー;crew;[];0;5;loanword
9289;ネパール;4.5;ネパール;Nepal;[];0;5;loanword
9290;着せる;4.5;きせる;put on;[594];21;;vocab
9291;宮沢;4.5;みやざわ;Miyazawa;[1110, 1153];29;;vocab
9292;鶴;4.5;つる;crane;[2093];53;;vocab
9293;紙面;4.5;しめん;space;[1971, 2039];51;;vocab
9294;山中;4.5;さんちゅう;in the mountains;[830, 39];24;;vocab
9295;出世;4.5;しゅっせ;success in life;[829, 28];24;;vocab
9296;プリン;4.5;プリン;pudding;[];0;5;loanword
9297;倍増;4.49;ばいぞう;double;[1067, 541];27;;vocab
9298;飲酒;4.49;いんしゅ;drinking alcohol;[1584, 1535];38;;vocab
9299;リハーサル;4.49;リハーサル;rehearsal;[];0;5;loanword
9300;アタック;4.49;アタック;attack;[];0;5;loanword
9301;上品;4.49;じょうひん;elegant;[50, 23];3;;vocab
9302;カス;4.49;カス;Scum;[];0;5;loanword
9303;尋問;4.49;じんもん;cross-examination;[1228, 1744];42;;vocab
9304;繁殖;4.49;はんしょく;breed;[1435, 874];36;;vocab
9305;盗難;4.49;とうなん;theft;[1559, 1703];40;;vocab
9306;望;4.49;もち;Desire;[528];19;;vocab
9307;考;4.48;こう;Thoughts;[1341];34;;vocab
9308;先住民;4.48;せんじゅうみん;Indigenous people;[263, 1027, 1976];49;;vocab
9309;手持ち;4.48;てもち;Handheld;[687, 712];23;;vocab
9310;前編;4.48;ぜんぺん;first part;[309, 1966];48;;vocab
9311;パンク;4.48;パンク;punk;[];0;5;loanword
9312;乗り切る;4.48;のりきる;get through;[1709, 89];40;;vocab
9313;はずれる;4.48;はずれる;Disconnect;[];0;5;vocab
9314;愛国;4.48;あいこく;country;[796, 624];23;;vocab
9315;致命;4.48;ちめい;fatal;[818, 1502];37;;vocab
9316;蘭;4.48;らん;Orchid;[9999];99;;vocab
9317;カジノ;4.48;カジノ;casino;[];0;5;loanword
9318;まき;4.48;まき;Maki;[];0;5;vocab
9319;ようこそ;4.48;ようこそ;welcome;[];0;5;vocab
9320;レーザ;4.48;レーザ;laser;[];0;5;loanword
9321;突如;4.48;とつじょ;suddenly;[1416, 104];35;;vocab
9322;ユニフォーム;4.48;ユニフォーム;uniform;[];0;5;loanword
9323;広がり;4.48;ひろがり;spread;[799];23;;vocab
9324;ツリー;4.48;ツリー;tree;[];0;5;loanword
9325;チー;4.48;チー;Chi;[];0;5;loanword
9326;暗黙;4.48;あんもく;tacit;[519, 255];19;;vocab
9327;奨学;4.48;しょうがく;encouragement to study;[790, 346];23;;vocab
9328;分かつ;4.48;わかつ;Divide;[844];24;;vocab
9329;プロトコル;4.48;プロトコル;protocol;[];0;5;loanword
9330;トーン;4.47;トーン;tone;[];0;5;loanword
9331;部位;4.47;ぶい;part;[1988, 1028];49;;vocab
9332;部活;4.47;ぶかつ;club activities;[1988, 154];49;;vocab
9333;反戦;4.47;はんせん;anti-war;[779, 2079];53;;vocab
9334;オイラ;4.47;オイラ;Me;[];0;5;loanword
9335;むろん;4.47;むろん;Of course;[];0;5;vocab
9336;据える;4.47;すえる;Place;[1144];29;;vocab
9337;実名;4.47;じつめい;real name;[1694, 117];40;;vocab
9338;懐;4.47;ふところ;bosom;[891];25;;vocab
9339;徹夜;4.47;てつや;all night;[951, 1115];28;;vocab
9340;検事;4.47;けんじ;public prosecutor;[1803, 1240];43;;vocab
9341;渡;4.47;わたり;Watari;[1279];32;;vocab
9342;かご;4.47;かご;basket;[];0;5;vocab
9343;都度;4.47;つど;time;[1989, 1278];49;;vocab
9344;小山;4.47;こやま;hill;[110, 830];24;;vocab
9345;夕;4.47;ゆう;evening;[114];7;;vocab
9346;先発;4.47;せんぱつ;forerunner;[263, 1840];44;;vocab
9347;ウン;4.46;ウン;Yes;[];0;5;loanword
9348;受給;4.46;じゅきゅう;receiving payments;[794, 1449];36;;vocab
9349;本業;4.46;ほんぎょう;principal occupation;[224, 1931];47;;vocab
9350;メーター;4.46;メーター;meter;[];0;5;loanword
9351;殺し;4.46;ころし;Kill;[1607];39;;vocab
9352;スティック;4.46;スティック;stick;[];0;5;loanword
9353;変容;4.46;へんよう;changed appearance;[1882, 853];45;;vocab
9354;其の;4.46;その;its;[9999];99;;vocab
9355;カツ;4.46;カツ;Cutlet;[];0;5;loanword
9356;チェロ;4.45;チェロ;cello;[];0;5;loanword
9357;飛;4.45;ひ;fly;[2032];51;;vocab
9358;ヒマ;4.45;ヒマ;Free time;[];0;5;loanword
9359;泰;4.45;やすし;Tai;[1692];40;;vocab
9360;クルーズ;4.45;クルーズ;cruise;[];0;5;loanword
9361;是非とも;4.45;ぜひとも;By all means;[414, 1760];42;;vocab
9362;トラウマ;4.45;トラウマ;trauma;[];0;5;loanword
9363;ライブラリ;4.45;ライブラリ;Library;[];0;5;loanword
9364;副業;4.45;ふくぎょう;side job;[93, 1931];47;;vocab
9365;キャピタル;4.45;キャピタル;Capital;[];0;5;loanword
9366;舟;4.45;ふね;boat;[2012];50;;vocab
9367;聖堂;4.45;せいどう;temple;[888, 861];25;;vocab
9368;送金;4.45;そうきん;remittance;[2172, 287];55;;vocab
9369;リットル;4.45;リットル;liter;[];0;5;loanword
9370;原案;4.45;げんあん;original plan;[142, 227];10;;vocab
9371;拡散;4.45;かくさん;scattering;[801, 1273];32;;vocab
9372;準拠;4.45;じゅんきょ;basis;[606, 722];23;;vocab
9373;不愉快;4.45;ふゆかい;unpleasant;[1302, 675, 1771];42;;vocab
9374;申し出る;4.45;もうしでる;offer;[1198, 829];30;;vocab
9375;車椅子;4.45;くるまいす;wheelchair;[304, 218, 99];13;;vocab
9376;アシスタント;4.45;アシスタント;assistant;[];0;5;loanword
9377;校正;4.45;こうせい;proofreading;[1371, 405];34;;vocab
9378;アルゴリズム;4.45;アルゴリズム;algorithm;[];0;5;loanword
9379;包装;4.44;ほうそう;packing;[569, 425];21;;vocab
9380;ヘタ;4.44;ヘタ;Bad;[];0;5;loanword
9381;後援;4.44;こうえん;support;[1479, 2101];53;;vocab
9382;泣ける;4.44;なける;It makes me cry;[463];18;;vocab
9383;育む;4.44;はぐくむ;Nurture;[821];23;;vocab
9384;ちら;4.44;ちら;Flyer;[];0;5;vocab
9385;ベビー;4.44;ベビー;baby;[];0;5;loanword
9386;処方;4.43;しょほう;prescription;[318, 529];19;;vocab
9387;醜い;4.43;みにくい;ugly;[2176];55;;vocab
9388;はぐ;4.43;はぐ;Hug;[];0;5;vocab
9389;はなし;4.43;はなし;story;[];0;5;vocab
9390;毎度;4.43;まいど;each time;[497, 1278];32;;vocab
9391;ダイオキシン;4.43;ダイオキシン;dioxin;[];0;5;loanword
9392;シリコンバレー;4.43;シリコンバレー;Silicon Valley;[];0;5;loanword
9393;読み込む;4.43;よみこむ;Import;[372, 843];24;;vocab
9394;隔離;4.43;かくり;isolation;[1409, 1605];39;;vocab
9395;陣営;4.43;じんえい;camp;[1402, 1111];35;;vocab
9396;骨折;4.43;こっせつ;bone fracture;[1383, 1211];34;;vocab
9397;直結;4.43;ちょっけつ;direct connection;[77, 1451];36;;vocab
9398;湾岸;4.43;わんがん;gulf coast;[1886, 1782];45;;vocab
9399;丸山;4.43;まるやま;Maruyama;[44, 830];24;;vocab
9400;不公平;4.43;ふこうへい;unfair;[1302, 847, 1596];39;;vocab
9401;掲示;4.42;けいじ;notice;[726, 1167];30;;vocab
9402;封筒;4.42;ふうとう;envelope;[168, 1015];26;;vocab
9403;総数;4.42;そうすう;total;[1466, 998];36;;vocab
9404;逝く;4.42;ゆく;die;[1213];31;;vocab
9405;談話;4.42;だんわ;a talk;[374, 368];15;;vocab
9406;只今;4.42;ただいま;Here I am;[55, 1711];41;;vocab
9407;或;4.42;ある;Some;[9999];99;;vocab
9408;転落;4.42;てんらく;fall;[449, 320];18;;vocab
9409;ヒトラー;4.42;ヒトラー;Hitler;[];0;5;loanword
9410;一人ひとり;4.42;ひとりひとり;each and every one;[1, 1023];27;;vocab
9411;委任;4.42;いにん;charge;[979, 1078];27;;vocab
9412;薬品;4.42;やくひん;medicine;[1873, 23];45;;vocab
9413;ふだん;4.41;ふだん;Usually;[];0;5;vocab
9414;頂戴;4.41;ちょうだい;receiving;[98, 1938];47;;vocab
9415;一端;4.41;いったん;one end;[1, 1251];31;;vocab
9416;冷却;4.41;れいきゃく;cooling;[1506, 1497];37;;vocab
9417;大雨;4.41;おおあめ;heavy rain;[112, 451];18;;vocab
9418;ボロボロ;4.41;ボロボロ;Tattered;[];0;5;loanword
9419;台数;4.41;だいすう;number of large objects such as cars, computers, etc.;[805, 998];26;;vocab
9420;崇拝;4.41;すうはい;worship;[1182, 1686];40;;vocab
9421;念願;4.41;ねんがん;one's heart's desire;[1715, 143];41;;vocab
9422;ボーイ;4.41;ボーイ;Boy;[];0;5;loanword
9423;水中;4.41;すいちゅう;underwater;[137, 39];8;;vocab
9424;潰れる;4.41;つぶれる;collapse;[1911];46;;vocab
9425;搾取;4.41;さくしゅ;exploitation;[1422, 882];35;;vocab
9426;試作;4.41;しさく;trial manufacture;[378, 1224];31;;vocab
9427;意地;4.41;いじ;disposition;[654, 554];22;;vocab
9428;定額;4.41;ていがく;ration;[408, 316];17;;vocab
9429;暴力団;4.4;ぼうりょくだん;Organized crime;[1941, 922, 625];47;;vocab
9430;なじむ;4.4;なじむ;Get used to it;[];0;5;vocab
9431;賞賛;4.4;しょうさん;praise;[859, 906];25;;vocab
9432;あせる;4.4;あせる;be anxious;[];0;5;vocab
9433;コネ;4.4;コネ;Connections;[];0;5;loanword
9434;ソナタ;4.4;ソナタ;Sonata;[];0;5;loanword
9435;慢性;4.4;まんせい;chronicity;[892, 1679];40;;vocab
9436;プリンタ;4.4;プリンタ;printer;[];0;5;loanword
9437;老後;4.39;ろうご;old age;[1340, 1479];36;;vocab
9438;ネズミ;4.39;ネズミ;rat;[];0;5;loanword
9439;ドロップ;4.39;ドロップ;drop;[];0;5;loanword
9440;見本;4.39;みほん;sample;[61, 224];10;;vocab
9441;とい;4.39;とい;Toi;[];0;5;vocab
9442;県知事;4.39;けんちじ;Prefectural Governor;[552, 1308, 1240];33;;vocab
9443;侵攻;4.39;しんこう;invasion;[1231, 352];31;;vocab
9444;品川;4.39;しながわ;Shinagawa;[23, 134];8;;vocab
9445;引き下げる;4.39;ひきさげる;reduce;[1318, 51];33;;vocab
9446;北側;4.39;きたがわ;north side;[480, 1049];27;;vocab
9447;読み取る;4.39;よみとる;read;[372, 882];25;;vocab
9448;愛好;4.39;あいこう;love;[796, 103];23;;vocab
9449;葬式;4.39;そうしき;funeral;[879, 377];25;;vocab
9450;産婆;4.39;さんば;midwife;[1681, 867];40;;vocab
9451;イノベーション;4.39;イノベーション;Innovation;[];0;5;loanword
9452;引き込む;4.39;ひきこむ;draw in;[1318, 843];33;;vocab
9453;泡;4.39;あわ;foam;[572];21;;vocab
9454;麻酔;4.39;ますい;anaesthesia;[637, 1543];38;;vocab
9455;修習;4.39;しゅうしゅう;apprenticeship;[1858, 616];45;;vocab
9456;ターミナル;4.38;ターミナル;Terminal;[];0;5;loanword
9457;三木;4.38;みき;Miki;[3, 207];10;;vocab
9458;小笠原;4.38;おがさわら;Ogasawara;[110, 1009, 142];26;;vocab
9459;化石;4.38;かせき;fossil;[1083, 118];27;;vocab
9460;過ち;4.38;あやまち;mistake;[1389];34;;vocab
9461;コメディ;4.38;コメディ;Comedy;[];0;5;loanword
9462;手渡す;4.37;てわたす;Hand over;[687, 1279];32;;vocab
9463;荘;4.37;そう;Villa;[344];14;;vocab
9464;転勤;4.37;てんきん;job transfer;[449, 1700];40;;vocab
9465;ふるさと;4.37;ふるさと;Hometown;[];0;5;vocab
9466;理不尽;4.37;りふじん;unreasonable;[283, 1302, 1152];32;;vocab
9467;申し出;4.37;もうしで;offer;[1198, 829];30;;vocab
9468;三井;4.37;みつい;Mitsui;[3, 1946];48;;vocab
9469;明快;4.37;めいかい;clarion;[20, 1771];42;;vocab
9470;むら;4.37;むら;Village;[];0;5;vocab
9471;列島;4.37;れっとう;archipelago;[875, 2098];53;;vocab
9472;ヒデ;4.37;ヒデ;Hide;[];0;5;loanword
9473;傍;4.37;はた;Nearby;[1090];27;;vocab
9474;オト;4.37;オト;Oto;[];0;5;loanword
9475;行進;4.37;こうしん;march;[938, 603];25;;vocab
9476;詰め込む;4.37;つめこむ;Pack;[367, 843];24;;vocab
9477;ちの;4.37;ちの;Chino;[];0;5;vocab
9478;省く;4.37;はぶく;Omit;[131];7;;vocab
9479;公庫;4.37;こうこ;finance corporation;[847, 633];24;;vocab
9480;おなじ;4.36;おなじ;same;[];0;5;vocab
9481;公述;4.36;こうじゅつ;speaking at a public hearing;[847, 1643];39;;vocab
9482;知覚;4.36;ちかく;perception;[1308, 347];33;;vocab
9483;歴代;4.36;れきだい;successive generations;[402, 1080];27;;vocab
9484;北村;4.36;きたむら;Kitamura;[480, 221];18;;vocab
9485;簡素;4.36;かんそ;simplicity;[1749, 1652];42;;vocab
9486;寛容;4.36;かんよう;tolerance;[241, 853];24;;vocab
9487;解読;4.36;かいどく;deciphering;[1955, 372];48;;vocab
9488;淡い;4.36;あわい;pale;[176];8;;vocab
9489;汎用;4.36;はんよう;generic;[147, 1265];31;;vocab
9490;垂直;4.36;すいちょく;vertical;[1705, 77];40;;vocab
9491;キミ;4.36;キミ;You;[];0;5;loanword
9492;セクシー;4.36;セクシー;sexy;[];0;5;loanword
9493;コーディネーター;4.36;コーディネーター;coordinator;[];0;5;loanword
9494;歩ける;4.36;あるける;Able to walk;[397];17;;vocab
9495;グッド;4.36;グッド;Good;[];0;5;loanword
9496;近況;4.35;きんきょう;recent state;[1210, 156];31;;vocab
9497;鳩;4.35;はと;pigeon;[2096];53;;vocab
9498;悪夢;4.35;あくむ;nightmare;[1951, 327];48;;vocab
9499;中級;4.35;ちゅうきゅう;intermediate level;[39, 1453];36;;vocab
9500;軍団;4.35;ぐんだん;army corps;[323, 625];22;;vocab
9501;セキュリティー;4.35;セキュリティー;Security;[];0;5;loanword
9502;ノード;4.35;ノード;node;[];0;5;loanword
9503;夕飯;4.35;ゆうはん;evening meal;[114, 1583];38;;vocab
9504;こんど;4.35;こんど;next time;[];0;5;vocab
9505;予期;4.35;よき;expectation;[1719, 1902];46;;vocab
9506;不気味;4.35;ぶきみ;creepy;[1302, 2030, 233];51;;vocab
9507;過失;4.35;かしつ;error;[1389, 908];34;;vocab
9508;特異;4.35;とくい;unique;[261, 1936];47;;vocab
9509;木々;4.35;きぎ;every tree;[207];10;;vocab
9510;バスク;4.35;バスク;Basque;[];0;5;loanword
9511;接点;4.35;せってん;tangent point;[725, 181];23;;vocab
9512;変遷;4.35;へんせん;change;[1882, 1737];45;;vocab
9513;嗜好;4.35;しこう;taste;[9999, 103];99;;vocab
9514;すう;4.35;すう;suck;[];0;5;vocab
9515;不利益;4.35;ふりえき;disadvantage;[1302, 972, 2026];51;;vocab
9516;いいえ;4.34;いいえ;no;[];0;2;vocab
9517;ヨハネ;4.34;ヨハネ;John;[];0;5;loanword
9518;トリック;4.34;トリック;trick;[];0;5;loanword
9519;定食;4.34;ていしょく;set meal;[408, 1582];38;;vocab
9520;赤ん坊;4.34;あかんぼう;baby;[1880, 531];45;;vocab
9521;大作;4.34;たいさく;epic;[112, 1224];31;;vocab
9522;サンド;4.34;サンド;sand;[];0;5;loanword
9523;柳;4.34;やなぎ;willow;[1525];37;;vocab
9524;軽視;4.34;けいし;making light of;[774, 1174];30;;vocab
9525;任す;4.34;まかす;Leave it to me;[1078];27;;vocab
9526;マグロ;4.34;マグロ;Tuna;[];0;5;loanword
9527;要注意;4.34;ようちゅうい;Be careful;[1730, 285, 654];41;;vocab
9528;見舞う;4.33;みまう;visit;[61, 1912];46;;vocab
9529;暴れる;4.33;あばれる;rampage;[1941];47;;vocab
9530;バリバリ;4.33;バリバリ;Crunchy;[];0;5;loanword
9531;田んぼ;4.33;たんぼ;rice fields;[14];1;;vocab
9532;不備;4.33;ふび;defect;[1302, 1267];32;;vocab
9533;ボクシング;4.33;ボクシング;boxing;[];0;5;loanword
9534;雑;4.33;ざつ;rough;[604];21;;vocab
9535;目録;4.33;もくろく;catalogue;[15, 1226];31;;vocab
9536;手塚;4.33;てづか;Tezuka;[687, 1117];28;;vocab
9537;勘案;4.33;かんあん;taking into consideration;[1906, 227];46;;vocab
9538;工藤;4.33;くどう;Kudo;[80, 1295];32;;vocab
9539;お出かけ;4.33;おでかけ;Going out;[829];24;;vocab
9540;巻き;4.33;まき;Roll;[1292];32;;vocab
9541;宅配;4.33;たくはい;home delivery;[2065, 1544];52;;vocab
9542;ラテン;4.33;ラテン;Latin;[];0;5;loanword
9543;峠;4.33;とうげ;mountain pass;[835];24;;vocab
9544;とある;4.33;とある;A certain;[];0;5;vocab
9545;宝くじ;4.32;たからくじ;lottery;[273];12;;vocab
9546;テキサス;4.32;テキサス;Texas;[];0;5;loanword
9547;いと;4.32;いと;Ito;[];0;5;vocab
9548;解禁;4.32;かいきん;lifting a ban;[1955, 1179];48;;vocab
9549;尿;4.32;にょう;urine;[1132];29;;vocab
9550;隠蔽;4.32;いんぺい;concealment;[1410, 1119];35;;vocab
9551;典;4.32;てん;Noriyoshi;[1969];48;;vocab
9552;トス;4.32;トス;toss;[];0;5;loanword
9553;啓;4.31;けい;Kei;[1166];29;;vocab
9554;レター;4.31;レター;letter;[];0;5;loanword
9555;クリーン;4.31;クリーン;clean;[];0;5;loanword
9556;ヤクザ;4.31;ヤクザ;Yakuza;[];0;5;loanword
9557;ゴメン;4.31;ゴメン;Sorry;[];0;5;loanword
9558;猛烈;4.31;もうれつ;violent;[1566, 877];38;;vocab
9559;サラ;4.31;サラ;Sarah;[];0;5;loanword
9560;中枢;4.31;ちゅうすう;centre;[39, 1832];44;;vocab
9561;女児;4.31;じょじ;baby girl;[102, 62];6;;vocab
9562;学位;4.31;がくい;degree;[346, 1028];27;;vocab
9563;一挙;4.31;いっきょ;one effort;[1, 2088];53;;vocab
9564;内定;4.31;ないてい;unofficial offer;[1095, 408];27;;vocab
9565;カルロス;4.31;カルロス;Carlos;[];0;5;loanword
9566;生体;4.31;せいたい;organism;[1675, 1030];40;;vocab
9567;血圧;4.31;けつあつ;blood pressure;[1556, 163];38;;vocab
9568;養護;4.31;ようご;nursing;[1591, 756];38;;vocab
9569;アイスランド;4.31;アイスランド;Iceland;[];0;5;loanword
9570;ヨット;4.31;ヨット;Yacht;[];0;5;loanword
9571;ハズ;4.31;ハズ;Should;[];0;5;loanword
9572;ここら;4.31;ここら;Around here;[];0;5;vocab
9573;出費;4.31;しゅっぴ;expenses;[829, 1326];33;;vocab
9574;酵素;4.31;こうそ;enzyme;[1538, 1652];40;;vocab
9575;厳重;4.31;げんじゅう;strict;[2086, 1805];53;;vocab
9576;税関;4.31;ぜいかん;Customs;[961, 2173];55;;vocab
9577;混同;4.31;こんどう;confusion;[487, 192];18;;vocab
9578;うんざり;4.31;うんざり;fed up;[];0;5;vocab
9579;日差し;4.31;ひざし;sunlight;[12, 593];21;;vocab
9580;ヒューマン;4.3;ヒューマン;Human;[];0;5;loanword
9581;果実;4.3;かじつ;fruit;[1202, 1694];40;;vocab
9582;執着;4.3;しゅうちゃく;attachment;[1623, 594];39;;vocab
9583;反乱;4.3;はんらん;insurrection;[779, 76];23;;vocab
9584;介助;4.3;かいじょ;help;[265, 1921];47;;vocab
9585;対価;4.3;たいか;compensation;[1862, 1729];45;;vocab
9586;標本;4.3;ひょうほん;example;[1734, 224];41;;vocab
9587;モチーフ;4.3;モチーフ;motif;[];0;5;loanword
9588;金儲け;4.3;かねもうけ;making money;[287, 9999];99;;vocab
9589;神さま;4.3;かみさま;God;[1200];30;;vocab
9590;入れ;4.3;いれ;Get in;[842];24;;vocab
9591;焼却;4.3;しょうきゃく;incineration;[1284, 1497];37;;vocab
9592;弾ける;4.3;はじける;Playable;[2081];53;;vocab
9593;母国;4.3;ぼこく;one's homeland;[105, 624];22;;vocab
9594;カンファレンス;4.3;カンファレンス;Conference;[];0;5;loanword
9595;とことん;4.3;とことん;To the end;[];0;5;vocab
9596;柔軟性;4.3;じゅうなんせい;flexibility;[1312, 509, 1679];40;;vocab
9597;税法;4.3;ぜいほう;taxation law;[961, 813];26;;vocab
9598;投げかける;4.3;なげかける;Throw;[762];23;;vocab
9599;下り;4.3;くだり;Downstream;[51];3;;vocab
9600;被疑;4.3;ひぎ;suspect;[870, 1513];37;;vocab
9601;目下;4.29;もっか;subordinate;[15, 51];3;;vocab
9602;なみ;4.29;なみ;Waves;[];0;5;vocab
9603;ギア;4.29;ギア;gear;[];0;5;loanword
9604;芝生;4.29;しばふ;lawn;[1301, 1675];40;;vocab
9605;操縦;4.29;そうじゅう;flying;[724, 1436];36;;vocab
9606;ケガ;4.29;ケガ;injury;[];0;5;loanword
9607;散々;4.29;さんざん;thoroughly;[1273];32;;vocab
9608;テラス;4.29;テラス;terrace;[];0;5;loanword
9609;怒鳴る;4.29;どなる;bellow;[759, 2092];53;;vocab
9610;年数;4.29;ねんすう;number of years;[1114, 998];28;;vocab
9611;つめ;4.29;つめ;Claws;[];0;5;vocab
9612;ひまわり;4.29;ひまわり;sunflower;[];0;5;vocab
9613;それだけに;4.29;それだけに;That's why;[];0;5;vocab
9614;功績;4.29;こうせき;achievements;[927, 1662];40;;vocab
9615;特急;4.28;とっきゅう;limited express;[261, 1229];31;;vocab
9616;昇格;4.28;しょうかく;raising of status;[43, 312];13;;vocab
9617;拒む;4.28;こばむ;refuse;[921];25;;vocab
9618;遅延;4.28;ちえん;delay;[1148, 419];29;;vocab
9619;狩猟;4.28;しゅりょう;hunting;[258, 2090];53;;vocab
9620;捕らえる;4.28;とらえる;capture;[1978];49;;vocab
9621;務;4.28;つとむ;duties;[1313];33;;vocab
9622;若しくは;4.28;もしくは;or;[237];10;;vocab
9623;香川;4.28;かがわ;Kagawa;[977, 134];26;;vocab
9624;手放す;4.28;てばなす;Let go;[687, 535];23;;vocab
9625;コマーシャル;4.28;コマーシャル;commercial;[];0;5;loanword
9626;長期間;4.28;ちょうきかん;Long term;[2070, 1902, 1747];52;;vocab
9627;下車;4.28;げしゃ;alighting;[51, 304];13;;vocab
9628;さりげ;4.28;さりげ;Casual;[];0;5;vocab
9629;一方で;4.28;いっぽうで;on the other hand;[1, 529];19;;vocab
9630;帰省;4.27;きせい;homecoming;[1316, 131];33;;vocab
9631;待たす;4.27;またす;keep waiting;[944];25;;vocab
9632;ペットボトル;4.27;ペットボトル;plastic bottles;[];0;5;loanword
9633;プロバイダー;4.27;プロバイダー;Provider;[];0;5;loanword
9634;届;4.27;とどけ;Notification;[1191];30;;vocab
9635;ヨーグルト;4.27;ヨーグルト;yogurt;[];0;5;loanword
9636;ちょこっと;4.27;ちょこっと;A little;[];0;5;vocab
9637;合戦;4.27;かっせん;battle;[269, 2079];53;;vocab
9638;郵政省;4.27;ゆうせいしょう;Ministry of Posts and Telecommunications;[1990, 407, 131];49;;vocab
9639;杖;4.27;つえ;walking stick;[9999];99;;vocab
9640;惚れる;4.27;ほれる;fall in love;[9999];99;;vocab
9641;園芸;4.27;えんげい;horticulture;[629, 450];22;;vocab
9642;おじいさん;4.26;おじいさん;Grandfather;[];0;5;vocab
9643;配線;4.26;はいせん;wiring;[1544, 1438];38;;vocab
9644;呉;4.26;ご;Wu;[2046];51;;vocab
9645;カビ;4.26;カビ;Mold;[];0;5;loanword
9646;云;4.26;うん;cloud;[9999];99;;vocab
9647;振込;4.26;ふりこみ;payment made via bank deposit transfer;[2167, 843];55;;vocab
9648;羽田;4.26;はた;Haneda;[615, 14];21;;vocab
9649;こわい;4.26;こわい;scary;[];0;5;vocab
9650;定時;4.26;ていじ;regular time;[408, 171];17;;vocab
9651;米ドル;4.26;あめりかどる;USD;[987];26;;vocab
9652;一品;4.26;いっぴん;item;[1, 23];2;;vocab
9653;根幹;4.26;こんかん;foundation;[1571, 1783];43;;vocab
9654;シアトル;4.26;シアトル;Seattle;[];0;5;loanword
9655;アッ;4.26;アッ;Ah;[];0;5;loanword
9656;松岡;4.26;まつおか;Matsuoka;[848, 2112];53;;vocab
9657;隙;4.26;ひま;gap;[1394];35;;vocab
9658;まあまあ;4.25;まあまあ;Not bad;[];0;5;vocab
9659;一周;4.25;いっしゅう;once around;[1, 339];14;;vocab
9660;タブー;4.25;タブー;taboo;[];0;5;loanword
9661;無条件;4.25;むじょうけん;unconditional;[1913, 319, 1032];46;;vocab
9662;来場;4.25;らいじょう;attendance;[2029, 584];51;;vocab
9663;艦隊;4.25;かんたい;fleet;[2020, 1403];50;;vocab
9664;安値;4.25;やすね;low price;[202, 1052];27;;vocab
9665;チェンジ;4.25;チェンジ;change;[];0;5;loanword
9666;前線;4.25;ぜんせん;front;[309, 1438];36;;vocab
9667;手がかり;4.25;てがかり;clue;[687];23;;vocab
9668;ひっかかる;4.25;ひっかかる;get caught;[];0;5;vocab
9669;一向に;4.25;いっこうに;Not at all;[1, 195];9;;vocab
9670;奄美;4.25;あまみ;Amami;[9999, 587];99;;vocab
9671;殺到;4.25;さっとう;rush;[1607, 817];39;;vocab
9672;利息;4.24;りそく;interest;[972, 657];26;;vocab
9673;チャールズ;4.24;チャールズ;Charles;[];0;5;loanword
9674;シャン;4.24;シャン;Shan;[];0;5;loanword
9675;低減;4.24;ていげん;decrease;[1973, 391];49;;vocab
9676;通産;4.24;つうさん;Ministry of International Trade and Industry;[1511, 1681];40;;vocab
9677;傲慢;4.24;ごうまん;pride;[1054, 892];27;;vocab
9678;ジェームス;4.24;ジェームス;James;[];0;5;loanword
9679;桂;4.24;かつら;Katsura;[210];10;;vocab
9680;プラント;4.24;プラント;plant;[];0;5;loanword
9681;ふざける;4.24;ふざける;joking around;[];0;5;vocab
9682;かんじる;4.24;かんじる;Feel;[];0;5;vocab
9683;扶養;4.24;ふよう;support;[902, 1591];38;;vocab
9684;お家;4.24;おいえ;house;[580];21;;vocab
9685;残留;4.24;ざんりゅう;residual;[871, 1527];37;;vocab
9686;ハゲ;4.24;ハゲ;bald;[];0;5;loanword
9687;ガンガン;4.24;ガンガン;Gangan;[];0;5;loanword
9688;ラック;4.24;ラック;rack;[];0;5;loanword
9689;陽子;4.24;ようし;proton;[1397, 99];35;;vocab
9690;早くから;4.24;はやくから;early on;[26];2;;vocab
9691;アラン;4.23;アラン;Alan;[];0;5;loanword
9692;なぞ;4.23;なぞ;Mystery;[];0;5;vocab
9693;増田;4.23;ますだ;Masuda;[541, 14];19;;vocab
9694;アンプ;4.23;アンプ;amplifier;[];0;5;loanword
9695;染まる;4.23;そまる;dye;[548];20;;vocab
9696;就寝;4.23;しゅうしん;going to bed;[2121, 1233];53;;vocab
9697;ディフェンス;4.23;ディフェンス;defense;[];0;5;loanword
9698;ピンチ;4.23;ピンチ;pinch;[];0;5;loanword
9699;琴;4.23;きん;Koto;[1717];41;;vocab
9700;快い;4.23;こころよい;pleasant;[1771];42;;vocab
9701;たずねる;4.23;たずねる;ask;[];0;5;vocab
9702;終結;4.23;しゅうけつ;end;[1452, 1451];36;;vocab
9703;冠;4.23;かんむり;crown;[326];14;;vocab
9704;かかえる;4.22;かかえる;carry;[];0;5;vocab
9705;本家;4.22;ほんけ;head house;[224, 580];21;;vocab
9706;スターリン;4.22;スターリン;Stalin;[];0;5;loanword
9707;面白;4.22;おもしろ;amusing;[2039, 37];51;;vocab
9708;留守;4.22;るす;absence;[1527, 198];37;;vocab
9709;音量;4.22;おんりょう;volume;[518, 189];19;;vocab
9710;月間;4.22;げっかん;month-long period;[13, 1747];42;;vocab
9711;無論;4.22;むろん;Of course;[1913, 1961];48;;vocab
9712;ハラ;4.22;ハラ;Hara;[];0;5;loanword
9713;笑み;4.22;えみ;smile;[1008];26;;vocab
9714;ゆかり;4.22;ゆかり;Yukari;[];0;5;vocab
9715;みどり;4.22;みどり;Green;[];0;5;vocab
9716;天体;4.22;てんたい;heavenly body;[457, 1030];27;;vocab
9717;柏崎;4.22;かしわざき;Kashiwazaki;[211, 840];24;;vocab
9718;ジュン;4.22;ジュン;Jun;[];0;5;loanword
9719;何しろ;4.22;なにしろ;After all;[1087];27;;vocab
9720;カラ;4.22;カラ;Kara;[];0;5;loanword
9721;しづ;4.22;しづ;Shizu;[];0;5;vocab
9722;フットボール;4.22;フットボール;football;[];0;5;loanword
9723;帰;4.22;き;Return;[1316];33;;vocab
9724;絶つ;4.21;たつ;Cut off;[1891];45;;vocab
9725;薄れる;4.21;うすれる;fade;[242];10;;vocab
9726;停電;4.21;ていでん;power outage;[1051, 574];27;;vocab
9727;アクティブ;4.21;アクティブ;active;[];0;5;loanword
9728;ナイス;4.21;ナイス;nice;[];0;5;loanword
9729;イルカ;4.21;イルカ;dolphin;[];0;5;loanword
9730;逸脱;4.21;いつだつ;deviation;[2127, 537];53;;vocab
9731;スキ;4.21;スキ;Like;[];0;5;loanword
9732;糞;4.21;くそ;shit;[9999];99;;vocab
9733;ホームレス;4.21;ホームレス;Homeless;[];0;5;loanword
9734;申立;4.21;もうしたて;statement;[1198, 462];30;;vocab
9735;ひとまず;4.21;ひとまず;for now;[];0;5;vocab
9736;ステーキ;4.21;ステーキ;steak;[];0;5;loanword
9737;立候補;4.21;りっこうほ;Candidacy;[462, 1769, 1983];49;;vocab
9738;老舗;4.21;しにせ;old shop;[1340, 1982];49;;vocab
9739;発酵;4.21;はっこう;fermentation;[1840, 1538];44;;vocab
9740;こんなふうに;4.2;こんなふうに;Like this;[];0;5;vocab
9741;補;4.2;ほ;Supplementary;[1983];49;;vocab
9742;誘致;4.2;ゆうち;attraction;[982, 818];26;;vocab
9743;釈放;4.2;しゃくほう;release;[2057, 535];52;;vocab
9744;温;4.2;ぬる;warm;[1560];38;;vocab
9745;インディアン;4.2;インディアン;Indian;[];0;5;loanword
9746;灰;4.2;はい;ash;[180];8;;vocab
9747;ボロい;4.2;ぼろい;Shabby;[];0;5;vocab
9748;処遇;4.2;しょぐう;treatment;[318, 2106];53;;vocab
9749;セルフ;4.2;セルフ;self;[];0;5;loanword
9750;半額;4.2;はんがく;half;[1286, 316];32;;vocab
9751;見積もり;4.2;みつもり;estimate;[61, 1663];40;;vocab
9752;通告;4.2;つうこく;announcement;[1511, 262];37;;vocab
9753;王朝;4.2;おうちょう;dynasty;[271, 53];12;;vocab
9754;西川;4.2;にしかわ;Nishikawa;[1728, 134];41;;vocab
9755;ロサンゼルス;4.2;ロサンゼルス;Los Angeles;[];0;5;loanword
9756;破棄;4.2;はき;tearing up and discarding;[869, 820];25;;vocab
9757;探査;4.2;たんさ;probe;[1425, 1920];47;;vocab
9758;救援;4.2;きゅうえん;relief;[1006, 2101];53;;vocab
9759;晒す;4.19;さらす;expose;[9999];99;;vocab
9760;農園;4.19;のうえん;plantation;[2170, 629];55;;vocab
9761;連ねる;4.19;つらねる;string together;[305];13;;vocab
9762;ユニバーサル;4.19;ユニバーサル;Universal;[];0;5;loanword
9763;横田;4.19;よこた;Yokota;[1888, 14];45;;vocab
9764;投下;4.19;とうか;throwing down;[762, 51];23;;vocab
9765;鋼;4.19;はがね;steel;[2113];53;;vocab
9766;抑止;4.19;よくし;check;[1835, 396];44;;vocab
9767;待ち合わせ;4.19;まちあわせ;Meeting;[944, 269];25;;vocab
9768;プロレタリアート;4.19;プロレタリアート;proletariat;[];0;5;loanword
9769;ウサギ;4.19;ウサギ;rabbit;[];0;5;loanword
9770;自爆;4.19;じばく;suicide bombing;[36, 1942];47;;vocab
9771;北九州;4.18;きたきゅうしゅう;Kitakyushu;[480, 9, 135];18;;vocab
9772;おにぎり;4.18;おにぎり;Onigiri;[];0;5;vocab
9773;とりあげる;4.18;とりあげる;take up;[];0;5;vocab
9774;見物;4.18;けんぶつ;sightseeing;[61, 1129];29;;vocab
9775;打てる;4.18;うてる;Can hit;[705];23;;vocab
9776;当地;4.18;とうち;this place;[1236, 554];31;;vocab
9777;ガール;4.18;ガール;Girl;[];0;5;loanword
9778;一度に;4.18;いちどに;at once;[1, 1278];32;;vocab
9779;うなずく;4.18;うなずく;Nod;[];0;5;vocab
9780;過半数;4.18;かはんすう;majority;[1389, 1286, 998];34;;vocab
9781;メンタル;4.18;メンタル;mental;[];0;5;loanword
9782;上がり;4.18;あがり;Rise;[50];3;;vocab
9783;サマ;4.18;サマ;Summer;[];0;5;loanword
9784;紐;4.18;ひも;string;[9999];99;;vocab
9785;標的;4.17;ひょうてき;target;[1734, 73];41;;vocab
9786;君が代;4.17;きみがよ;Kimigayo;[1246, 1080];31;;vocab
9787;改札;4.17;かいさつ;examination of tickets;[567, 225];21;;vocab
9788;悲しむ;4.17;かなしむ;sad;[1763];42;;vocab
9789;打ち;4.17;うち;Hit;[705];23;;vocab
9790;インサイダー;4.17;インサイダー;insider;[];0;5;loanword
9791;しくむ;4.17;しくむ;Structure;[];0;5;vocab
9792;トレーダー;4.17;トレーダー;trader;[];0;5;loanword
9793;麻雀;4.17;まーじゃん;mahjong;[637, 9999];99;;vocab
9794;年配;4.17;ねんぱい;elderly;[1114, 1544];38;;vocab
9795;くら;4.17;くら;Kura;[];0;5;vocab
9796;浅草;4.16;あさくさ;Asakusa;[395, 238];17;;vocab
9797;切り口;4.16;きりくち;cut;[89, 11];5;;vocab
9798;地蔵;4.16;じぞう;;[554, 913];25;;vocab
9799;引っ越し;4.16;ひっこし;moving;[1318, 413];33;;vocab
9800;美味;4.16;びみ;good flavor;[587, 233];21;;vocab
9801;無理矢理;4.16;むりやり;forcibly;[1913, 283, 1305, 283];46;;vocab
9802;手伝い;4.16;てつだい;help;[687, 1036];27;;vocab
9803;童話;4.16;どうわ;fairy-tale;[468, 368];18;;vocab
9804;秘;4.16;ひ;secret;[970];26;;vocab
9805;うに;4.16;うに;sea urchin;[];0;5;vocab
9806;ヘル;4.16;ヘル;Hel;[];0;5;loanword
9807;洗浄;4.16;せんじょう;washing;[264, 1239];31;;vocab
9808;失;4.16;しつ;loss;[908];25;;vocab
9809;洗脳;4.16;せんのう;brainwashing;[264, 2084];53;;vocab
9810;接;4.16;せっ;contact;[725];23;;vocab
9811;一人暮らし;4.16;ひとりぐらし;Living alone;[1, 1023, 247];27;;vocab
9812;加熱;4.16;かねつ;heating;[932, 1634];39;;vocab
9813;切り替え;4.16;きりかえ;switching;[89, 905];25;;vocab
9814;レコーディング;4.16;レコーディング;recording;[];0;5;loanword
9815;ビジュアル;4.16;ビジュアル;visual;[];0;5;loanword
9816;モニタ;4.16;モニタ;Monitor;[];0;5;loanword
9817;貸付;4.16;かしつけ;loan;[1082, 1075];27;;vocab
9818;清算;4.16;せいさん;settlement;[1659, 1017];40;;vocab
9819;名所;4.15;めいしょ;famous place;[117, 1208];31;;vocab
9820;輩;4.15;ともがら;fellow;[1765];42;;vocab
9821;かわす;4.15;かわす;Dodge;[];0;5;vocab
9822;げん;4.15;げん;string;[];0;5;vocab
9823;培う;4.15;つちかう;foster;[516];19;;vocab
9824;純一郎;4.15;じゅんいちろう;Junichiro;[1609, 1, 1995];49;;vocab
9825;所在地;4.15;しょざいち;location;[1208, 740, 554];31;;vocab
9826;人道;4.15;じんどう;humanity;[1023, 295];27;;vocab
9827;気圧;4.15;きあつ;atmospheric pressure;[2030, 163];51;;vocab
9828;見失う;4.15;みうしなう;lose sight of;[61, 908];25;;vocab
9829;ディン;4.15;ディン;Ding;[];0;5;loanword
9830;下部;4.15;かぶ;lower part;[51, 1988];49;;vocab
9831;見習う;4.15;みならう;emulate;[61, 616];21;;vocab
9832;踏み切る;4.15;ふみきる;Take the plunge;[1381, 89];34;;vocab
9833;歪む;4.15;いがむ;distort;[9999];99;;vocab
9834;独創;4.15;どくそう;originality;[561, 1759];42;;vocab
9835;ナンパ;4.15;ナンパ;Picking Up Girls;[];0;5;loanword
9836;同窓会;4.15;どうそうかい;Alumni Association;[192, 811, 814];23;;vocab
9837;凍る;4.15;こおる;freeze;[545];19;;vocab
9838;戴く;4.14;いただく;receive;[1938];47;;vocab
9839;歌舞伎;4.14;かぶき;kabuki;[508, 1912, 1040];46;;vocab
9840;父母;4.14;ちちはは;father and mother;[1366, 105];34;;vocab
9841;干す;4.14;ほす;dry;[1777];43;;vocab
9842;要す;4.14;ようす;required;[1730];41;;vocab
9843;おかけ;4.14;おかけ;Ocha;[];0;5;vocab
9844;写;4.14;うつし;photo;[1336];33;;vocab
9845;洗剤;4.14;せんざい;detergent;[264, 1867];45;;vocab
9846;運送;4.13;うんそう;transport;[325, 2172];55;;vocab
9847;高山;4.13;たかやま;high mountain;[329, 830];24;;vocab
9848;役立てる;4.13;やくだてる;Useful;[949, 462];25;;vocab
9849;考え直す;4.13;かんがえなおす;Reconsider;[1341, 77];34;;vocab
9850;用地;4.13;ようち;site;[1265, 554];31;;vocab
9851;喜;4.13;き;joy;[1553];38;;vocab
9852;通商;4.13;つうしょう;commerce;[1511, 471];37;;vocab
9853;近々;4.13;ちかぢか;soon;[1210];31;;vocab
9854;知見;4.13;ちけん;expertise;[1308, 61];33;;vocab
9855;多忙;4.13;たぼう;busy;[113, 665];22;;vocab
9856;運輸省;4.13;うんゆしょう;Ministry of Transport;[325, 307, 131];14;;vocab
9857;引き下げ;4.13;ひきさげ;Lower;[1318, 51];33;;vocab
9858;単身;4.13;たんしん;alone;[2078, 1337];53;;vocab
9859;疾病;4.13;しっぺい;illness;[1819, 1813];44;;vocab
9860;しむ;4.13;しむ;soothe;[];0;5;vocab
9861;軽量;4.13;けいりょう;light weight;[774, 189];23;;vocab
9862;些細;4.13;ささい;trivial;[9999, 1463];99;;vocab
9863;利回り;4.13;りまわり;yield;[972, 630];26;;vocab
9864;日光;4.13;にっこう;sunlight;[12, 125];7;;vocab
9865;ケンカ;4.13;ケンカ;Fight;[];0;5;loanword
9866;空想;4.13;くうそう;daydream;[1414, 656];35;;vocab
9867;エンタープライズ;4.13;エンタープライズ;Enterprise;[];0;5;loanword
9868;鉛筆;4.13;えんぴつ;pencil;[857, 1014];26;;vocab
9869;クーラー;4.13;クーラー;cooler;[];0;5;loanword
9870;勘;4.13;かん;intuition;[1906];46;;vocab
9871;水着;4.13;みずぎ;bathing suit;[137, 594];21;;vocab
9872;除;4.13;じょ;Exclusion;[1787];43;;vocab
9873;思い込み;4.12;おもいこみ;assumptions;[651, 843];24;;vocab
9874;投機;4.12;とうき;speculation;[762, 1482];36;;vocab
9875;瞬時;4.12;しゅんじ;moment;[880, 171];25;;vocab
9876;船舶;4.12;せんぱく;ship;[2019, 2013];50;;vocab
9877;時差;4.12;じさ;time difference;[171, 593];21;;vocab
9878;精力;4.12;せいりょく;energy;[1655, 922];40;;vocab
9879;やわらかい;4.12;やわらかい;soft;[];0;5;vocab
9880;ヘア;4.12;ヘア;hair;[];0;5;loanword
9881;いいかげん;4.12;いいかげん;Enough already;[];0;5;vocab
9882;玩具;4.11;おもちゃ;toy;[276, 78];12;;vocab
9883;炊く;4.11;たく;cook;[507];18;;vocab
9884;日報;4.11;にっぽう;daily report;[12, 1625];39;;vocab
9885;多岐;4.11;たき;digression;[113, 834];24;;vocab
9886;武田;4.11;たけだ;Takeda;[403, 14];17;;vocab
9887;伊東;4.11;いとう;Ito;[1245, 543];31;;vocab
9888;物凄い;4.11;ものすごい;Amazing;[1129, 2036];51;;vocab
9889;登勢;4.11;とせ;Tose;[1838, 1633];44;;vocab
9890;グランプリ;4.11;グランプリ;Grand Prix;[];0;5;loanword
9891;歳入;4.11;さいにゅう;annual revenue;[551, 842];24;;vocab
9892;年内;4.11;ねんない;by the end of the year;[1114, 1095];28;;vocab
9893;愛子;4.11;あいこ;beloved child;[796, 99];23;;vocab
9894;本編;4.11;ほんぺん;original story;[224, 1966];48;;vocab
9895;けい;4.11;けい;celebrate;[];0;5;vocab
9896;排気;4.11;はいき;exhaust;[1762, 2030];51;;vocab
9897;錠;4.11;じょう;lock;[409];17;;vocab
9898;献金;4.11;けんきん;donation;[1742, 287];41;;vocab
9899;樹木;4.11;じゅもく;trees and shrubs;[1554, 207];38;;vocab
9900;ジャム;4.11;ジャム;jam;[];0;5;loanword
9901;集め;4.11;あつめ;Collect;[601];21;;vocab
9902;拘る;4.1;かかわる;be particular;[706];23;;vocab
9903;寄り;4.1;より;Close;[204];9;;vocab
9904;バリエーション;4.1;バリエーション;Variations;[];0;5;loanword
9905;お許し;4.1;おゆるし;Forgive me;[611];21;;vocab
9906;炭鉱;4.1;たんこう;coal mine;[833, 802];24;;vocab
9907;市議会;4.1;しぎかい;City Council;[440, 692, 814];23;;vocab
9908;後記;4.1;こうき;postscript;[1479, 568];36;;vocab
9909;病棟;4.1;びょうとう;ward;[1813, 544];44;;vocab
9910;仰ぐ;4.1;あおぐ;Look up;[1836];44;;vocab
9911;償却;4.1;しょうきゃく;repayment;[1060, 1497];37;;vocab
9912;婚;4.1;こん;marriage;[1972];49;;vocab
9913;さらう;4.1;さらう;kidnap;[];0;5;vocab
9914;ゆえる;4.1;ゆえる;Therefore;[];0;5;vocab
9915;満州;4.09;まんしゅう;Manchuria;[1253, 135];31;;vocab
9916;映す;4.09;うつす;Project;[1879];45;;vocab
9917;天下;4.09;てんか;the whole world;[457, 51];18;;vocab
9918;供;4.09;きょう;Supplement;[1935];47;;vocab
9919;語源;4.09;ごげん;word root;[371, 153];15;;vocab
9920;リオ;4.09;リオ;Rio;[];0;5;loanword
9921;日本共産党;4.09;にっぽんきょうさんとう;Japanese Communist Party;[12, 224, 1934, 1681, 860];47;;vocab
9922;視力;4.09;しりょく;eyesight;[1174, 922];30;;vocab
9923;南アフリカ;4.09;みなみあふりか;South Africa;[1740];41;;vocab
9924;補充;4.09;ほじゅう;supplementation;[1983, 823];49;;vocab
9925;知名度;4.09;ちめいど;popularity;[1308, 117, 1278];33;;vocab
9926;埋め込む;4.09;うめこむ;Embed;[191, 843];24;;vocab
9927;正反対;4.09;せいはんたい;The exact opposite;[405, 779, 1862];45;;vocab
9928;さら;4.09;さら;Sara;[];0;5;vocab
9929;もむ;4.09;もむ;Knead;[];0;5;vocab
9930;部族;4.09;ぶぞく;tribe;[1988, 1307];49;;vocab
9931;三昧;4.09;さんまい;;[3, 230];10;;vocab
9932;藤沢;4.09;ふじさわ;Fujisawa;[1295, 1153];32;;vocab
9933;怪獣;4.09;かいじゅう;monster;[773, 2083];53;;vocab
9934;過疎;4.09;かそ;depopulation;[1389, 1797];43;;vocab
9935;悪用;4.09;あくよう;abuse;[1951, 1265];48;;vocab
9936;この先;4.09;このさき;What's next;[263];11;;vocab
9937;とてつもない;4.09;とてつもない;Incredible;[];0;5;vocab
9938;実況;4.09;じっきょう;real condition;[1694, 156];40;;vocab
9939;伴奏;4.09;ばんそう;accompaniment;[1287, 1693];40;;vocab
9940;永井;4.08;ながい;Nagai;[139, 1946];48;;vocab
9941;ジャーナル;4.08;ジャーナル;journal;[];0;5;loanword
9942;タイムズ;4.08;タイムズ;Times;[];0;5;loanword
9943;国営;4.08;こくえい;state management;[624, 1111];28;;vocab
9944;めっちゃ;4.08;めっちゃ;Very;[];0;5;vocab
9945;対人;4.08;たいじん;personal;[1862, 1023];45;;vocab
9946;アフガン;4.08;アフガン;Afghanistan;[];0;5;loanword
9947;父さん;4.08;とうさん;Dad;[1366];34;;vocab
9948;割く;4.08;さく;allocate;[1673];40;;vocab
9949;リセット;4.07;リセット;Reset;[];0;5;loanword
9950;広範囲;4.07;こうはんい;Wide range;[799, 1516, 1948];48;;vocab
9951;脅す;4.07;おどす;threaten;[936];25;;vocab
9952;とっくに;4.07;とっくに;Long ago;[];0;5;vocab
9953;路面;4.07;ろめん;road surface;[1376, 2039];51;;vocab
9954;取り寄せる;4.07;とりよせる;order;[882, 204];25;;vocab
9955;三位一体;4.07;さんみいったい;trinity;[3, 1028, 1, 1030];27;;vocab
9956;皇太子;4.07;こうたいし;crown prince;[279, 126, 99];12;;vocab
9957;誠意;4.07;せいい;sincerity;[388, 654];22;;vocab
9958;夜中;4.07;よなか;midnight;[1115, 39];28;;vocab
9959;隻;4.07;せき;ship;[755];23;;vocab
9960;委;4.07;い;committee;[979];26;;vocab
9961;毀損;4.07;きそん;damage;[1532, 719];37;;vocab
9962;ボーカル;4.07;ボーカル;vocal;[];0;5;loanword
9963;眠り;4.07;ねむり;sleep;[1977];49;;vocab
9964;ポリ;4.07;ポリ;Poly;[];0;5;loanword
9965;名づける;4.07;なづける;Name;[117];7;;vocab
9966;古本屋;4.07;ふるほんや;secondhand bookstore;[16, 224, 1138];29;;vocab
9967;宿命;4.07;しゅくめい;fate;[1070, 1502];37;;vocab
9968;小児;4.07;しょうに;young child;[110, 62];7;;vocab
9969;拷問;4.07;ごうもん;torture;[1344, 1744];42;;vocab
9970;見抜く;4.07;みぬく;see through;[61, 761];23;;vocab
9971;昨年度;4.07;さくねんど;Last year;[1222, 1114, 1278];32;;vocab
9972;改変;4.07;かいへん;change;[567, 1882];45;;vocab
9973;直ぐに;4.06;すぐに;Immediately;[77];5;;vocab
9974;グレる;4.06;ぐれる;get angry;[];0;5;vocab
9975;熱帯;4.06;ねったい;tropics;[1634, 444];39;;vocab
9976;せん;4.06;せん;plug;[];0;5;vocab
9977;郷;4.06;さと;Township;[1993];49;;vocab
9978;芋;4.06;いも;potato;[1784];43;;vocab
9979;ばら;4.06;ばら;rose;[];0;5;vocab
9980;ダンサー;4.06;ダンサー;dancer;[];0;5;loanword
9981;推計;4.06;すいけい;estimate;[716, 359];23;;vocab
9982;梨;4.06;なし;pear;[973];26;;vocab
9983;クセ;4.06;クセ;Habit;[];0;5;loanword
9984;緩やか;4.06;ゆるやか;Gentle;[2102];53;;vocab
9985;哲;4.06;あきら;Philosophy;[1212];31;;vocab
9986;公営;4.06;こうえい;public management;[847, 1111];28;;vocab
9987;カイロ;4.06;カイロ;Cairo;[];0;5;loanword
9988;年中;4.06;ねんじゅう;whole year;[1114, 39];28;;vocab
9989;前記;4.06;ぜんき;aforesaid;[309, 568];21;;vocab
9990;内臓;4.05;ないぞう;internal organs;[1095, 914];27;;vocab
9991;党員;4.05;とういん;party member;[860, 59];25;;vocab
9992;このごろ;4.05;このごろ;These days;[];0;5;vocab
9993;折角;4.05;せっかく;with trouble;[1211, 1953];48;;vocab
9994;鈴;4.05;すず;bell;[1508];37;;vocab
9995;なんだかんだ;4.05;なんだかんだ;Somehow;[];0;5;vocab
9996;覚ます;4.05;さます;Wake up;[347];15;;vocab
9997;アイスクリーム;4.05;アイスクリーム;ice cream;[];0;5;loanword
9998;思い入れ;4.05;おもいいれ;Feelings;[651, 842];24;;vocab
9999;匹敵;4.05;ひってき;comparing with;[1830, 475];44;;vocab
10000;ペイ;4.05;ペイ;Pay;[];0;5;loanword
10001;中共;4.05;ちゅうきょう;Chinese Communist Party;[39, 1934];47;;vocab
10002;タンパク質;4.05;たんぱくしつ;protein;[1219];31;;vocab
10003;爾;4.05;なんじ;er;[9999];99;;vocab
10004;カニ;4.05;カニ;Crab;[];0;5;loanword
10005;税込み;4.05;ぜいこみ;tax included;[961, 843];26;;vocab
10006;バーツ;4.05;バーツ;baht;[];0;5;loanword
10007;反撃;4.05;はんげき;counterattack;[779, 766];23;;vocab
10008;興行;4.04;こうぎょう;entertainment industry;[1533, 938];37;;vocab
10009;海底;4.04;かいてい;bottom of the ocean;[500, 1975];49;;vocab
10010;楼;4.04;ろう;tower;[999];26;;vocab
10011;人脈;4.04;じんみゃく;personal connections;[1023, 2000];50;;vocab
10012;適格;4.04;てきかく;eligible;[473, 312];18;;vocab
10013;爆撃;4.04;ばくげき;bombing;[1942, 766];47;;vocab
10014;安保理;4.04;あんぽり;Security Council;[202, 1072, 283];27;;vocab
10015;分別;4.04;ふんべつ;discernment;[844, 94];24;;vocab
10016;聖なる;4.04;せいなる;holy;[888];25;;vocab
10017;神父;4.04;しんぷ;Catholic priest;[1200, 1366];34;;vocab
10018;ごまかす;4.04;ごまかす;cheat;[];0;5;vocab
10019;日焼け;4.04;ひやけ;sunburn;[12, 1284];32;;vocab
10020;よくよく;4.04;よくよく;Very carefully;[];0;5;vocab
10021;専務;4.04;せんむ;managing director;[47, 1313];33;;vocab
10022;さかのぼる;4.04;さかのぼる;go back;[];0;5;vocab
10023;投;4.03;とう;throw;[762];23;;vocab
10024;最期;4.03;さいご;one's last moment;[884, 1902];46;;vocab
10025;うーむ;4.03;うーむ;Hmm;[];0;5;vocab
10026;スキン;4.03;スキン;skin;[];0;5;loanword
10027;駐留;4.03;ちゅうりゅう;stationing;[2136, 1527];54;;vocab
10028;合図;4.03;あいず;sign;[269, 1264];31;;vocab
10029;議席;4.03;ぎせき;parliamentary seat;[692, 1277];32;;vocab
10030;標識;4.03;ひょうしき;sign;[1734, 521];41;;vocab
10031;燃費;4.03;ねんぴ;fuel consumption;[549, 1326];33;;vocab
10032;戦国;4.03;せんごく;belligerent country;[2079, 624];53;;vocab
10033;デカ;4.03;デカ;Big;[];0;5;loanword
10034;供述;4.03;きょうじゅつ;affidavit;[1935, 1643];47;;vocab
10035;夜明け;4.03;よあけ;dawn;[1115, 20];28;;vocab
10036;持ち合わせる;4.03;もちあわせる;Have;[712, 269];23;;vocab
10037;八木;4.03;はちぼく;Yagi;[8, 207];10;;vocab
10038;髪型;4.03;かみがた;hair style;[2074, 735];52;;vocab
10039;主席;4.02;しゅせき;head;[284, 1277];32;;vocab
10040;生まれ変わる;4.02;うまれかわる;Reborn;[1675, 1882];45;;vocab
10041;国政;4.02;こくせい;national politics;[624, 407];22;;vocab
10042;廃;4.02;はい;Waste;[1841];44;;vocab
10043;突き;4.02;つき;thrust;[1416];35;;vocab
10044;天下り;4.02;あまくだり;dictate;[457, 51];18;;vocab
10045;祐;4.02;ゆう;Yu;[9999];99;;vocab
10046;セクター;4.02;セクター;Sector;[];0;5;loanword
10047;報復;4.02;ほうふく;retribution;[1625, 940];39;;vocab
10048;邸;4.02;やしき;Residence;[1984];49;;vocab
10049;お誘い;4.02;おさそい;Invitation;[982];26;;vocab
10050;空ける;4.02;あける;Empty;[1414];35;;vocab
10051;検診;4.02;けんしん;physical examination;[1803, 1860];45;;vocab
10052;持;4.01;じ;Hold;[712];23;;vocab
10053;農協;4.01;のうきょう;agricultural cooperative;[2170, 937];55;;vocab
10054;廻る;4.01;めぐる;Rotate;[9999];99;;vocab
10055;ならば;4.01;ならば;Then;[];0;5;vocab
10056;僧;4.01;そう;monk;[1057];27;;vocab
10057;お盆;4.01;おぼん;Obon;[1557];38;;vocab
10058;まさ;4.01;まさ;Masa;[];0;5;vocab
10059;いただき;4.01;いただき;Thank you;[];0;5;vocab
10060;有能;4.01;ゆうのう;able;[83, 2160];54;;vocab
10061;酔っ払う;4.01;よっぱらう;get drunk;[1543, 798];38;;vocab
10062;俊;4.01;しゅん;Shun;[1089];27;;vocab
10063;開通;4.01;かいつう;opening;[1750, 1511];42;;vocab
10064;吾;4.01;われ;I;[17];2;;vocab
10065;居場所;4.01;いばしょ;Whereabouts;[1143, 584, 1208];31;;vocab
10066;ダイヤ;4.01;ダイヤ;Diamond;[];0;5;loanword
10067;面倒くさい;4.01;めんどうくさい;It's troublesome;[2039, 1055];51;;vocab
10068;進め方;4.01;すすめかた;How to proceed;[603, 529];21;;vocab
10069;まくり;4.01;まくり;Roll;[];0;5;vocab
10070;糧;4.01;かて;food;[995];26;;vocab
10071;すれ違う;4.01;すれちがう;Pass each other;[1773];42;;vocab
10072;的中;4.0;てきちゅう;strike home;[73, 39];4;;vocab
10073;手のひら;4.0;てのひら;palm;[687];23;;vocab
10074;アルファベット;4.0;アルファベット;alphabet;[];0;5;loanword
10075;配;4.0;はい;Distribution;[1544];38;;vocab
10076;質量;4.0;しつりょう;mass;[1219, 189];31;;vocab
10077;つくす;4.0;つくす;Construct;[];0;5;vocab
10078;そっ;4.0;そっ;So;[];0;5;vocab
10079;異例;4.0;いれい;exception;[1936, 1046];47;;vocab
10080;神道;4.0;しんとう;Shinto;[1200, 295];30;;vocab
10081;だらだら;4.0;だらだら;Lazy;[];0;5;vocab
10082;主治医;4.0;しゅじい;attending physician;[284, 807, 1829];44;;vocab
10083;紫外線;4.0;しがいせん;ultraviolet rays;[1475, 116, 1438];36;;vocab
10084;サックス;4.0;サックス;Saxophone;[];0;5;loanword
10085;勇;4.0;いさむ;Isamu;[1509];37;;vocab
10086;佐野;3.99;さの;Sano;[1024, 1722];41;;vocab
10087;思い起こす;3.99;おもいおこす;Recall;[651, 565];22;;vocab
10088;メガ;3.99;メガ;Mega;[];0;5;loanword
10089;臭;3.99;におい;smell;[128];7;;vocab
10090;取組む;3.99;とりくむ;Work on;[882, 1914];47;;vocab
10091;ひょっとしたら;3.99;ひょっとしたら;Perhaps;[];0;5;vocab
10092;ペンギン;3.99;ペンギン;penguin;[];0;5;loanword
10093;アクセント;3.99;アクセント;accent;[];0;5;loanword
10094;量子;3.99;りょうし;quantum;[189, 99];9;;vocab
10095;錦;3.99;にしき;Nishiki;[439];18;;vocab
10096;薬剤;3.99;やくざい;medicine;[1873, 1867];45;;vocab
10097;ガム;3.99;ガム;gum;[];0;5;loanword
10098;続出;3.99;ぞくしゅつ;appearance one after another;[1445, 829];36;;vocab
10099;垣間見る;3.99;かいまみる;Glimpse;[165, 1747, 61];42;;vocab
10100;腕時計;3.99;うでどけい;watch;[1522, 171, 359];37;;vocab
10101;ワイド;3.99;ワイド;wide;[];0;5;loanword
10102;モーニング;3.99;モーニング;Morning;[];0;5;loanword
10103;ダイビング;3.99;ダイビング;diving;[];0;5;loanword
10104;竹下;3.99;たけした;Takeshita;[1007, 51];26;;vocab
10105;盗聴;3.99;とうちょう;interception;[1559, 890];38;;vocab
10106;望み;3.99;のぞみ;Hope;[528];19;;vocab
10107;賞金;3.99;しょうきん;prize;[859, 287];25;;vocab
10108;原始;3.99;げんし;origin;[142, 809];23;;vocab
10109;ミサ;3.99;ミサ;Mass;[];0;5;loanword
10110;メロディー;3.99;メロディー;melody;[];0;5;loanword
10111;郷土;3.99;きょうど;native place;[1993, 161];49;;vocab
10112;ぐるぐる;3.98;ぐるぐる;round and round;[];0;5;vocab
10113;ギリシア;3.98;ギリシア;Greece;[];0;5;loanword
10114;反抗;3.98;はんこう;opposition;[779, 700];23;;vocab
10115;草子;3.98;そうし;written work;[238, 99];10;;vocab
10116;長編;3.98;ちょうへん;long;[2070, 1966];52;;vocab
10117;パル;3.98;パル;Pal;[];0;5;loanword
10118;ロジック;3.98;ロジック;logic;[];0;5;loanword
10119;ワークス;3.98;ワークス;Works;[];0;5;loanword
10120;古田;3.98;ふるた;Furuta;[16, 14];2;;vocab
10121;手袋;3.98;てぶくろ;glove;[687, 1081];27;;vocab
10122;ありがと;3.98;ありがと;thank you;[];0;5;vocab
10123;尾崎;3.98;おざき;Ozaki;[2064, 840];52;;vocab
10124;定数;3.98;ていすう;fixed number;[408, 998];26;;vocab
10125;モデム;3.98;モデム;modem;[];0;5;loanword
10126;菊;3.98;きく;chrysanthemum;[996];26;;vocab
10127;休止;3.98;きゅうし;pause;[1038, 396];27;;vocab
10128;故意;3.98;こい;intention;[355, 654];22;;vocab
10129;隣人;3.98;りんじん;neighbour;[1408, 1023];35;;vocab
10130;物品;3.98;ぶっぴん;goods;[1129, 23];29;;vocab
10131;吟味;3.98;ぎんみ;testing;[1714, 233];41;;vocab
10132;受かる;3.98;うかる;Pass;[794];23;;vocab
10133;バタバタ;3.97;バタバタ;Busy;[];0;5;loanword
10134;あな;3.97;あな;hole;[];0;5;vocab
10135;つくり;3.97;つくり;Construction;[];0;5;vocab
10136;分岐;3.97;ぶんき;divergence;[844, 834];24;;vocab
10137;ツーリング;3.97;ツーリング;Touring;[];0;5;loanword
10138;地主;3.97;じぬし;landlord;[554, 284];21;;vocab
10139;むかし;3.97;むかし;long ago;[];0;5;vocab
10140;平面;3.97;へいめん;level surface;[1596, 2039];51;;vocab
10141;防;3.97;ぼう;prevention;[1399];35;;vocab
10142;見え;3.97;みえ;Appearance;[61];4;;vocab
10143;高性能;3.97;こうせいのう;high performance;[329, 1679, 2160];54;;vocab
10144;ココロ;3.97;ココロ;Heart;[];0;5;loanword
10145;獲る;3.97;える;obtain;[757];23;;vocab
10146;労組;3.96;ろうそ;labor union;[924, 1914];47;;vocab
10147;巧;3.96;たくみ;Takumi;[1329];33;;vocab
10148;出所;3.96;しゅっしょ;birthplace;[829, 1208];31;;vocab
10149;女史;3.96;じょし;Ms;[102, 747];23;;vocab
10150;揺れ;3.96;ゆれ;shaking;[2118];53;;vocab
10151;増進;3.96;ぞうしん;promoting;[541, 603];21;;vocab
10152;横山;3.96;よこやま;Yokoyama;[1888, 830];45;;vocab
10153;片隅;3.96;かたすみ;corner;[1297, 2108];53;;vocab
10154;手首;3.96;てくび;wrist;[687, 74];23;;vocab
10155;義理;3.96;ぎり;duty;[691, 283];23;;vocab
10156;ロッテ;3.96;ロッテ;Lotte;[];0;5;loanword
10157;同性愛;3.96;どうせいあい;homosexuality;[192, 1679, 796];40;;vocab
10158;誤差;3.96;ごさ;measurement error;[2048, 593];51;;vocab
10159;いわく;3.96;いわく;It is said;[];0;5;vocab
10160;一息;3.96;ひといき;one breath;[1, 657];22;;vocab
10161;ダル;3.96;ダル;Dal;[];0;5;loanword
10162;壁紙;3.96;かべがみ;wallpaper;[1616, 1971];49;;vocab
10163;積み重ね;3.96;つみかさね;Stacking;[1663, 1805];43;;vocab
10164;横たわる;3.96;よこたわる;Lying down;[1888];45;;vocab
10165;手口;3.95;てぐち;modus operandi;[687, 11];23;;vocab
10166;納期;3.95;のうき;appointed day of delivery;[1456, 1902];46;;vocab
10167;年末年始;3.95;ねんまつねんし;New year holiday season;[1114, 231, 1114, 809];28;;vocab
10168;済ます;3.95;すます;Complete;[1868];45;;vocab
10169;非常勤;3.95;ひじょうきん;Part-time;[1760, 862, 1700];42;;vocab
10170;ツン;3.95;ツン;Tsundere;[];0;5;loanword
10171;注意深い;3.95;ちゅういぶかい;careful;[285, 654, 1426];35;;vocab
10172;スロット;3.95;スロット;slot;[];0;5;loanword
10173;揚げる;3.95;あげる;fry;[717];23;;vocab
10174;吸い込む;3.95;すいこむ;Inhale;[744, 843];24;;vocab
10175;スプーン;3.95;スプーン;spoon;[];0;5;loanword
10176;エッチ;3.95;エッチ;Naughty;[];0;5;loanword
10177;マネジャー;3.95;マネジャー;Manager;[];0;5;loanword
10178;強み;3.94;つよみ;Strengths;[1321];33;;vocab
10179;とり;3.94;とり;bird;[];0;5;vocab
10180;スリム;3.94;スリム;slim;[];0;5;loanword
10181;傷害;3.94;しょうがい;wound;[1071, 1671];40;;vocab
10182;はな;3.94;はな;Hana;[];0;5;vocab
10183;川上;3.94;かわかみ;upper reaches of a river;[134, 50];8;;vocab
10184;和食;3.94;わしょく;Japanese food;[963, 1582];38;;vocab
10185;アキ;3.94;アキ;Aki;[];0;5;loanword
10186;どく;3.94;どく;poison;[];0;5;vocab
10187;パケット;3.94;パケット;packet;[];0;5;loanword
10188;ちく;3.94;ちく;Chiku;[];0;5;vocab
10189;商用;3.94;しょうよう;on business;[471, 1265];31;;vocab
10190;寝室;3.94;しんしつ;bedroom;[1233, 816];31;;vocab
10191;エホバ;3.94;エホバ;Jehovah;[];0;5;loanword
10192;社交;3.94;しゃこう;social life;[1173, 1368];34;;vocab
10193;工務;3.94;こうむ;engineering;[80, 1313];33;;vocab
10194;衆;3.94;しゅう;crowd;[2001];50;;vocab
10195;遊べる;3.94;あそべる;Can play;[1126];29;;vocab
10196;究明;3.94;きゅうめい;investigation;[1417, 20];35;;vocab
10197;附属;3.94;ふぞく;attached;[1400, 2103];53;;vocab
10198;束;3.94;たば;bundle;[1793];43;;vocab
10199;愛着;3.94;あいちゃく;attachment;[796, 594];23;;vocab
10200;奥深い;3.94;おくふかい;deep;[997, 1426];35;;vocab
10201;願;3.94;ねがい;wish;[143];8;;vocab
10202;たかが;3.94;たかが;Just;[];0;5;vocab
10203;自閉症;3.94;じへいしょう;autism;[36, 1751, 1816];44;;vocab
10204;出血;3.94;しゅっけつ;bleeding;[829, 1556];38;;vocab
10205;港湾;3.94;こうわん;harbours;[1940, 1886];47;;vocab
10206;貸出;3.93;かしだし;lending;[1082, 829];27;;vocab
10207;スカイ;3.93;スカイ;Sky;[];0;5;loanword
10208;難易;3.93;なんい;difficulty;[1703, 1130];40;;vocab
10209;丈夫;3.93;じょうぶ;hero;[746, 901];25;;vocab
10210;絶好;3.93;ぜっこう;best;[1891, 103];45;;vocab
10211;早稲田大学;3.93;わせだだいがく;Waseda University;[26, 976, 14, 112, 346];26;;vocab
10212;禅;3.93;ぜん;Zen;[2080];53;;vocab
10213;議;3.93;ぎ;discussion;[692];23;;vocab
10214;遮断;3.93;しゃだん;isolation;[1276, 1218];32;;vocab
10215;射撃;3.93;しゃげき;firing;[1338, 766];34;;vocab
10216;めく;3.93;めく;turn over;[];0;5;vocab
10217;最前線;3.92;さいぜんせん;Frontline;[884, 309, 1438];36;;vocab
10218;自給;3.92;じきゅう;self-support;[36, 1449];36;;vocab
10219;増額;3.92;ぞうがく;increased amount;[541, 316];19;;vocab
10220;日本橋;3.92;にほんばし;Nihonbashi;[12, 224, 460];18;;vocab
10221;独り;3.92;ひとり;alone;[561];21;;vocab
10222;読み上げる;3.92;よみあげる;Read aloud;[372, 50];15;;vocab
10223;国務;3.92;こくむ;affairs of state;[624, 1313];33;;vocab
10224;知識人;3.92;ちしきじん;intellectual;[1308, 521, 1023];33;;vocab
10225;イチゴ;3.92;イチゴ;strawberry;[];0;5;loanword
10226;ふん;3.92;ふん;Huh;[];0;5;vocab
10227;ポチ;3.92;ポチ;Pochi;[];0;5;loanword
10228;放火;3.92;ほうか;arson;[535, 173];19;;vocab
10229;ウル;3.92;ウル;Ur;[];0;5;loanword
10230;小銭;3.92;こぜに;coins;[110, 394];16;;vocab
10231;お気;3.92;おき;Please be careful;[2030];51;;vocab
10232;会計士;3.92;かいけいし;accountant;[814, 359, 341];23;;vocab
10233;標;3.92;しめぎ;mark;[1734];41;;vocab
10234;賛否;3.92;さんぴ;yes and no;[906, 1303];32;;vocab
10235;炭素;3.92;たんそ;carbon;[833, 1652];40;;vocab
10236;着席;3.92;ちゃくせき;sit down;[594, 1277];32;;vocab
10237;民俗;3.92;みんぞく;folk customs;[1976, 1042];49;;vocab
10238;夕日;3.91;ゆうひ;evening sun;[114, 12];7;;vocab
10239;受診;3.91;じゅしん;having a medical exam;[794, 1860];45;;vocab
10240;楽園;3.91;らくえん;pleasure garden;[1872, 629];45;;vocab
10241;島根;3.91;しまね;island country;[2098, 1571];53;;vocab
10242;相応しい;3.91;ふさわしい;suitable;[222, 653];22;;vocab
10243;蘇る;3.91;よみがえる;Revive;[9999];99;;vocab
10244;水田;3.91;すいでん;paddy field;[137, 14];8;;vocab
10245;最優秀;3.91;さいゆうしゅう;Best;[884, 1068, 980];27;;vocab
10246;否める;3.91;いなめる;Deny;[1303];32;;vocab
10247;尺度;3.91;しゃくど;linear measure;[1151, 1278];32;;vocab
10248;朗;3.91;ろう;Akira;[1579];38;;vocab
10249;唐突;3.91;とうとつ;abrupt;[1241, 1416];35;;vocab
10250;春樹;3.91;はるき;Haruki;[1690, 1554];40;;vocab
10251;寸法;3.91;すんぽう;measurement;[45, 813];23;;vocab
10252;ファックス;3.91;ファックス;fax;[];0;5;loanword
10253;恐竜;3.91;きょうりゅう;dinosaur;[660, 575];22;;vocab
10254;ミシン;3.91;ミシン;sewing machine;[];0;5;loanword
10255;只;3.9;ただ;only;[55];4;;vocab
10256;おかず;3.9;おかず;Side dishes;[];0;5;vocab
10257;トーマス;3.9;トーマス;Thomas;[];0;5;loanword
10258;明細;3.9;めいさい;details;[20, 1463];36;;vocab
10259;凄まじい;3.9;すさまじい;tremendous;[2036];51;;vocab
10260;つかめる;3.9;つかめる;Grasp;[];0;5;vocab
10261;隠し;3.9;かくし;Hidden;[1410];35;;vocab
10262;奴ら;3.9;やつら;They;[758];23;;vocab
10263;めぐみ;3.9;めぐみ;Megumi;[];0;5;vocab
10264;一刻;3.9;いっこく;minute;[1, 1639];39;;vocab
10265;日経新聞;3.9;にっけいしんぶん;Nikkei Newspaper;[12, 1460, 1619, 1754];42;;vocab
10266;古書;3.89;こしょ;old book;[16, 349];15;;vocab
10267;本場;3.89;ほんば;home;[224, 584];21;;vocab
10268;呼べる;3.89;よべる;Can be called;[1597];39;;vocab
10269;真っ暗;3.89;まっくら;Pitch black;[79, 519];19;;vocab
10270;東欧;3.89;とうおう;Eastern Europe;[543, 1834];44;;vocab
10271;百科;3.89;ひゃっか;many objects;[38, 1263];31;;vocab
10272;アテネ;3.89;アテネ;Athens;[];0;5;loanword
10273;ケリー;3.89;ケリー;Kelly;[];0;5;loanword
10274;東方;3.89;とうほう;eastern direction;[543, 529];19;;vocab
10275;焼ける;3.89;やける;Burn;[1284];32;;vocab
10276;暮れる;3.89;くれる;Night falls;[247];10;;vocab
10277;照;3.89;あきら;light;[182];8;;vocab
10278;賢明;3.89;けんめい;wisdom;[915, 20];25;;vocab
10279;哀しい;3.88;かなしい;sad;[428];18;;vocab
10280;接待;3.88;せったい;reception;[725, 944];25;;vocab
10281;痛める;3.88;いためる;hurt;[1825];44;;vocab
10282;高松;3.88;たかまつ;Takamatsu;[329, 848];24;;vocab
10283;遥か;3.88;はるか;far;[9999];99;;vocab
10284;走れる;3.88;はしれる;Can run;[410];17;;vocab
10285;リレー;3.88;リレー;relay;[];0;5;loanword
10286;斎;3.88;とき;Sai;[1869];45;;vocab
10287;滅多に;3.88;めったに;Rarely;[390, 113];16;;vocab
10288;セミ;3.88;セミ;cicada;[];0;5;loanword
10289;じゅう;3.88;じゅう;gun;[];0;5;vocab
10290;斬新;3.88;ざんしん;novel;[1215, 1619];39;;vocab
10291;糾弾;3.88;きゅうだん;blame;[1627, 2081];53;;vocab
10292;岩波書店;3.88;いわなみしょてん;Iwanami Shoten;[832, 866, 349, 632];25;;vocab
10293;零;3.88;れい;zero;[1504];37;;vocab
10294;宿舎;3.88;しゅくしゃ;lodging house;[1070, 338];27;;vocab
10295;原題;3.87;げんだい;original title;[142, 415];17;;vocab
10296;うわさ;3.87;うわさ;Rumors;[];0;5;vocab
10297;協奏曲;3.87;きょうそうきょく;Concerto;[937, 1693, 1256];40;;vocab
10298;処刑;3.87;しょけい;execution;[318, 734];23;;vocab
10299;染色;3.87;せんしょく;staining;[548, 1890];45;;vocab
10300;明瞭;3.87;めいりょう;clarity;[20, 1843];44;;vocab
10301;日産;3.87;にっさん;daily output;[12, 1681];40;;vocab
10302;おくる;3.87;おくる;send;[];0;5;vocab
10303;ランナー;3.87;ランナー;runner;[];0;5;loanword
10304;いたずら;3.87;いたずら;mischief;[];0;5;vocab
10305;日帰り;3.87;ひがえり;Day trip;[12, 1316];33;;vocab
10306;アーキテクチャ;3.87;アーキテクチャ;architecture;[];0;5;loanword
10307;侍;3.87;さむらい;samurai;[1050];27;;vocab
10308;浦和;3.87;うらわ;Urawa;[1980, 963];49;;vocab
10309;建設省;3.87;けんせつしょう;Ministry of Construction;[417, 765, 131];23;;vocab
10310;オルガン;3.87;オルガン;organ;[];0;5;loanword
10311;サマー;3.86;サマー;summer;[];0;5;loanword
10312;バージョンアップ;3.86;バージョンアップ;Version upgrade;[];0;5;loanword
10313;イエロー;3.86;イエロー;Yellow;[];0;5;loanword
10314;巷;3.86;ちまた;street;[9999];99;;vocab
10315;くらべる;3.86;くらべる;Compare;[];0;5;vocab
10316;そん;3.86;そん;Son;[];0;5;vocab
10317;マニアック;3.86;マニアック;maniac;[];0;5;loanword
10318;人前;3.86;ひとまえ;the public;[1023, 309];27;;vocab
10319;佐賀;3.86;さが;Saga;[1024, 933];27;;vocab
10320;毎晩;3.86;まいばん;every night;[497, 2128];53;;vocab
10321;核心;3.86;かくしん;core;[1638, 639];39;;vocab
10322;ベリー;3.86;ベリー;berries;[];0;5;loanword
10323;考案;3.86;こうあん;plan;[1341, 227];34;;vocab
10324;違憲;3.86;いけん;unconstitutionality;[1773, 1674];42;;vocab
10325;盛;3.86;もり;Sheng;[1567];38;;vocab
10326;貸し;3.86;かし;Lending;[1082];27;;vocab
10327;大将;3.86;たいしょう;general;[112, 789];23;;vocab
10328;荒い;3.86;あらい;rough;[527];19;;vocab
10329;お迎え;3.86;おむかえ;Pick-up;[1837];44;;vocab
10330;道徳的;3.86;どうとくてき;moral;[295, 950, 73];25;;vocab
10331;描ける;3.86;えがける;Can draw;[723];23;;vocab
10332;徳川;3.86;とくがわ;Tokugawa;[950, 134];25;;vocab
10333;飲み込む;3.86;のみこむ;swallow;[1584, 843];38;;vocab
10334;真夏;3.86;まなつ;midsummer;[79, 317];13;;vocab
10335;望遠鏡;3.85;ぼうえんきょう;telescope;[528, 429, 522];19;;vocab
10336;何かしら;3.85;なにかしら;Something;[1087];27;;vocab
10337;タラ;3.85;タラ;Tara;[];0;5;loanword
10338;さっと;3.85;さっと;suddenly;[];0;5;vocab
10339;補修;3.85;ほしゅう;maintenance;[1983, 1858];49;;vocab
10340;縫う;3.85;ぬう;sew;[1685];40;;vocab
10341;送れる;3.85;おくれる;Can be sent;[2172];55;;vocab
10342;アメリカ合衆国;3.85;あめりかがっしゅうこく;united states of america;[269, 2001, 624];50;;vocab
10343;政界;3.85;せいかい;political world;[407, 266];17;;vocab
10344;御座る;3.85;ござる;Ozaru;[1500, 1100];37;;vocab
10345;カスタム;3.85;カスタム;custom;[];0;5;loanword
10346;多種;3.85;たしゅ;many kinds;[113, 1810];43;;vocab
10347;バット;3.84;バット;bat;[];0;5;loanword
10348;チェックイン;3.84;チェックイン;check-in;[];0;5;loanword
10349;叫び;3.84;さけび;Scream;[1626];39;;vocab
10350;汚す;3.84;けがす;to soil;[1334];33;;vocab
10351;装う;3.84;よそおう;pretend;[425];18;;vocab
10352;中日;3.84;ちゅうにち;China and Japan;[39, 12];3;;vocab
10353;ウエスト;3.84;ウエスト;Waist;[];0;5;loanword
10354;ファイナンス;3.84;ファイナンス;finance;[];0;5;loanword
10355;すし;3.84;すし;Sushi;[];0;5;vocab
10356;半日;3.84;はんにち;half day;[1286, 12];32;;vocab
10357;年版;3.84;としばん;year edition;[1114, 1298];32;;vocab
10358;水野;3.84;みずの;Mizuno;[137, 1722];41;;vocab
10359;ヨウ;3.84;ヨウ;Yo;[];0;5;loanword
10360;ねん;3.84;ねん;year;[];0;5;vocab
10361;振る舞い;3.84;ふるまい;Behavior;[2167, 1912];55;;vocab
10362;カム;3.84;カム;cam;[];0;5;loanword
10363;ヘクタール;3.84;ヘクタール;hectares;[];0;5;loanword
10364;ワイ;3.84;ワイ;Wai;[];0;5;loanword
10365;コンプレックス;3.84;コンプレックス;complex;[];0;5;loanword
10366;聞き取れる;3.84;ききとれる;Can hear;[1754, 882];42;;vocab
10367;激励;3.84;げきれい;encouragement;[536, 931];25;;vocab
10368;チャイナ;3.83;チャイナ;China;[];0;5;loanword
10369;静止;3.83;せいし;stillness;[1660, 396];40;;vocab
10370;やせる;3.83;やせる;Lose weight;[];0;5;vocab
10371;もうける;3.83;もうける;make a profit;[];0;5;vocab
10372;議定;3.83;ぎてい;agreement;[692, 408];23;;vocab
10373;クビ;3.83;クビ;Fired;[];0;5;loanword
10374;電脳;3.83;でんのう;computer;[574, 2084];53;;vocab
10375;忘年会;3.83;ぼうねんかい;Year-end party;[640, 1114, 814];28;;vocab
10376;挑発;3.83;ちょうはつ;provocation;[710, 1840];44;;vocab
10377;エステ;3.83;エステ;Beauty Salon;[];0;5;loanword
10378;連勝;3.83;れんしょう;consecutive victories;[305, 1294];32;;vocab
10379;発作;3.83;ほっさ;fit;[1840, 1224];44;;vocab
10380;フェリー;3.83;フェリー;ferry;[];0;5;loanword
10381;兎;3.83;うさぎ;rabbit;[9999];99;;vocab
10382;失格;3.83;しっかく;disqualification;[908, 312];25;;vocab
10383;語りかける;3.83;かたりかける;speak to;[371];15;;vocab
10384;延びる;3.82;のびる;extend;[419];17;;vocab
10385;庫;3.82;くら;warehouse;[633];22;;vocab
10386;一大;3.82;いちだい;one large ...;[1, 112];7;;vocab
10387;バス停;3.82;ばすてい;bus stop;[1051];27;;vocab
10388;むける;3.82;むける;Peel;[];0;5;vocab
10389;初戦;3.82;しょせん;first match;[431, 2079];53;;vocab
10390;フロリダ;3.82;フロリダ;Florida;[];0;5;loanword
10391;華麗;3.82;かれい;splendor;[1704, 2158];54;;vocab
10392;茹でる;3.82;ゆでる;boil;[9999];99;;vocab
10393;けが;3.82;けが;injury;[];0;5;vocab
10394;公約;3.82;こうやく;public commitment;[847, 1462];36;;vocab
10395;弥生;3.82;やよい;third month of the lunar calendar;[1322, 1675];40;;vocab
10396;ためる;3.81;ためる;Save;[];0;5;vocab
10397;ゲリラ;3.81;ゲリラ;guerrilla;[];0;5;loanword
10398;値下げ;3.81;ねさげ;Price reduction;[1052, 51];27;;vocab
10399;茶色;3.81;ちゃいろ;light brown;[267, 1890];45;;vocab
10400;散らす;3.81;ちらす;Scatter;[1273];32;;vocab
10401;冊子;3.81;さっし;book;[1967, 99];48;;vocab
10402;ことごとく;3.81;ことごとく;Completely;[];0;5;vocab
10403;陛下;3.81;へいか;your Majesty;[1407, 51];35;;vocab
10404;日立;3.81;ひたち;Hitachi;[12, 462];18;;vocab
10405;所定;3.81;しょてい;fixed;[1208, 408];31;;vocab
10406;機嫌;3.81;きげん;humour;[1482, 1724];41;;vocab
10407;閉ざす;3.81;とざす;close;[1751];42;;vocab
10408;味噌汁;3.81;みそしる;miso soup;[233, 9999, 150];99;;vocab
10409;初版;3.81;しょはん;first edition;[431, 1298];32;;vocab
10410;騎手;3.81;きしゅ;horseman;[2135, 687];54;;vocab
10411;オリ;3.8;オリ;Crate;[];0;5;loanword
10412;ランニング;3.8;ランニング;running;[];0;5;loanword
10413;明かり;3.8;あかり;lamp;[20];2;;vocab
10414;アイヌ;3.8;アイヌ;Ainu;[];0;5;loanword
10415;京都大学;3.8;きょうとだいがく;Kyoto University;[334, 1989, 112, 346];49;;vocab
10416;育ち;3.8;そだち;upbringing;[821];23;;vocab
10417;おさまる;3.8;おさまる;Subside;[];0;5;vocab
10418;羅;3.8;ら;Luo;[1442];36;;vocab
10419;警報;3.8;けいほう;alarm;[358, 1625];39;;vocab
10420;造形;3.8;ぞうけい;molding;[299, 1847];45;;vocab
10421;中曽根;3.8;なかそね;Nakasone;[39, 540, 1571];38;;vocab
10422;昇;3.8;のぼり;Noboru;[43];3;;vocab
10423;フラワー;3.79;フラワー;flower;[];0;5;loanword
10424;近頃;3.79;ちかごろ;lately;[1210, 479];31;;vocab
10425;塗り;3.79;ぬり;Paint;[1792];43;;vocab
10426;不透明;3.79;ふとうめい;opaque;[1302, 981, 20];32;;vocab
10427;珍;3.79;ちん;rare;[1859];45;;vocab
10428;摘発;3.79;てきはつ;exposing;[709, 1840];44;;vocab
10429;ベータ;3.79;ベータ;beta;[];0;5;loanword
10430;相手方;3.79;あいてがた;Counterparty;[222, 687, 529];23;;vocab
10431;同月;3.79;どうげつ;the same month;[192, 13];9;;vocab
10432;産物;3.79;さんぶつ;product;[1681, 1129];40;;vocab
10433;交易;3.79;こうえき;trade;[1368, 1130];34;;vocab
10434;飛行場;3.79;ひこうじょう;airfield;[2032, 938, 584];51;;vocab
10435;袖;3.79;そで;sleeve;[1189];30;;vocab
10436;船長;3.79;せんちょう;ship's captain;[2019, 2070];52;;vocab
10437;端子;3.79;たんし;terminal;[1251, 99];31;;vocab
10438;司祭;3.79;しさい;priest;[2007, 1183];50;;vocab
10439;言いよう;3.79;いいよう;How to say it;[357];15;;vocab
10440;後ほど;3.79;のちほど;later;[1479];36;;vocab
10441;本国;3.79;ほんごく;one's own country;[224, 624];22;;vocab
10442;胡;3.79;えびす;Hu;[9999];99;;vocab
10443;佐;3.79;さ;Sa;[1024];27;;vocab
10444;心構え;3.79;こころがまえ;Mindset;[639, 1959];48;;vocab
10445;繋がり;3.79;つながり;Connection;[9999];99;;vocab
10446;白黒;3.79;しろくろ;black and white;[37, 186];9;;vocab
10447;当の;3.79;とうの;The;[1236];31;;vocab
10448;殿下;3.79;でんか;your Highness;[1945, 51];47;;vocab
10449;事業主;3.79;じぎょうぬし;business owner;[1240, 1931, 284];47;;vocab
10450;さよなら;3.79;さよなら;good bye;[];0;5;vocab
10451;赤外線;3.78;せきがいせん;Infrared;[1880, 116, 1438];45;;vocab
10452;藤本;3.78;ふじもと;climbing trees;[1295, 224];32;;vocab
10453;薬剤師;3.78;やくざいし;pharmacist;[1873, 1867, 1361];45;;vocab
10454;興;3.78;きょう;Xing;[1533];37;;vocab
10455;前々;3.78;まえ々;beforehand;[309];13;;vocab
10456;カブ;3.78;カブ;Turnip;[];0;5;loanword
10457;敬;3.78;けい;Respect;[356];15;;vocab
10458;憶える;3.78;おぼえる;remember;[679];22;;vocab
10459;先行き;3.78;さきゆき;Future;[263, 938];25;;vocab
10460;二郎;3.78;じろう;Jiro;[2, 1995];49;;vocab
10461;右脳;3.78;うのう;right brain;[82, 2084];53;;vocab
10462;体温;3.78;たいおん;temperature;[1030, 1560];38;;vocab
10463;控えめ;3.78;ひかえめ;Modest;[1415];35;;vocab
10464;乗り物;3.78;のりもの;vehicle;[1709, 1129];40;;vocab
10465;全域;3.78;ぜんいき;the whole area;[281, 380];16;;vocab
10466;ボルト;3.78;ボルト;bolt;[];0;5;loanword
10467;丈;3.77;たけ;height;[746];23;;vocab
10468;区画;3.77;くかく;division;[1831, 1254];44;;vocab
10469;アダルト;3.77;アダルト;Adult;[];0;5;loanword
10470;枚数;3.77;まいすう;the number of flat things;[354, 998];26;;vocab
10471;教義;3.77;きょうぎ;creed;[1343, 691];34;;vocab
10472;悲観;3.77;ひかん;pessimism;[1763, 614];42;;vocab
10473;外傷;3.77;がいしょう;external wound;[116, 1071];27;;vocab
10474;つたの;3.77;つたの;Ivy;[];0;5;vocab
10475;でん;3.77;でん;Den;[];0;5;vocab
10476;更生;3.77;こうせい;rehabilitation;[749, 1675];40;;vocab
10477;両側;3.77;りょうがわ;both sides;[1252, 1049];31;;vocab
10478;柏;3.77;かしわ;oak;[211];10;;vocab
10479;リモコン;3.77;リモコン;Remote control;[];0;5;loanword
10480;左利き;3.77;ひだりきき;left handed;[81, 972];26;;vocab
10481;国内外;3.77;こくないがい;Domestic and overseas;[624, 1095, 116];27;;vocab
10482;キャップ;3.77;キャップ;cap;[];0;5;loanword
10483;支え;3.77;ささえ;Support;[768];23;;vocab
10484;逃亡;3.77;とうぼう;escape;[301, 524];19;;vocab
10485;暗黒;3.77;あんこく;darkness;[519, 186];19;;vocab
10486;各省;3.77;かくしょう;each ministry;[311, 131];13;;vocab
10487;コーラス;3.77;コーラス;chorus;[];0;5;loanword
10488;ナチュラル;3.77;ナチュラル;natural;[];0;5;loanword
10489;ポンプ;3.77;ポンプ;pump;[];0;5;loanword
10490;宇宙船;3.77;うちゅうせん;spaceship;[1785, 1190, 2019];50;;vocab
10491;遺言;3.77;ゆいごん;will;[1909, 357];46;;vocab
10492;電化;3.77;でんか;electrification;[574, 1083];27;;vocab
10493;ご無沙汰;3.77;ごぶさた;Long time no see;[1913, 151, 149];46;;vocab
10494;三島;3.77;みしま;Mishima;[3, 2098];53;;vocab
10495;割り切る;3.76;わりきる;Accept;[1673, 89];40;;vocab
10496;面会;3.76;めんかい;meeting;[2039, 814];51;;vocab
10497;エルサレム;3.76;エルサレム;Jerusalem;[];0;5;loanword
10498;一面;3.76;いちめん;one face;[1, 2039];51;;vocab
10499;納入;3.76;のうにゅう;payment;[1456, 842];36;;vocab
10500;正す;3.76;ただす;correct;[405];17;;vocab
10501;角川;3.76;かどかわ;Kadokawa;[1953, 134];48;;vocab
10502;県庁;3.76;けんちょう;prefectural office;[552, 635];22;;vocab
10503;すべ;3.76;すべ;Slip;[];0;5;vocab
10504;こえる;3.76;こえる;Exceed;[];0;5;vocab
10505;細菌;3.76;さいきん;bacillus;[1463, 985];36;;vocab
10506;ちょう;3.76;ちょう;butterfly;[];0;5;vocab
10507;要員;3.75;よういん;essential member;[1730, 59];41;;vocab
10508;概ね;3.75;おおむね;generally;[1594];38;;vocab
10509;教皇;3.75;きょうこう;Pope;[1343, 279];34;;vocab
10510;賜る;3.75;たまわる;be given;[1131];29;;vocab
10511;買取;3.75;かいとり;purchase;[894, 882];25;;vocab
10512;累積;3.75;るいせき;accumulation;[1464, 1663];40;;vocab
10513;文科;3.75;ぶんか;literary course;[1861, 1263];45;;vocab
10514;新田;3.75;にった;new rice field;[1619, 14];39;;vocab
10515;歩み;3.75;あゆみ;History;[397];17;;vocab
10516;覆す;3.75;くつがえす;Overturn;[1738];41;;vocab
10517;なかでも;3.75;なかでも;Among them;[];0;5;vocab
10518;チューブ;3.75;チューブ;tube;[];0;5;loanword
10519;台頭;3.75;たいとう;rise of;[805, 1549];38;;vocab
10520;村長;3.75;そんちょう;village headman;[221, 2070];52;;vocab
10521;生き延びる;3.75;いきのびる;survive;[1675, 419];40;;vocab
10522;過大;3.75;かだい;excessive;[1389, 112];34;;vocab
10523;無職;3.75;むしょく;without an occupation;[1913, 887];46;;vocab
10524;消去;3.75;しょうきょ;elimination;[155, 812];23;;vocab
10525;破滅;3.75;はめつ;ruin;[869, 390];25;;vocab
10526;見いだす;3.75;みいだす;find;[61];4;;vocab
10527;選別;3.75;せんべつ;selection;[1944, 94];47;;vocab
10528;西武;3.75;せいぶ;Seibu;[1728, 403];41;;vocab
10529;格納;3.75;かくのう;storage;[312, 1456];36;;vocab
10530;肝臓;3.75;かんぞう;liver;[1778, 914];43;;vocab
10531;途方;3.75;とほう;way;[1790, 529];43;;vocab
10532;断食;3.75;だんじき;fasting;[1218, 1582];38;;vocab
10533;投影;3.74;とうえい;projection;[762, 1848];45;;vocab
10534;苦い;3.74;にがい;bitter;[239];10;;vocab
10535;熱中;3.74;ねっちゅう;going nuts;[1634, 39];39;;vocab
10536;届出;3.74;とどけで;report;[1191, 829];30;;vocab
10537;僧侶;3.74;そうりょ;priest;[1057, 1025];27;;vocab
10538;分業;3.74;ぶんぎょう;division of labor;[844, 1931];47;;vocab
10539;モロッコ;3.74;モロッコ;Morocco;[];0;5;loanword
10540;長文;3.74;ちょうぶん;long sentence;[2070, 1861];52;;vocab
10541;買い取る;3.74;かいとる;purchase;[894, 882];25;;vocab
10542;ジョニー;3.74;ジョニー;Johnny;[];0;5;loanword
10543;面談;3.74;めんだん;interview;[2039, 374];51;;vocab
10544;ふたたび;3.74;ふたたび;Again;[];0;5;vocab
10545;年次;3.74;ねんじ;annual;[1114, 510];28;;vocab
10546;クリントン;3.74;クリントン;Clinton;[];0;5;loanword
10547;付録;3.74;ふろく;appendix;[1075, 1226];31;;vocab
10548;柔道;3.73;じゅうどう;judo;[1312, 295];33;;vocab
10549;連行;3.73;れんこう;taking;[305, 938];25;;vocab
10550;悪徳;3.73;あくとく;vice;[1951, 950];48;;vocab
10551;包丁;3.73;ほうちょう;kitchen knife;[569, 95];21;;vocab
10552;同調;3.73;どうちょう;sympathy;[192, 373];15;;vocab
10553;ダッシュ;3.73;ダッシュ;dash;[];0;5;loanword
10554;妙に;3.73;みょうに;strangely;[130];7;;vocab
10555;一国;3.73;いちこく;whole country;[1, 624];22;;vocab
10556;暴落;3.73;ぼうらく;slump;[1941, 320];47;;vocab
10557;はう;3.73;はう;crawl;[];0;5;vocab
10558;担い手;3.73;にないて;Carrier;[721, 687];23;;vocab
10559;公司;3.73;こうし;company;[847, 2007];50;;vocab
10560;諸島;3.73;しょとう;archipelago;[1351, 2098];53;;vocab
10561;よみがえる;3.73;よみがえる;Revive;[];0;5;vocab
10562;有識者;3.73;ゆうしきしゃ;Experts;[83, 521, 1345];34;;vocab
10563;改装;3.73;かいそう;remodelling;[567, 425];21;;vocab
10564;思いつき;3.73;おもいつき;Idea;[651];22;;vocab
10565;がい;3.73;がい;harm;[];0;5;vocab
10566;ミュンヘン;3.73;ミュンヘン;Munich;[];0;5;loanword
10567;抱きしめる;3.73;だきしめる;hug;[697];23;;vocab
10568;気合い;3.73;きあい;Spirit;[2030, 269];51;;vocab
10569;一夜;3.72;いちや;one night;[1, 1115];28;;vocab
10570;統括;3.72;とうかつ;unification;[1447, 714];36;;vocab
10571;供与;3.72;きょうよ;giving;[1935, 1335];47;;vocab
10572;に当たる;3.72;にあたる;hits;[1236];31;;vocab
10573;脂;3.72;あぶら;fat;[494];18;;vocab
10574;矢野;3.72;やの;Yano;[1305, 1722];41;;vocab
10575;冷房;3.72;れいぼう;cooling;[1506, 1159];37;;vocab
10576;ナポレオン;3.72;ナポレオン;Napoleon;[];0;5;loanword
10577;レオ;3.72;レオ;Leo;[];0;5;loanword
10578;憎む;3.72;にくむ;hate;[673];22;;vocab
10579;手当て;3.72;てあて;allowance;[687, 1236];31;;vocab
10580;月別;3.72;つきべつ;by months;[13, 94];5;;vocab
10581;サボる;3.72;さぼる;Skip;[];0;5;vocab
10582;ストレッチ;3.72;ストレッチ;stretch;[];0;5;loanword
10583;主査;3.71;しゅさ;chief examiner or investigator;[284, 1920];47;;vocab
10584;蔓延;3.71;まんえん;spread;[9999, 419];99;;vocab
10585;ビート;3.71;ビート;beat;[];0;5;loanword
10586;プライア;3.71;プライア;Praia;[];0;5;loanword
10587;開演;3.71;かいえん;curtain raising;[1750, 2163];55;;vocab
10588;陳情;3.71;ちんじょう;petition;[1398, 1657];40;;vocab
10589;ドール;3.71;ドール;doll;[];0;5;loanword
10590;批准;3.71;ひじゅん;ratification;[701, 602];23;;vocab
10591;眺め;3.71;ながめ;view;[252];11;;vocab
10592;玄米;3.71;げんまい;unpolished rice;[1484, 987];36;;vocab
10593;ひさし;3.71;ひさし;eaves;[];0;5;vocab
10594;インスタント;3.71;インスタント;instant;[];0;5;loanword
10595;漏らす;3.71;もらす;leak;[1149];29;;vocab
10596;運搬;3.71;うんぱん;transport;[325, 2018];50;;vocab
10597;予備校;3.71;よびこう;preparatory school;[1719, 1267, 1371];41;;vocab
10598;イタリアン;3.71;イタリアン;Italian;[];0;5;loanword
10599;ぶっ;3.71;ぶっ;Brr;[];0;5;vocab
10600;遼;3.71;りょう;Liao;[9999];99;;vocab
10601;引ける;3.71;ひける;Draw;[1318];33;;vocab
10602;母体;3.71;ぼたい;mother's body, esp. when pregnant or after giving birth;[105, 1030];27;;vocab
10603;宅地;3.71;たくち;building lot;[2065, 554];52;;vocab
10604;ご馳走;3.71;ごちそう;feast;[9999, 410];99;;vocab
10605;幸子;3.71;さちこ;Sachiko;[1622, 99];39;;vocab
10606;断然;3.71;だんぜん;Definitely;[1218, 256];31;;vocab
10607;日ごろ;3.71;ひごろ;Everyday;[12];1;;vocab
10608;富士通;3.71;ふじつう;Fujitsu;[205, 341, 1511];37;;vocab
10609;リモート;3.71;リモート;Remote;[];0;5;loanword
10610;お洒落;3.7;おしゃれ;Stylish;[9999, 320];99;;vocab
10611;本稿;3.7;ほんこう;this manuscript;[224, 958];26;;vocab
10612;恐る;3.7;おそれる;Fear;[660];22;;vocab
10613;索引;3.7;さくいん;index;[1465, 1318];36;;vocab
10614;われる;3.7;われる;be;[];0;5;vocab
10615;大嫌い;3.7;だいきらい;hate;[112, 1724];41;;vocab
10616;見据える;3.7;みすえる;look ahead;[61, 1144];29;;vocab
10617;破損;3.7;はそん;damage;[869, 719];25;;vocab
10618;ハードル;3.7;ハードル;hurdle;[];0;5;loanword
10619;見知らぬ;3.7;みしらぬ;stranger;[61, 1308];33;;vocab
10620;さんざん;3.7;さんざん;A lot;[];0;5;vocab
10621;まったり;3.7;まったり;Relax;[];0;5;vocab
10622;こく;3.7;こく;Country;[];0;5;vocab
10623;灰色;3.7;はいいろ;grey;[180, 1890];45;;vocab
10624;取り消す;3.7;とりけす;cancel;[882, 155];25;;vocab
10625;裁く;3.7;さばく;judge;[424];18;;vocab
10626;過;3.7;か;past;[1389];34;;vocab
10627;構内;3.7;こうない;premises;[1959, 1095];48;;vocab
10628;ベタ;3.7;ベタ;Betta;[];0;5;loanword
10629;思い立つ;3.7;おもいたつ;resolve;[651, 462];22;;vocab
10630;貯蔵;3.7;ちょぞう;storage;[206, 913];25;;vocab
10631;工学部;3.7;こうがくぶ;Faculty of Engineering;[80, 346, 1988];49;;vocab
10632;王者;3.69;おうじゃ;king;[271, 1345];34;;vocab
10633;混ざる;3.69;まざる;Mix;[487];18;;vocab
10634;魅了;3.69;みりょう;fascination;[2179, 101];55;;vocab
10635;すんなり;3.69;すんなり;Smoothly;[];0;5;vocab
10636;希薄;3.69;きはく;thin;[1602, 242];39;;vocab
10637;気まま;3.69;きまま;Carefree;[2030];51;;vocab
10638;古川;3.69;ふるかわ;old river;[16, 134];8;;vocab
10639;後編;3.69;こうへん;latter part;[1479, 1966];48;;vocab
10640;暁;3.69;あかつき;Akatsuki;[1285];32;;vocab
10641;税源;3.69;ぜいげん;tax source;[961, 153];26;;vocab
10642;にあたり;3.69;にあたり;In regards to;[];0;5;vocab
10643;青色;3.69;あおいろ;blue;[1654, 1890];45;;vocab
10644;マリー;3.69;マリー;Marie;[];0;5;loanword
10645;将;3.69;はた;General;[789];23;;vocab
10646;漱石;3.69;そうせき;Soseki;[9999, 118];99;;vocab
10647;足らず;3.69;たらず;Not enough;[1372];34;;vocab
10648;相方;3.69;あいかた;partner;[222, 529];19;;vocab
10649;スクロール;3.69;スクロール;scroll;[];0;5;loanword
10650;ジョーンズ;3.68;ジョーンズ;Jones;[];0;5;loanword
10651;ネジ;3.68;ネジ;screw;[];0;5;loanword
10652;だんだんと;3.68;だんだんと;Gradually;[];0;5;vocab
10653;斜面;3.68;しゃめん;slope;[1791, 2039];51;;vocab
10654;空軍;3.68;くうぐん;Air Force;[1414, 323];35;;vocab
10655;発端;3.68;ほったん;origin;[1840, 1251];44;;vocab
10656;仕事場;3.68;しごとば;workplace;[1033, 1240, 584];31;;vocab
10657;次官;3.68;じかん;vice-minister;[510, 1363];34;;vocab
10658;くむ;3.68;くむ;Kumu;[];0;5;vocab
10659;あたたかい;3.68;あたたかい;Warm;[];0;5;vocab
10660;豚肉;3.68;ぶたにく;pork;[577, 1098];27;;vocab
10661;あるく;3.67;あるく;Walk;[];0;5;vocab
10662;微生物;3.67;びせいぶつ;microorganisms;[954, 1675, 1129];40;;vocab
10663;不服;3.67;ふふく;dissatisfaction;[1302, 1501];37;;vocab
10664;たいす;3.67;たいす;Challenge;[];0;5;vocab
10665;一段と;3.67;いちだんと;Even more;[1, 2003];50;;vocab
10666;函館;3.67;はこだて;Hakodate;[2051, 1589];51;;vocab
10667;オシャレ;3.67;オシャレ;Stylish;[];0;5;loanword
10668;ムリ;3.67;ムリ;Impossible;[];0;5;loanword
10669;至上;3.67;しじょう;supremacy;[815, 50];23;;vocab
10670;サード;3.67;サード;Third;[];0;5;loanword
10671;藍;3.67;あい;Indigo;[1565];38;;vocab
10672;優待;3.67;ゆうたい;preferential treatment;[1068, 944];27;;vocab
10673;労災;3.67;ろうさい;work-related injury;[924, 179];25;;vocab
10674;取り締まり;3.67;とりしまり;control;[882, 1440];36;;vocab
10675;信長;3.67;のぶなが;Nobunaga;[1043, 2070];52;;vocab
10676;幼少;3.67;ようしょう;infancy;[1478, 111];36;;vocab
10677;こんなにも;3.67;こんなにも;This much;[];0;5;vocab
10678;北東;3.67;ほくとう;northeast;[480, 543];19;;vocab
10679;一文;3.67;いちぶん;sentence;[1, 1861];45;;vocab
10680;アンチ;3.67;アンチ;Anti;[];0;5;loanword
10681;乙女;3.66;おとめ;little girl;[75, 102];6;;vocab
10682;れん;3.66;れん;Ren;[];0;5;vocab
10683;速記;3.66;そっき;shorthand;[1799, 568];43;;vocab
10684;競売;3.66;きょうばい;auction;[465, 345];18;;vocab
10685;かっこよい;3.66;かっこよい;Cool;[];0;5;vocab
10686;共和党;3.66;きょうわとう;Republican Party;[1934, 963, 860];47;;vocab
10687;おこす;3.66;おこす;wake up;[];0;5;vocab
10688;属;3.66;ぞく;genus;[2103];53;;vocab
10689;接着;3.66;せっちゃく;fastening;[725, 594];23;;vocab
10690;ジェフ;3.66;ジェフ;Jeff;[];0;5;loanword
10691;個室;3.66;こしつ;private room;[1047, 816];27;;vocab
10692;ありとあらゆる;3.66;ありとあらゆる;All sorts of things;[];0;5;vocab
10693;埋もれる;3.66;うずもれる;be buried;[191];9;;vocab
10694;黒田;3.66;くろだ;Kuroda;[186, 14];9;;vocab
10695;制覇;3.66;せいは;conquest;[447, 2043];51;;vocab
10696;役職;3.66;やくしょく;post;[949, 887];25;;vocab
10697;際立つ;3.66;きわだつ;Stand out;[1392, 462];35;;vocab
10698;ニコニコ;3.66;ニコニコ;Niconico;[];0;5;loanword
10699;目先;3.66;めさき;near future;[15, 263];11;;vocab
10700;攻勢;3.66;こうせい;offensive;[352, 1633];39;;vocab
10701;かりに;3.66;かりに;Suppose;[];0;5;vocab
10702;許諾;3.66;きょだく;consent;[611, 375];21;;vocab
10703;突撃;3.65;とつげき;assault;[1416, 766];35;;vocab
10704;ディック;3.65;ディック;Dick;[];0;5;loanword
10705;頑固;3.65;がんこ;stubbornness;[65, 622];22;;vocab
10706;切実;3.65;せつじつ;compelling;[89, 1694];40;;vocab
10707;下半身;3.65;かはんしん;lower body;[51, 1286, 1337];34;;vocab
10708;レジャー;3.65;レジャー;leisure;[];0;5;loanword
10709;へぇ;3.65;へぇ;Wow;[];0;5;vocab
10710;偏差;3.65;へんさ;deflection;[1964, 593];48;;vocab
10711;一体化;3.65;いったいか;integration;[1, 1030, 1083];27;;vocab
10712;転倒;3.65;てんとう;falling down;[449, 1055];27;;vocab
10713;衣服;3.65;いふく;clothes;[423, 1501];37;;vocab
10714;折衝;3.65;せっしょう;negotiation;[1211, 1811];43;;vocab
10715;英寿;3.65;ひでとし;Hidetoshi;[1878, 1687];45;;vocab
10716;切り取る;3.65;きりとる;cut out;[89, 882];25;;vocab
10717;追;3.65;つい;Follow up;[1359];34;;vocab
10718;駆動;3.65;くどう;driving force;[2137, 1806];54;;vocab
10719;入れ替える;3.65;いれかえる;Swap;[842, 905];25;;vocab
10720;解像度;3.65;かいぞうど;resolution;[1955, 2131, 1278];53;;vocab
10721;スティング;3.65;スティング;Sting;[];0;5;loanword
10722;滑走;3.64;かっそう;gliding;[1384, 410];34;;vocab
10723;注入;3.64;ちゅうにゅう;pouring;[285, 842];24;;vocab
10724;むかう;3.64;むかう;Go towards;[];0;5;vocab
10725;あきれる;3.64;あきれる;Disgusting;[];0;5;vocab
10726;殺る;3.64;やる;kill;[1607];39;;vocab
10727;語り合う;3.64;かたりあう;Talk;[371, 269];15;;vocab
10728;淡路;3.64;あわじ;Awaji;[176, 1376];34;;vocab
10729;ムシる;3.64;むしる;Kill;[];0;5;vocab
10730;期す;3.64;きす;expect;[1902];46;;vocab
10731;末端;3.64;まったん;end;[231, 1251];31;;vocab
10732;マンハッタン;3.64;マンハッタン;Manhattan;[];0;5;loanword
10733;たとえる;3.64;たとえる;Analogy;[];0;5;vocab
10734;っと;3.64;っと;Oh;[];0;5;vocab
10735;マダム;3.64;マダム;Madam;[];0;5;loanword
10736;気質;3.64;きしつ;spirit;[2030, 1219];51;;vocab
10737;課金;3.64;かきん;charges;[1204, 287];30;;vocab
10738;ヘリコプター;3.64;ヘリコプター;helicopter;[];0;5;loanword
10739;弁論;3.64;べんろん;discussion;[803, 1961];48;;vocab
10740;凶悪;3.64;きょうあく;atrocious;[1603, 1951];48;;vocab
10741;松永;3.64;まつなが;Matsunaga;[848, 139];24;;vocab
10742;くう;3.64;くう;eat;[];0;5;vocab
10743;たちまち;3.64;たちまち;Immediately;[];0;5;vocab
10744;モト;3.64;モト;Moto;[];0;5;loanword
10745;ルカ;3.64;ルカ;Luke;[];0;5;loanword
10746;キューブ;3.64;キューブ;cube;[];0;5;loanword
10747;健太郎;3.64;けんたろう;Kentaro;[1048, 126, 1995];49;;vocab
10748;担ぐ;3.64;かつぐ;carry;[721];23;;vocab
10749;子宮;3.63;しきゅう;womb;[99, 1110];28;;vocab
10750;憤る;3.63;いきどおる;be angry;[1283];32;;vocab
10751;重宝;3.63;ちょうほう;convenient;[1805, 273];43;;vocab
10752;難解;3.63;なんかい;difficult to understand;[1703, 1955];48;;vocab
10753;捕獲;3.63;ほかく;capture;[1978, 757];49;;vocab
10754;雅;3.63;みやび;Miyabi;[2056];52;;vocab
10755;ご苦労;3.63;ごくろう;Thank you for your hard work;[239, 924];25;;vocab
10756;彼方;3.63;かなた;beyond;[948, 529];25;;vocab
10757;因みに;3.63;ちなみに;Incidentally;[626];22;;vocab
10758;スタディ;3.63;スタディ;Study;[];0;5;loanword
10759;みずほ;3.63;みずほ;Mizuho;[];0;5;vocab
10760;宝物;3.63;ほうもつ;treasure;[273, 1129];29;;vocab
10761;ベクトル;3.63;ベクトル;Vector;[];0;5;loanword
10762;すわる;3.63;すわる;Sit;[];0;5;vocab
10763;回し;3.63;まわし;Rotation;[630];22;;vocab
10764;太陽光;3.63;たいようこう;sunlight;[126, 1397, 125];35;;vocab
10765;赴く;3.63;おもむく;go;[412];17;;vocab
10766;漏洩;3.62;ろうせつ;disclosure;[1149, 9999];99;;vocab
10767;征服;3.62;せいふく;conquest;[946, 1501];37;;vocab
10768;飛び交う;3.62;とびかう;Flying around;[2032, 1368];51;;vocab
10769;ヘンリー;3.62;ヘンリー;Henry;[];0;5;loanword
10770;山頂;3.62;さんちょう;summit;[830, 98];24;;vocab
10771;趣;3.62;おもむき;taste;[883];25;;vocab
10772;貯まる;3.62;たまる;Save up;[206];9;;vocab
10773;地方裁判所;3.62;ちほうさいばんしょ;District Court;[554, 529, 424, 1289, 1208];32;;vocab
10774;旋律;3.62;せんりつ;melody;[1125, 939];29;;vocab
10775;ワーキング;3.62;ワーキング;working;[];0;5;loanword
10776;万一;3.62;まんいち;emergency;[68, 1];4;;vocab
10777;因子;3.62;いんし;factor;[626, 99];22;;vocab
10778;名言;3.62;めいげん;wise saying;[117, 357];15;;vocab
10779;裕福;3.62;ゆうふく;affluence;[856, 1171];30;;vocab
10780;変貌;3.62;へんぼう;transfiguration;[1882, 2125];53;;vocab
10781;送り込む;3.62;おくりこむ;Send in;[2172, 843];55;;vocab
10782;政務次官;3.62;せいむじかん;Parliamentary Vice-Minister;[407, 1313, 510, 1363];34;;vocab
10783;街頭;3.62;がいとう;in the street;[955, 1549];38;;vocab
10784;フィード;3.62;フィード;feed;[];0;5;loanword
10785;賛美;3.62;さんび;praise;[906, 587];25;;vocab
10786;ウォーク;3.62;ウォーク;Walk;[];0;5;loanword
10787;サンドイッチ;3.62;サンドイッチ;sandwich;[];0;5;loanword
10788;押し寄せる;3.62;おしよせる;surge;[1195, 204];30;;vocab
10789;悠;3.61;ゆう;Yu;[1031];27;;vocab
10790;すてき;3.61;すてき;splendid;[];0;5;vocab
10791;大小;3.61;だいしょう;sizes;[112, 110];7;;vocab
10792;にたいして;3.61;にたいして;In contrast;[];0;5;vocab
10793;断固;3.61;だんこ;firm;[1218, 622];31;;vocab
10794;光学;3.61;こうがく;optics;[125, 346];15;;vocab
10795;武道;3.61;ぶどう;martial arts;[403, 295];17;;vocab
10796;ちょいと;3.61;ちょいと;A little;[];0;5;vocab
10797;講ずる;3.61;こうずる;lecture;[1957];48;;vocab
10798;辞職;3.61;じしょく;resignation;[1613, 887];39;;vocab
10799;言い聞かせる;3.61;いいきかせる;tell someone;[357, 1754];42;;vocab
10800;ついていける;3.61;ついていける;I can keep up;[];0;5;vocab
10801;履修;3.61;りしゅう;taking a class;[1137, 1858];45;;vocab
10802;代償;3.61;だいしょう;compensation;[1080, 1060];27;;vocab
10803;ハンター;3.61;ハンター;Hunter;[];0;5;loanword
10804;ひな;3.61;ひな;Hina;[];0;5;vocab
10805;かね;3.61;かね;Money;[];0;5;vocab
10806;再検討;3.61;さいけんとう;Reconsideration;[1956, 1803, 364];48;;vocab
10807;なぐ;3.6;なぐ;Hit;[];0;5;vocab
10808;古来;3.6;こらい;from time immemorial;[16, 2029];51;;vocab
10809;高温;3.6;こうおん;high temperature;[329, 1560];38;;vocab
10810;ヒロ;3.6;ヒロ;Hiro;[];0;5;loanword
10811;驚愕;3.6;きょうがく;surprise;[2141, 9999];99;;vocab
10812;乱れる;3.6;みだれる;Disturbed;[76];5;;vocab
10813;靴下;3.6;くつした;socks;[2042, 51];51;;vocab
10814;トウ;3.6;トウ;Toe;[];0;5;loanword
10815;マネージメント;3.6;マネージメント;Management;[];0;5;loanword
10816;ストレージ;3.6;ストレージ;Storage;[];0;5;loanword
10817;ばらばら;3.6;ばらばら;Scattered;[];0;5;vocab
10818;崖;3.6;がけ;cliff;[841];24;;vocab
10819;千代田;3.6;ちよだ;Chiyoda;[40, 1080, 14];27;;vocab
10820;帖;3.6;じょう;Book;[9999];99;;vocab
10821;妖怪;3.6;ようかい;ghost;[458, 773];23;;vocab
10822;文化庁;3.6;ぶんかちょう;Agency for Cultural Affairs;[1861, 1083, 635];45;;vocab
10823;盛況;3.6;せいきょう;success;[1567, 156];38;;vocab
10824;明言;3.6;めいげん;declaration;[20, 357];15;;vocab
10825;宝塚;3.6;たからづか;Takarazuka;[273, 1117];28;;vocab
10826;叶える;3.6;かなえる;make it come true;[9999];99;;vocab
10827;御覧;3.6;ごらん;try to;[1500, 919];37;;vocab
10828;洞察;3.6;どうさつ;discernment;[193, 1184];30;;vocab
10829;温める;3.6;あたためる;warm;[1560];38;;vocab
10830;行き着く;3.6;いきつく;end up;[938, 594];25;;vocab
10831;カリ;3.6;カリ;Cali;[];0;5;loanword
10832;おう;3.59;おう;Ou;[];0;5;vocab
10833;充てる;3.59;あてる;Fill;[823];23;;vocab
10834;文体;3.59;ぶんたい;literary style;[1861, 1030];45;;vocab
10835;手抜き;3.59;てぬき;Cutting corners;[687, 761];23;;vocab
10836;美学;3.59;びがく;esthetics;[587, 346];21;;vocab
10837;現職;3.59;げんしょく;present post;[275, 887];25;;vocab
10838;つきあい;3.59;つきあい;Relationship;[];0;5;vocab
10839;参事官;3.59;さんじかん;counselor;[1856, 1240, 1363];45;;vocab
10840;催眠;3.59;さいみん;hypnotism;[1062, 1977];49;;vocab
10841;ふれあう;3.59;ふれあう;Interact;[];0;5;vocab
10842;見合い;3.59;みあい;matchmaking;[61, 269];12;;vocab
10843;それでいて;3.59;それでいて;And yet;[];0;5;vocab
10844;京大;3.58;きょうだい;Kyoto University;[334, 112];14;;vocab
10845;ネック;3.58;ネック;neck;[];0;5;loanword
10846;占有;3.58;せんゆう;exclusive possession;[49, 83];5;;vocab
10847;パール;3.58;パール;Pearl;[];0;5;loanword
10848;要点;3.58;ようてん;gist;[1730, 181];41;;vocab
10849;便宜;3.58;べんぎ;convenience;[1066, 1922];47;;vocab
10850;だに;3.58;だに;mite;[];0;5;vocab
10851;チック;3.58;チック;Tic;[];0;5;loanword
10852;回帰;3.58;かいき;return;[630, 1316];33;;vocab
10853;納品;3.58;のうひん;delivery of goods;[1456, 23];36;;vocab
10854;有事;3.58;ゆうじ;emergency;[83, 1240];31;;vocab
10855;真っ先;3.58;まっさき;First;[79, 263];11;;vocab
10856;ひっそり;3.58;ひっそり;Quietly;[];0;5;vocab
10857;傾斜;3.58;けいしゃ;inclination;[1086, 1791];43;;vocab
10858;ヤング;3.58;ヤング;Young;[];0;5;loanword
10859;卸;3.58;おろし;wholesale;[1499];37;;vocab
10860;逢う;3.58;あう;meet;[9999];99;;vocab
10861;海賊;3.58;かいぞく;pirate;[500, 381];18;;vocab
10862;腫瘍;3.58;しゅよう;tumor;[1807, 1817];44;;vocab
10863;列挙;3.58;れっきょ;enumeration;[875, 2088];53;;vocab
10864;異質;3.58;いしつ;different;[1936, 1219];47;;vocab
10865;ムラ;3.58;ムラ;unevenness;[];0;5;loanword
10866;月末;3.58;げつまつ;end of the month;[13, 231];10;;vocab
10867;初対面;3.57;しょたいめん;First Meeting;[431, 1862, 2039];51;;vocab
10868;くり;3.57;くり;chestnut;[];0;5;vocab
10869;使いこなす;3.57;つかいこなす;Mastering;[1065];27;;vocab
10870;図鑑;3.57;ずかん;illustrated reference book;[1264, 1564];38;;vocab
10871;おおよそ;3.57;おおよそ;approximately;[];0;5;vocab
10872;根強い;3.57;ねづよい;Persistent;[1571, 1321];38;;vocab
10873;忍;3.57;にん;Shinobu;[642];22;;vocab
10874;ウインドウ;3.57;ウインドウ;Window;[];0;5;loanword
10875;しあわせ;3.57;しあわせ;Happiness;[];0;5;vocab
10876;訳者;3.57;やくしゃ;translator;[1154, 1345];34;;vocab
10877;白石;3.57;しらいし;white stone;[37, 118];7;;vocab
10878;粋;3.57;いき;Stylish;[993];26;;vocab
10879;作詞;3.57;さくし;song lyrics;[1224, 2009];50;;vocab
10880;馴染む;3.57;なじむ;Get used to it;[9999, 548];99;;vocab
10881;代物;3.57;しろもの;thing;[1080, 1129];29;;vocab
10882;パズル;3.57;パズル;puzzle;[];0;5;loanword
10883;蚊;3.56;か;mosquito;[1864];45;;vocab
10884;バッファ;3.56;バッファ;buffer;[];0;5;loanword
10885;聴覚;3.56;ちょうかく;the sense of hearing;[890, 347];25;;vocab
10886;即時;3.56;そくじ;prompt;[1572, 171];38;;vocab
10887;謂;3.56;いい;So-called;[9999];99;;vocab
10888;飯田;3.56;いいだ;Iida;[1583, 14];38;;vocab
10889;塗料;3.56;とりょう;paints;[1792, 1262];43;;vocab
10890;新車;3.56;しんしゃ;new car;[1619, 304];39;;vocab
10891;井戸;3.56;いど;water well;[1946, 1157];48;;vocab
10892;赤坂;3.56;あかさか;Akasaka;[1880, 780];45;;vocab
10893;リポート;3.56;リポート;Report;[];0;5;loanword
10894;鈍い;3.56;にぶい;dull;[1611];39;;vocab
10895;納付;3.56;のうふ;payment;[1456, 1075];36;;vocab
10896;少人数;3.56;しょうにんずう;small number of people;[111, 1023, 998];27;;vocab
10897;俗;3.56;ぞく;vulgarity;[1042];27;;vocab
10898;無謀;3.56;むぼう;reckless;[1913, 1897];46;;vocab
10899;花嫁;3.56;はなよめ;bride;[1084, 581];27;;vocab
10900;選び方;3.56;えらびかた;How to choose;[1944, 529];47;;vocab
10901;服用;3.56;ふくよう;taking medicine;[1501, 1265];37;;vocab
10902;あとがき;3.56;あとがき;Afterword;[];0;5;vocab
10903;パッド;3.56;パッド;pad;[];0;5;loanword
10904;授与;3.56;じゅよ;award;[795, 1335];33;;vocab
10905;標高;3.56;ひょうこう;elevation;[1734, 329];41;;vocab
10906;代える;3.56;かえる;Replace;[1080];27;;vocab
10907;図形;3.56;づけい;figure;[1264, 1847];45;;vocab
10908;穀物;3.56;こくもつ;grain;[984, 1129];29;;vocab
10909;困惑;3.56;こんわく;bewilderment;[621, 661];22;;vocab
10910;分厚い;3.56;ぶあつい;Thick;[844, 132];24;;vocab
10911;文学部;3.56;ぶんがくぶ;Faculty of Letters;[1861, 346, 1988];49;;vocab
10912;上京;3.56;じょうきょう;proceeding to the capital;[50, 334];14;;vocab
10913;リフレッシュ;3.56;リフレッシュ;Refresh;[];0;5;loanword
10914;ミュージアム;3.55;ミュージアム;Museum;[];0;5;loanword
10915;っちゅう;3.55;っちゅう;chū;[];0;5;vocab
10916;つくば;3.55;つくば;Tsukuba;[];0;5;vocab
10917;蒸気;3.55;じょうき;steam;[2049, 2030];51;;vocab
10918;電磁波;3.55;でんじは;electromagnetic waves;[574, 1491, 866];36;;vocab
10919;強固;3.55;きょうこ;firmness;[1321, 622];33;;vocab
10920;姉ちゃん;3.55;ねえちゃん;Big sister;[442];18;;vocab
10921;万能;3.55;ばんのう;all-purpose;[68, 2160];54;;vocab
10922;吉野;3.55;よしの;Yoshino;[342, 1722];41;;vocab
10923;結集;3.55;けっしゅう;concentration;[1451, 601];36;;vocab
10924;メタル;3.55;メタル;metal;[];0;5;loanword
10925;役場;3.55;やくば;town hall;[949, 584];25;;vocab
10926;忍者;3.55;にんじゃ;ninja;[642, 1345];34;;vocab
10927;桜井;3.55;さくらい;Sakurai;[2082, 1946];53;;vocab
10928;必至;3.55;ひっし;inevitable;[685, 815];23;;vocab
10929;仕入れ;3.55;しいれ;Purchasing;[1033, 842];27;;vocab
10930;侮辱;3.55;ぶじょく;insult;[1064, 2165];55;;vocab
10931;寄稿;3.55;きこう;contribution;[204, 958];26;;vocab
10932;となり;3.55;となり;noun (neighbor);[];0;5;vocab
10933;慮る;3.55;おもんばかる;consider;[2151];54;;vocab
10934;カラダ;3.55;カラダ;Body;[];0;5;loanword
10935;吉岡;3.54;よしおか;Yoshioka;[342, 2112];53;;vocab
10936;作法;3.54;さほう;manners;[1224, 813];31;;vocab
10937;良識;3.54;りょうしき;good sense;[1578, 521];38;;vocab
10938;バレンタイン;3.54;バレンタイン;Valentine;[];0;5;loanword
10939;味覚;3.54;みかく;taste;[233, 347];15;;vocab
10940;新潮社;3.54;しんちょうしゃ;Shinchosha;[1619, 152, 1173];39;;vocab
10941;番外;3.54;ばんがい;exception;[2058, 116];52;;vocab
10942;向かい;3.54;むかい;opposite;[195];9;;vocab
10943;受託;3.54;じゅたく;being entrusted with;[794, 2066];52;;vocab
10944;大学院生;3.54;だいがくいんせい;graduate student;[112, 346, 1401, 1675];40;;vocab
10945;クリーニング;3.54;クリーニング;cleaning;[];0;5;loanword
10946;歩き回る;3.54;あるきまわる;Walk around;[397, 630];22;;vocab
10947;平田;3.54;ひらた;Hirata;[1596, 14];39;;vocab
10948;メダル;3.54;メダル;medal;[];0;5;loanword
10949;時給;3.54;じきゅう;hourly pay;[171, 1449];36;;vocab
10950;ニセ;3.54;ニセ;Fake;[];0;5;loanword
10951;片づける;3.54;かたづける;Tidy up;[1297];32;;vocab
10952;小松;3.54;こまつ;small pine;[110, 848];24;;vocab
10953;派閥;3.54;はばつ;clique;[1999, 1746];50;;vocab
10954;傍ら;3.54;かたわら;beside;[1090];27;;vocab
10955;米価;3.54;べいか;rice price;[987, 1729];41;;vocab
10956;苦しめる;3.54;くるしめる;torment;[239];10;;vocab
10957;テクノ;3.54;テクノ;Techno;[];0;5;loanword
10958;着信;3.54;ちゃくしん;arrival;[594, 1043];27;;vocab
10959;相応;3.54;そうおう;suitability;[222, 653];22;;vocab
10960;終焉;3.54;しゅうえん;demise;[1452, 9999];99;;vocab
10961;テール;3.54;テール;Tail;[];0;5;loanword
10962;樹立;3.54;じゅりつ;establish;[1554, 462];38;;vocab
10963;係数;3.54;けいすう;coefficient;[1493, 998];36;;vocab
10964;堤;3.53;つつみ;embankment;[416];17;;vocab
10965;大して;3.53;たいして;much;[112];7;;vocab
10966;遣う;3.53;つかう;send;[1910];46;;vocab
10967;公然;3.53;こうぜん;open;[847, 256];24;;vocab
10968;空手;3.53;からて;karate;[1414, 687];35;;vocab
10969;歌舞伎町;3.53;かぶきちょう;Kabukicho;[508, 1912, 1040, 96];46;;vocab
10970;鹿島;3.53;かしま;Kashima;[2154, 2098];54;;vocab
10971;西尾;3.53;にしお;Nishio;[1728, 2064];52;;vocab
10972;ブラインド;3.53;ブラインド;BLIND;[];0;5;loanword
10973;木下;3.53;きのした;Kinoshita;[207, 51];10;;vocab
10974;ただちに;3.53;ただちに;Immediately;[];0;5;vocab
10975;模擬;3.53;もぎ;imitation;[244, 1514];37;;vocab
10976;崎;3.53;さき;Saki;[840];24;;vocab
10977;始動;3.53;しどう;starting;[809, 1806];43;;vocab
10978;力量;3.53;りきりょう;ability;[922, 189];25;;vocab
10979;舐める;3.53;なめる;lick;[9999];99;;vocab
10980;ハブ;3.53;ハブ;Hub;[];0;5;loanword
10981;散会;3.53;さんかい;adjournment;[1273, 814];32;;vocab
10982;歓声;3.53;かんせい;cheer;[612, 2044];51;;vocab
10983;逃避;3.53;とうひ;escape;[301, 1618];39;;vocab
10984;ワシ;3.53;ワシ;Eagle;[];0;5;loanword
10985;道路公団;3.53;どうろこうだん;Japan Highway Public Corporation;[295, 1376, 847, 625];34;;vocab
10986;ぼう;3.52;ぼう;stick;[];0;5;vocab
10987;併合;3.52;へいごう;merger;[1107, 269];28;;vocab
10988;留保;3.52;りゅうほ;reserving;[1527, 1072];37;;vocab
10989;秋山;3.52;あきやま;Akiyama;[966, 830];26;;vocab
10990;有志;3.52;ゆうし;voluntary;[83, 645];22;;vocab
10991;カプセル;3.52;カプセル;capsule;[];0;5;loanword
10992;処女;3.52;しょじょ;virgin;[318, 102];13;;vocab
10993;参院;3.52;さんいん;House of Councillors;[1856, 1401];45;;vocab
10994;カナ;3.52;カナ;Kana;[];0;5;loanword
10995;バリュー;3.52;バリュー;value;[];0;5;loanword
10996;わざ;3.52;わざ;Moves;[];0;5;vocab
10997;お忙しい;3.52;おいそがしい;Busy;[665];22;;vocab
10998;ホームステイ;3.52;ホームステイ;Homestay;[];0;5;loanword
10999;感銘;3.52;かんめい;deep impression;[662, 293];22;;vocab
11000;おん;3.52;おん;On;[];0;5;vocab
11001;増設;3.52;ぞうせつ;extension;[541, 765];23;;vocab
11002;旅立つ;3.52;たびだつ;Departure;[1127, 462];29;;vocab
11003;浪費;3.52;ろうひ;waste;[1580, 1326];38;;vocab
11004;籍;3.52;せき;Registration;[1689];40;;vocab
11005;おぼえる;3.52;おぼえる;Learn;[];0;5;vocab
11006;直樹;3.52;なおき;Naoki;[77, 1554];38;;vocab
11007;ノック;3.52;ノック;knock;[];0;5;loanword
11008;派生;3.52;はせい;derivation;[1999, 1675];50;;vocab
11009;指紋;3.52;しもん;fingerprint;[711, 1863];45;;vocab
11010;小児科;3.52;しょうにか;Pediatrics;[110, 62, 1263];31;;vocab
11011;舞踊;3.52;ぶよう;dancing;[1912, 1512];46;;vocab
11012;振り向く;3.52;ふりむく;turn around;[2167, 195];55;;vocab
11013;使い分ける;3.52;つかいわける;Use them appropriately;[1065, 844];27;;vocab
11014;益々;3.52;ますます;Increasingly;[2026];51;;vocab
11015;アンコール;3.52;アンコール;Encore;[];0;5;loanword
11016;墜落;3.52;ついらく;falling;[1404, 320];35;;vocab
11017;鯨;3.51;くじら;whale;[337];14;;vocab
11018;アンサンブル;3.51;アンサンブル;ensemble;[];0;5;loanword
11019;鉢;3.51;はち;pot;[289];12;;vocab
11020;少量;3.51;しょうりょう;small dose;[111, 189];9;;vocab
11021;おき;3.51;おき;Oki;[];0;5;vocab
11022;利潤;3.51;りじゅん;profit;[972, 1755];42;;vocab
11023;信条;3.51;しんじょう;creed;[1043, 319];27;;vocab
11024;哲也;3.51;てつや;Tetsuya;[1212, 9999];99;;vocab
11025;しき;3.51;しき;Shiki;[];0;5;vocab
11026;反転;3.51;はんてん;rolling over;[779, 449];23;;vocab
11027;社外;3.51;しゃがい;outside the company;[1173, 116];30;;vocab
11028;応対;3.51;おうたい;receiving;[653, 1862];45;;vocab
11029;量産;3.51;りょうさん;mass production;[189, 1681];40;;vocab
11030;アンダー;3.51;アンダー;under;[];0;5;loanword
11031;ジェームズ;3.51;ジェームズ;James;[];0;5;loanword
11032;延;3.51;のべ;Nobu;[419];17;;vocab
11033;いやあ;3.51;いやあ;Oh no;[];0;5;vocab
11034;後世;3.51;こうせい;posterity;[1479, 28];36;;vocab
11035;見慣れる;3.5;みなれる;be familiar;[61, 674];22;;vocab
11036;移入;3.5;いにゅう;importation;[964, 842];26;;vocab
11037;保健所;3.5;ほけんじょ;public health center;[1072, 1048, 1208];31;;vocab
11038;情景;3.5;じょうけい;spectacle;[1657, 336];40;;vocab
11039;亀井;3.5;かめい;Kamei;[573, 1946];48;;vocab
11040;チコ;3.5;チコ;Chico;[];0;5;loanword
11041;ミクロ;3.5;ミクロ;micro;[];0;5;loanword
11042;呼称;3.5;こしょう;naming;[1597, 971];39;;vocab
11043;旅人;3.5;たびびと;traveller;[1127, 1023];29;;vocab
11044;迫害;3.5;はくがい;persecution;[300, 1671];40;;vocab
11045;肩書き;3.5;かたがき;Title;[1158, 349];29;;vocab
11046;インフォメーション;3.5;インフォメーション;Information;[];0;5;loanword
11047;ナス;3.5;ナス;eggplant;[];0;5;loanword
11048;水曜;3.5;すいよう;Wednesday;[137, 618];21;;vocab
11049;丸ごと;3.5;まるごと;Whole;[44];3;;vocab
11050;はずれ;3.5;はずれ;Miss;[];0;5;vocab
11051;ソファー;3.5;ソファー;sofa;[];0;5;loanword
11052;オーディション;3.5;オーディション;audition;[];0;5;loanword
11053;オピニオン;3.5;オピニオン;opinion;[];0;5;loanword
11054;ジレンマ;3.5;ジレンマ;dilemma;[];0;5;loanword
11055;差し込む;3.5;さしこむ;Insert;[593, 843];24;;vocab
11056;ハリス;3.5;ハリス;Harris;[];0;5;loanword
11057;明後日;3.49;みょうごにち;the day after tomorrow;[20, 1479, 12];36;;vocab
11058;吹奏楽;3.49;すいそうがく;Wind orchestra;[506, 1693, 1872];45;;vocab
11059;下院;3.49;かいん;House of Representatives;[51, 1401];35;;vocab
11060;わら;3.49;わら;straw;[];0;5;vocab
11061;石綿;3.49;いしわた;asbestos;[118, 1467];36;;vocab
11062;サンデー;3.49;サンデー;Sunday;[];0;5;loanword
11063;ハリケーン;3.49;ハリケーン;hurricane;[];0;5;loanword
11064;消;3.49;しょう;Disappear;[155];8;;vocab
11065;共鳴;3.49;きょうめい;resonance;[1934, 2092];53;;vocab
11066;主たる;3.49;しゅたる;main;[284];12;;vocab
11067;身の回り;3.49;みのまわり;Personal surroundings;[1337, 630];34;;vocab
11068;激減;3.49;げきげん;dropping sharply;[536, 391];19;;vocab
11069;こぼす;3.49;こぼす;spill;[];0;5;vocab
11070;そら;3.49;そら;Sky;[];0;5;vocab
11071;壊滅;3.49;かいめつ;destruction;[427, 390];18;;vocab
11072;換気;3.49;かんき;ventilation;[1122, 2030];51;;vocab
11073;レバー;3.49;レバー;lever;[];0;5;loanword
11074;空腹;3.49;くうふく;hunger;[1414, 503];35;;vocab
11075;来訪;3.49;らいほう;visit;[2029, 534];51;;vocab
11076;ポートフォリオ;3.49;ポートフォリオ;portfolio;[];0;5;loanword
11077;電動;3.49;でんどう;electric;[574, 1806];43;;vocab
11078;ふむ;3.49;ふむ;Hmm;[];0;5;vocab
11079;セクハラ;3.49;セクハラ;sexual harassment;[];0;5;loanword
11080;共著;3.49;きょうちょ;collaboration;[1934, 1347];47;;vocab
11081;ブルジョア;3.49;ブルジョア;bourgeois;[];0;5;loanword
11082;オンリー;3.49;オンリー;only;[];0;5;loanword
11083;期末;3.49;きまつ;end of term;[1902, 231];46;;vocab
11084;ほかなる;3.48;ほかなる;Other;[];0;5;vocab
11085;縄文;3.48;じょうもん;Jomon period;[1477, 1861];45;;vocab
11086;ゴールデンウィーク;3.48;ゴールデンウィーク;Golden Week;[];0;5;loanword
11087;必修;3.48;ひっしゅう;required;[685, 1858];45;;vocab
11088;人文;3.48;じんぶん;humanity;[1023, 1861];45;;vocab
11089;のく;3.48;のく;Noku;[];0;5;vocab
11090;シューズ;3.48;シューズ;Shoes;[];0;5;loanword
11091;オファー;3.48;オファー;Offer;[];0;5;loanword
11092;フン;3.48;フン;Hmph;[];0;5;loanword
11093;替わる;3.48;かわる;Replace;[905];25;;vocab
11094;るる;3.48;るる;Ruru;[];0;5;vocab
11095;定か;3.48;さだか;Certain;[408];17;;vocab
11096;ヤマ;3.48;ヤマ;Yama;[];0;5;loanword
11097;読了;3.48;どくりょう;finish reading;[372, 101];15;;vocab
11098;山岳;3.48;さんがく;mountains;[830, 1428];35;;vocab
11099;ヤード;3.47;ヤード;Yard;[];0;5;loanword
11100;発祥;3.47;はっしょう;origin;[1840, 1169];44;;vocab
11101;浴衣;3.47;ゆかた;yukata;[852, 423];24;;vocab
11102;亡くす;3.47;なくす;lose;[524];19;;vocab
11103;交互;3.47;こうご;mutual;[1368, 819];34;;vocab
11104;淡々;3.47;たんたん;uninterested;[176];8;;vocab
11105;ワープロ;3.47;ワープロ;word processor;[];0;5;loanword
11106;すごす;3.47;すごす;spend;[];0;5;vocab
11107;半減;3.47;はんげん;reduction by half;[1286, 391];32;;vocab
11108;セーブ;3.47;セーブ;save;[];0;5;loanword
11109;不必要;3.47;ふひつよう;unnecessary;[1302, 685, 1730];41;;vocab
11110;メトロ;3.47;メトロ;Metro;[];0;5;loanword
11111;不振;3.47;ふしん;dullness;[1302, 2167];55;;vocab
11112;ホルダー;3.47;ホルダー;holder;[];0;5;loanword
11113;頭部;3.47;とうぶ;head;[1549, 1988];49;;vocab
11114;盛り;3.47;もり;portion;[1567];38;;vocab
11115;新入;3.47;しんにゅう;newly arrived;[1619, 842];39;;vocab
11116;降ろす;3.47;おろす;unload;[1405];35;;vocab
11117;点滴;3.47;てんてき;raindrops;[181, 474];18;;vocab
11118;行き先;3.47;ゆきさき;destination;[938, 263];25;;vocab
11119;島田;3.47;しまだ;pompadour-like hair style, popular for unmarried women in the Edo period;[2098, 14];53;;vocab
11120;中原;3.46;なかはら;middle of a field;[39, 142];8;;vocab
11121;感度;3.46;かんど;sensitivity;[662, 1278];32;;vocab
11122;エコノミスト;3.46;エコノミスト;economist;[];0;5;loanword
11123;儀礼;3.46;ぎれい;etiquette;[1059, 1168];30;;vocab
11124;弾道;3.46;だんどう;trajectory;[2081, 295];53;;vocab
11125;背筋;3.46;せすじ;the muscles along the spine;[481, 1012];26;;vocab
11126;圭;3.46;けい;Kei;[167];8;;vocab
11127;時速;3.46;じそく;speed;[171, 1799];43;;vocab
11128;運び;3.46;はこび;Transport;[325];14;;vocab
11129;我ら;3.46;われら;We;[690];23;;vocab
11130;日弁連;3.46;にちべんれん;Japan Federation of Bar Associations;[12, 803, 305];23;;vocab
11131;実業;3.46;じつぎょう;industry;[1694, 1931];47;;vocab
11132;マックス;3.46;マックス;Max;[];0;5;loanword
11133;換える;3.46;かえる;exchange;[1122];28;;vocab
11134;昇進;3.46;しょうしん;promotion;[43, 603];21;;vocab
11135;慣行;3.46;かんこう;customary practice;[674, 938];25;;vocab
11136;ダース;3.46;ダース;dozen;[];0;5;loanword
11137;親善;3.46;しんぜん;friendship;[1621, 1112];39;;vocab
11138;やけに;3.46;やけに;Strangely;[];0;5;vocab
11139;膨張;3.45;ぼうちょう;expansion;[1855, 2071];52;;vocab
11140;ダイヤル;3.45;ダイヤル;Dial;[];0;5;loanword
11141;かかわり;3.45;かかわり;Involvement;[];0;5;vocab
11142;売上げ;3.45;うりあげ;Sales;[345, 50];14;;vocab
11143;合気道;3.45;あいきどう;Aikido;[269, 2030, 295];51;;vocab
11144;だるい;3.45;だるい;Tired;[];0;5;vocab
11145;向;3.45;むかい;Direction;[195];9;;vocab
11146;消毒;3.45;しょうどく;disinfection;[155, 1651];40;;vocab
11147;代謝;3.45;たいしゃ;renewal;[1080, 1339];34;;vocab
11148;すじ;3.45;すじ;veins;[];0;5;vocab
11149;レポ;3.45;レポ;Report;[];0;5;loanword
11150;内緒;3.45;ないしょ;secrecy;[1095, 1444];36;;vocab
11151;晩年;3.45;ばんねん;last years;[2128, 1114];53;;vocab
11152;保留;3.45;ほりゅう;reserve;[1072, 1527];37;;vocab
11153;サバ;3.45;サバ;mackerel;[];0;5;loanword
11154;幾何;3.45;きか;geometry;[1481, 1087];36;;vocab
11155;書簡;3.45;しょかん;letter;[349, 1749];42;;vocab
11156;過ぎ去る;3.45;すぎさる;pass away;[1389, 812];34;;vocab
11157;強姦;3.45;ごうかん;rape;[1321, 9999];99;;vocab
11158;わが家;3.45;わがや;My home;[580];21;;vocab
11159;長老;3.45;ちょうろう;eldest;[2070, 1340];52;;vocab
11160;今季;3.45;こんき;this season;[1711, 978];41;;vocab
11161;宣告;3.45;せんこく;sentence;[200, 262];11;;vocab
11162;滞る;3.45;とどこおる;be delayed;[445];18;;vocab
11163;樹脂;3.45;じゅし;resin;[1554, 494];38;;vocab
11164;ひととき;3.45;ひととき;moment;[];0;5;vocab
11165;首長;3.45;しゅちょう;head;[74, 2070];52;;vocab
11166;食い;3.45;くい;Eat;[1582];38;;vocab
11167;セレクト;3.45;セレクト;select;[];0;5;loanword
11168;未成年;3.44;みせいねん;minor;[229, 386, 1114];28;;vocab
11169;コーラ;3.44;コーラ;Cola;[];0;5;loanword
11170;受益;3.44;じゅえき;benefitting by;[794, 2026];51;;vocab
11171;カントリー;3.44;カントリー;Country;[];0;5;loanword
11172;アラスカ;3.44;アラスカ;Alaska;[];0;5;loanword
11173;見捨てる;3.44;みすてる;abandon;[61, 707];23;;vocab
11174;アインシュタイン;3.44;アインシュタイン;Einstein;[];0;5;loanword
11175;待望;3.44;たいぼう;expectant waiting;[944, 528];25;;vocab
11176;思ふ;3.44;おもふ;I think;[651];22;;vocab
11177;歪み;3.44;ゆがみ;distortion;[9999];99;;vocab
11178;特区;3.44;とっく;special ward;[261, 1831];44;;vocab
11179;スキャンダル;3.44;スキャンダル;scandal;[];0;5;loanword
11180;苦戦;3.44;くせん;hard fight;[239, 2079];53;;vocab
11181;君主;3.44;くんしゅ;ruler;[1246, 284];31;;vocab
11182;公債;3.44;こうさい;public debt;[847, 1664];40;;vocab
11183;キラキラ;3.44;キラキラ;Sparkling;[];0;5;loanword
11184;鷹;3.43;たか;hawk;[9999];99;;vocab
11185;いち早い;3.43;いちはやい;First to;[26];2;;vocab
11186;感じ取る;3.43;かんじとる;feel;[662, 882];25;;vocab
11187;につき;3.43;につき;per;[];0;5;vocab
11188;能率;3.43;のうりつ;efficiency;[2160, 1874];54;;vocab
11189;にせる;3.43;にせる;Make it;[];0;5;vocab
11190;バレー;3.43;バレー;Volleyball;[];0;5;loanword
11191;咳;3.43;せき;cough;[9999];99;;vocab
11192;渡航;3.43;とこう;voyage;[1279, 2014];50;;vocab
11193;くわえる;3.43;くわえる;Mouth;[];0;5;vocab
11194;星座;3.43;せいざ;constellation;[1676, 1100];40;;vocab
11195;セットアップ;3.43;セットアップ;set up;[];0;5;loanword
11196;勝者;3.43;しょうしゃ;winner;[1294, 1345];34;;vocab
11197;内藤;3.43;ないとう;Naito;[1095, 1295];32;;vocab
11198;アポ;3.43;アポ;Appointment;[];0;5;loanword
11199;真空;3.43;しんくう;vacuum;[79, 1414];35;;vocab
11200;健在;3.43;けんざい;in good health;[1048, 740];27;;vocab
11201;一帯;3.43;いったい;region;[1, 444];18;;vocab
11202;決戦;3.43;けっせん;decisive battle;[1770, 2079];53;;vocab
11203;放射能;3.43;ほうしゃのう;radioactivity;[535, 1338, 2160];54;;vocab
11204;原型;3.43;げんけい;prototype;[142, 735];23;;vocab
11205;淵;3.43;ふち;Abyss;[9999];99;;vocab
11206;高揚;3.43;こうよう;enhancement;[329, 717];23;;vocab
11207;無人;3.43;むじん;lack of help;[1913, 1023];46;;vocab
11208;水戸;3.43;みと;Mito;[137, 1157];29;;vocab
11209;眉;3.43;まゆ;eyebrow;[2045];51;;vocab
11210;調味;3.42;ちょうみ;seasoning;[373, 233];15;;vocab
11211;湿気;3.42;しっけ;moisture;[1927, 2030];51;;vocab
11212;連立;3.42;れんりつ;alliance;[305, 462];18;;vocab
11213;とら;3.42;とら;Tora;[];0;5;vocab
11214;長々;3.42;ながなが;long;[2070];52;;vocab
11215;ひも;3.42;ひも;string;[];0;5;vocab
11216;町田;3.42;まちだ;Machida;[96, 14];5;;vocab
11217;カバン;3.42;カバン;Bag;[];0;5;loanword
11218;火力;3.42;かりょく;heating power;[173, 922];25;;vocab
11219;靖;3.42;やすし;Yasushi;[9999];99;;vocab
11220;トライアル;3.42;トライアル;Trial;[];0;5;loanword
11221;修学旅行;3.42;しゅうがくりょこう;school trip;[1858, 346, 1127, 938];45;;vocab
11222;草原;3.42;そうげん;grass-covered plain;[238, 142];10;;vocab
11223;ていう;3.42;ていう;That is;[];0;5;vocab
11224;メンテ;3.42;メンテ;Maintenance;[];0;5;loanword
11225;すばやい;3.42;すばやい;Quick;[];0;5;vocab
11226;田口;3.42;たぐち;Taguchi;[14, 11];1;;vocab
11227;目の当たり;3.41;まのあたり;Eyewitness;[15, 1236];31;;vocab
11228;ピット;3.41;ピット;pit;[];0;5;loanword
11229;呈す;3.41;ていす;present;[280];12;;vocab
11230;甥;3.41;おい;nephew;[9999];99;;vocab
11231;積;3.41;せき;product;[1663];40;;vocab
11232;耕;3.41;こう;cultivation;[1949];48;;vocab
11233;コク;3.41;コク;Richness;[];0;5;loanword
11234;省エネ;3.41;しょうえね;Energy saving;[131];7;;vocab
11235;レック;3.41;レック;Wreck;[];0;5;loanword
11236;出国;3.41;しゅっこく;departure from a country;[829, 624];24;;vocab
11237;リボン;3.41;リボン;ribbon;[];0;5;loanword
11238;ロク;3.41;ロク;Roku;[];0;5;loanword
11239;葉っぱ;3.41;はっぱ;leaves;[243];10;;vocab
11240;年来;3.41;ねんらい;for some years;[1114, 2029];51;;vocab
11241;あいにく;3.41;あいにく;Unfortunately;[];0;5;vocab
11242;被爆;3.41;ひばく;being bombed;[870, 1942];47;;vocab
11243;パウロ;3.41;パウロ;Paul;[];0;5;loanword
11244;内戦;3.41;ないせん;civil war;[1095, 2079];53;;vocab
11245;小麦;3.41;こむぎ;wheat;[110, 1653];40;;vocab
11246;はしゃぐ;3.41;はしゃぐ;get excited;[];0;5;vocab
11247;ちび;3.41;ちび;Chibi;[];0;5;vocab
11248;電話機;3.41;でんわき;telephone;[574, 368, 1482];36;;vocab
11249;じゃぁ;3.41;じゃぁ;Well then;[];0;5;vocab
11250;大久保;3.41;おおくぼ;Okubo;[112, 1092, 1072];27;;vocab
11251;村人;3.4;むらびと;villager;[221, 1023];27;;vocab
11252;各人;3.4;かくじん;each person;[311, 1023];27;;vocab
11253;故に;3.4;ゆえに;Therefore;[355];15;;vocab
11254;退席;3.4;たいせき;leaving one's seat;[1575, 1277];38;;vocab
11255;含有;3.4;がんゆう;contain;[1712, 83];41;;vocab
11256;可愛らしい;3.4;かわいらしい;lovely;[97, 796];23;;vocab
11257;依る;3.4;よる;depend;[1045];27;;vocab
11258;大まか;3.4;おおまか;rough;[112];7;;vocab
11259;親方;3.4;おやかた;master;[1621, 529];39;;vocab
11260;らく;3.4;らく;Easy;[];0;5;vocab
11261;通院;3.39;つういん;commuting to hospital;[1511, 1401];37;;vocab
11262;衰える;3.39;おとろえる;waste away;[2037];51;;vocab
11263;細;3.39;ほそ;Thin;[1463];36;;vocab
11264;値引き;3.39;ねびき;discount;[1052, 1318];33;;vocab
11265;ツイン;3.39;ツイン;twin;[];0;5;loanword
11266;ハリ;3.39;ハリ;Hari;[];0;5;loanword
11267;風習;3.39;ふうしゅう;custom;[563, 616];21;;vocab
11268;まね;3.39;まね;Imitation;[];0;5;vocab
11269;乖離;3.39;かいり;divergence;[9999, 1605];99;;vocab
11270;食らう;3.39;くらう;Eat;[1582];38;;vocab
11271;リバー;3.39;リバー;River;[];0;5;loanword
11272;波及;3.39;はきゅう;spread;[866, 743];25;;vocab
11273;ウー;3.39;ウー;Woo;[];0;5;loanword
11274;凶;3.39;きょう;Evil;[1603];39;;vocab
11275;使徒;3.39;しと;apostle;[1065, 943];27;;vocab
11276;見積;3.39;みつもり;estimate;[61, 1663];40;;vocab
11277;ニフティ;3.39;ニフティ;Nifty;[];0;5;loanword
11278;キャスター;3.39;キャスター;caster;[];0;5;loanword
11279;公務;3.39;こうむ;official business;[847, 1313];33;;vocab
11280;同然;3.39;どうぜん;similar to;[192, 256];11;;vocab
11281;元来;3.39;がんらい;originally;[63, 2029];51;;vocab
11282;披露宴;3.39;ひろうえん;reception;[868, 1377, 203];34;;vocab
11283;閉じ込める;3.38;とじこめる;lock up;[1751, 843];42;;vocab
11284;為す;3.38;なす;do;[2067];52;;vocab
11285;一読;3.38;いちどく;perusal;[1, 372];15;;vocab
11286;孤児;3.38;こじ;orphan;[2024, 62];50;;vocab
11287;恣意;3.38;しい;arbitrariness;[641, 654];22;;vocab
11288;実演;3.38;じつえん;stage show;[1694, 2163];55;;vocab
11289;媒介;3.38;ばいかい;intermediary;[1898, 265];46;;vocab
11290;ブーツ;3.38;ブーツ;boots;[];0;5;loanword
11291;勝ち取る;3.38;かちとる;Win;[1294, 882];32;;vocab
11292;グリップ;3.38;グリップ;grip;[];0;5;loanword
11293;爽快;3.38;そうかい;refreshing;[1608, 1771];42;;vocab
11294;照会;3.38;しょうかい;inquiry;[182, 814];23;;vocab
11295;磁気;3.38;じき;magnetism;[1491, 2030];51;;vocab
11296;他人事;3.38;たじんじ;Other people's affairs;[1034, 1023, 1240];31;;vocab
11297;かすか;3.38;かすか;faint;[];0;5;vocab
11298;一線;3.38;いっせん;line;[1, 1438];36;;vocab
11299;クラーク;3.38;クラーク;Clark;[];0;5;loanword
11300;生ずる;3.38;しょうずる;arise;[1675];40;;vocab
11301;石鹸;3.38;せっけん;soap;[118, 9999];99;;vocab
11302;別名;3.37;べつめい;alias;[94, 117];7;;vocab
11303;堕落;3.37;だらく;depravity;[1411, 320];35;;vocab
11304;カクテル;3.37;カクテル;cocktail;[];0;5;loanword
11305;淋しい;3.37;さびしい;lonely;[9999];99;;vocab
11306;節目;3.37;ふしめ;turning point;[1574, 15];38;;vocab
11307;レイプ;3.37;レイプ;rape;[];0;5;loanword
11308;愛読;3.37;あいどく;reading with pleasure;[796, 372];23;;vocab
11309;精霊;3.37;せいれい;spirit;[1655, 1930];47;;vocab
11310;資する;3.37;しする;Contribute;[512];18;;vocab
11311;丁;3.37;ちょう;Ding;[95];5;;vocab
11312;ひいては;3.37;ひいては;Ultimately;[];0;5;vocab
11313;五つ;3.37;いつつ;five;[5];1;;vocab
11314;セントラル;3.37;セントラル;Central;[];0;5;loanword
11315;高官;3.37;こうかん;high official;[329, 1363];34;;vocab
11316;廣;3.37;ひろし;Hiroshi;[9999];99;;vocab
11317;プレミア;3.37;プレミア;Premier;[];0;5;loanword
11318;荷;3.37;に;load;[1088];27;;vocab
11319;まとう;3.37;まとう;Wear;[];0;5;vocab
11320;今期;3.37;こんき;the present term;[1711, 1902];46;;vocab
11321;繁盛;3.37;はんじょう;prosperity;[1435, 1567];38;;vocab
11322;はめる;3.37;はめる;Fit;[];0;5;vocab
11323;下位;3.37;かい;low rank;[51, 1028];27;;vocab
11324;婚姻;3.37;こんいん;marriage;[1972, 627];49;;vocab
11325;五郎;3.37;ごろう;Goro;[5, 1995];49;;vocab
11326;ぬいぐるみ;3.37;ぬいぐるみ;stuffed toy;[];0;5;vocab
11327;休める;3.37;やすめる;rest;[1038];27;;vocab
11328;兆し;3.37;きざし;signs;[250];11;;vocab
11329;奏でる;3.37;かなでる;Play;[1693];40;;vocab
11330;組み立て;3.37;くみたて;assembly;[1914, 462];47;;vocab
11331;基く;3.36;もとづく;Based on;[1904];46;;vocab
11332;半端;3.36;はんぱ;remnant;[1286, 1251];32;;vocab
11333;スカウト;3.36;スカウト;scout;[];0;5;loanword
11334;西田;3.36;にしだ;Nishida;[1728, 14];41;;vocab
11335;スケッチ;3.36;スケッチ;sketch;[];0;5;loanword
11336;嘉;3.36;よしみ;Ka;[9999];99;;vocab
11337;ドリル;3.36;ドリル;drill;[];0;5;loanword
11338;切り開く;3.36;きりひらく;Cut open;[89, 1750];42;;vocab
11339;アウトドア;3.36;アウトドア;Outdoor;[];0;5;loanword
11340;気まぐれ;3.36;きまぐれ;Whimsical;[2030];51;;vocab
11341;やり直す;3.36;やりなおす;Start over;[77];5;;vocab
11342;スクエア;3.36;スクエア;Square;[];0;5;loanword
11343;間際;3.36;まぎわ;on the verge of;[1747, 1392];42;;vocab
11344;歩き;3.36;あるき;Walking;[397];17;;vocab
11345;当てはめる;3.36;あてはめる;Apply;[1236];31;;vocab
11346;リトル;3.36;リトル;Little;[];0;5;loanword
11347;色合い;3.35;いろあい;color;[1890, 269];45;;vocab
11348;頷く;3.35;うなずく;nod;[9999];99;;vocab
11349;基幹;3.35;きかん;mainstay;[1904, 1783];46;;vocab
11350;異国;3.35;いこく;foreign country;[1936, 624];47;;vocab
11351;停車;3.35;ていしゃ;stopping;[1051, 304];27;;vocab
11352;ほんま;3.35;ほんま;Really;[];0;5;vocab
11353;ポテト;3.35;ポテト;potato;[];0;5;loanword
11354;備わる;3.35;そなわる;be prepared;[1267];32;;vocab
11355;谷口;3.35;たにぐち;Taniguchi;[851, 11];24;;vocab
11356;でっかい;3.35;でっかい;huge;[];0;5;vocab
11357;繰り出す;3.35;くりだす;deploy;[1469, 829];36;;vocab
11358;斗;3.35;と;Doo;[1261];31;;vocab
11359;シック;3.35;シック;chic;[];0;5;loanword
11360;風情;3.35;ふぜい;taste;[563, 1657];40;;vocab
11361;原材料;3.35;げんざいりょう;raw materials;[142, 738, 1262];31;;vocab
11362;シリア;3.35;シリア;Syria;[];0;5;loanword
11363;メシ;3.35;メシ;Meal;[];0;5;loanword
11364;構え;3.35;かまえ;Stance;[1959];48;;vocab
11365;大いなる;3.35;おおいなる;Great;[112];7;;vocab
11366;愛人;3.35;あいじん;lover;[796, 1023];27;;vocab
11367;コンディション;3.35;コンディション;condition;[];0;5;loanword
11368;シンガー;3.35;シンガー;singer;[];0;5;loanword
11369;炭酸;3.35;たんさん;carbonic acid;[833, 1545];38;;vocab
11370;ギャル;3.35;ギャル;Gal;[];0;5;loanword
11371;格別;3.35;かくべつ;particular;[312, 94];13;;vocab
11372;掛け;3.35;かけ;Hanging;[727];23;;vocab
11373;ベラ;3.35;ベラ;Bella;[];0;5;loanword
11374;渋い;3.35;しぶい;Cool;[1875];45;;vocab
11375;予知;3.34;よち;foresight;[1719, 1308];41;;vocab
11376;迷い;3.34;まよい;Hesitation;[992];26;;vocab
11377;祝い;3.34;いわい;celebration;[1170];30;;vocab
11378;潮流;3.34;ちょうりゅう;tide;[152, 826];23;;vocab
11379;真意;3.34;しんい;real intention;[79, 654];22;;vocab
11380;大晦日;3.34;おおみそか;New Year's Eve;[112, 9999, 12];99;;vocab
11381;荒らす;3.34;あらす;vandalize;[527];19;;vocab
11382;ぬく;3.34;ぬく;Warm;[];0;5;vocab
11383;満席;3.34;まんせき;full house;[1253, 1277];32;;vocab
11384;ぐるみ;3.34;ぐるみ;stuffed animal;[];0;5;vocab
11385;ジャガイモ;3.34;ジャガイモ;potatoes;[];0;5;loanword
11386;分譲;3.34;ぶんじょう;lots;[844, 1648];39;;vocab
11387;プロダクション;3.34;プロダクション;production;[];0;5;loanword
11388;割れ;3.34;われ;crack;[1673];40;;vocab
11389;特価;3.34;とっか;special price;[261, 1729];41;;vocab
11390;羽目;3.34;はめ;panel;[615, 15];21;;vocab
11391;占う;3.34;うらなう;fortune telling;[49];3;;vocab
11392;くつろぐ;3.34;くつろぐ;Relax;[];0;5;vocab
11393;大差;3.34;たいさ;great difference;[112, 593];21;;vocab
11394;外壁;3.34;がいへき;outer wall;[116, 1616];39;;vocab
11395;阪急;3.34;はんきゅう;Hankyu;[1390, 1229];35;;vocab
11396;キュー;3.34;キュー;queue;[];0;5;loanword
11397;交差;3.34;こうさ;crossing;[1368, 593];34;;vocab
11398;年下;3.34;としした;younger;[1114, 51];28;;vocab
11399;追い詰める;3.34;おいつめる;corner;[1359, 367];34;;vocab
11400;シチュエーション;3.34;シチュエーション;Situation;[];0;5;loanword
11401;かけ離れる;3.34;かけはなれる;Far from;[1605];39;;vocab
11402;ハガキ;3.34;ハガキ;Postcard;[];0;5;loanword
11403;高め;3.34;たかめ;High;[329];14;;vocab
11404;土佐;3.33;とさ;Tosa;[161, 1024];27;;vocab
11405;相反;3.33;そうはん;to be contrary;[222, 779];23;;vocab
11406;私見;3.33;しけん;personal opinion;[968, 61];26;;vocab
11407;ゲノム;3.33;ゲノム;genome;[];0;5;loanword
11408;前夜;3.33;ぜんや;last night;[309, 1115];28;;vocab
11409;不可解;3.33;ふかかい;Inexplicable;[1302, 97, 1955];48;;vocab
11410;非常識;3.33;ひじょうしき;Unreasonable;[1760, 862, 521];42;;vocab
11411;クラッシュ;3.33;クラッシュ;crash;[];0;5;loanword
11412;がらみ;3.33;がらみ;Relationship;[];0;5;vocab
11413;箱根;3.33;はこね;Hakone;[1013, 1571];38;;vocab
11414;段落;3.33;だんらく;paragraph;[2003, 320];50;;vocab
11415;賢;3.33;けん;wise;[915];25;;vocab
11416;返却;3.33;へんきゃく;return of something;[782, 1497];37;;vocab
11417;筆記;3.33;ひっき;notes;[1014, 568];26;;vocab
11418;クリエイティブ;3.33;クリエイティブ;Creative;[];0;5;loanword
11419;学内;3.33;がくない;within the school;[346, 1095];27;;vocab
11420;巧妙;3.33;こうみょう;ingenious;[1329, 130];33;;vocab
11421;可視;3.33;かし;visibility;[97, 1174];30;;vocab
11422;わたす;3.33;わたす;Give;[];0;5;vocab
11423;快晴;3.33;かいせい;clear weather;[1771, 1658];42;;vocab
11424;速攻;3.33;そっこう;swift attack;[1799, 352];43;;vocab
11425;メーカ;3.33;メーカ;Manufacturer;[];0;5;loanword
11426;しみる;3.33;しみる;It stings;[];0;5;vocab
11427;かっこ;3.32;かっこ;parentheses;[];0;5;vocab
11428;続行;3.32;ぞっこう;continuation;[1445, 938];36;;vocab
11429;めんどくさい;3.32;めんどくさい;bothersome;[];0;5;vocab
11430;一概に;3.32;いちがいに;In general;[1, 1594];38;;vocab
11431;グロ;3.32;グロ;Gore;[];0;5;loanword
11432;つっこむ;3.32;つっこむ;poke fun at;[];0;5;vocab
11433;就学;3.32;しゅうがく;entering school;[2121, 346];53;;vocab
11434;表題;3.32;ひょうだい;title;[1666, 415];40;;vocab
11435;お目にかかる;3.32;おめにかかる;I'll meet you;[15];1;;vocab
11436;通算;3.32;つうさん;total;[1511, 1017];37;;vocab
11437;噴火;3.32;ふんか;eruption;[1281, 173];32;;vocab
11438;義務付ける;3.32;ぎむづける;obligate;[691, 1313, 1075];33;;vocab
11439;元年;3.32;がんねん;first year;[63, 1114];28;;vocab
11440;守れる;3.32;まもれる;Can be protected;[198];9;;vocab
11441;見落とす;3.32;みおとす;overlook;[61, 320];13;;vocab
11442;産経;3.32;さんけい;Sankei;[1681, 1460];40;;vocab
11443;クリスタル;3.32;クリスタル;crystal;[];0;5;loanword
11444;ウルトラ;3.32;ウルトラ;Ultra;[];0;5;loanword
11445;悟;3.32;さとる;Satoru;[669];22;;vocab
11446;無くす;3.32;なくす;lose;[1913];46;;vocab
11447;ルーツ;3.32;ルーツ;roots;[];0;5;loanword
11448;掘り下げる;3.32;ほりさげる;Digging Deeper;[1141, 51];29;;vocab
11449;あきらか;3.32;あきらか;obvious;[];0;5;vocab
11450;つれづれ;3.32;つれづれ;Random thoughts;[];0;5;vocab
11451;打ち切る;3.32;うちきる;abort;[705, 89];23;;vocab
11452;団長;3.32;だんちょう;leader of a delegation;[625, 2070];52;;vocab
11453;歳児;3.32;としじ;Year-old;[551, 62];20;;vocab
11454;個々人;3.32;ここじん;Individuals;[1047, 1023];27;;vocab
11455;地雷;3.32;じらい;land mine;[554, 454];21;;vocab
11456;修道;3.32;しゅうどう;learning;[1858, 295];45;;vocab
11457;おす;3.32;おす;Push;[];0;5;vocab
11458;トレーナー;3.32;トレーナー;trainer;[];0;5;loanword
11459;既成;3.32;きせい;established;[1593, 386];38;;vocab
11460;強気;3.32;つよき;confident;[1321, 2030];51;;vocab
11461;結束;3.32;けっそく;union;[1451, 1793];43;;vocab
11462;練;3.32;ねり;training;[1443];36;;vocab
11463;党内;3.32;とうない;party-internal;[860, 1095];27;;vocab
11464;精進;3.32;しょうじん;concentration;[1655, 603];40;;vocab
11465;ビス;3.32;ビス;bis;[];0;5;loanword
11466;自負;3.32;じふ;conceit;[36, 67];4;;vocab
11467;プリンター;3.32;プリンター;printer;[];0;5;loanword
11468;止;3.32;とめ;Stop;[396];17;;vocab
11469;指先;3.31;ゆびさき;fingertip;[711, 263];23;;vocab
11470;信徒;3.31;しんと;layman;[1043, 943];27;;vocab
11471;遠ざかる;3.31;とおざかる;move away;[429];18;;vocab
11472;可哀想;3.31;かわいそう;poor;[97, 428, 656];22;;vocab
11473;定休;3.31;ていきゅう;regular holiday;[408, 1038];27;;vocab
11474;離;3.31;はなれ;away;[1605];39;;vocab
11475;整体;3.31;せいたい;seitai;[1800, 1030];43;;vocab
11476;体型;3.31;たいけい;figure;[1030, 735];27;;vocab
11477;お返し;3.31;おかえし;Return Gift;[782];23;;vocab
11478;段取り;3.31;だんどり;Setup;[2003, 882];50;;vocab
11479;排他;3.31;はいた;exclusion;[1762, 1034];42;;vocab
11480;賞味;3.31;しょうみ;relish;[859, 233];25;;vocab
11481;コツコツ;3.31;コツコツ;Steadily;[];0;5;loanword
11482;差額;3.31;さがく;balance;[593, 316];21;;vocab
11483;強硬;3.31;きょうこう;firm;[1321, 750];33;;vocab
11484;とんでも;3.31;とんでも;Unbelievable;[];0;5;vocab
11485;残虐;3.31;ざんぎゃく;cruelty;[871, 2153];54;;vocab
11486;草案;3.31;そうあん;draft;[238, 227];10;;vocab
11487;密;3.31;みつ;dense;[837];24;;vocab
11488;後押し;3.31;あとおし;boost;[1479, 1195];36;;vocab
11489;きびしい;3.31;きびしい;strict;[];0;5;vocab
11490;めずらしい;3.31;めずらしい;rare;[];0;5;vocab
11491;修道院;3.3;しゅうどういん;monastery;[1858, 295, 1401];45;;vocab
11492;アルファ;3.3;アルファ;alpha;[];0;5;loanword
11493;新卒;3.3;しんそつ;graduate;[1619, 1102];39;;vocab
11494;ダイエー;3.3;ダイエー;Daiei;[];0;5;loanword
11495;齢;3.3;よわい;age;[1505];37;;vocab
11496;妊婦;3.3;にんぷ;pregnant woman;[546, 1234];31;;vocab
11497;始;3.3;はじめ;beginning;[809];23;;vocab
11498;エクアドル;3.3;エクアドル;Ecuador;[];0;5;loanword
11499;中長期;3.3;ちゅうちょうき;Medium to long term;[39, 2070, 1902];52;;vocab
11500;働ける;3.3;はたらける;Can work;[1809];43;;vocab
11501;お隣;3.3;おとなり;Next door;[1408];35;;vocab
11502;間取り;3.3;まどり;Floor plan;[1747, 882];42;;vocab
11503;均一;3.3;きんいつ;uniformity;[172, 1];8;;vocab
11504;陳;3.3;ちん;Chen;[1398];35;;vocab
11505;はし;3.3;はし;bridge;[];0;5;vocab
11506;ゴミ箱;3.3;ごみばこ;trash can;[1013];26;;vocab
11507;インタフェース;3.3;インタフェース;interface;[];0;5;loanword
11508;同国;3.3;どうこく;the same country;[192, 624];22;;vocab
11509;小学館;3.3;しょうがくかん;Shogakukan;[110, 346, 1589];38;;vocab
11510;卓;3.3;たく;Table;[52];3;;vocab
11511;幕末;3.3;ばくまつ;closing days of the Tokugawa shogunate;[437, 231];18;;vocab
11512;ですけれど;3.3;ですけれど;However;[];0;5;vocab
11513;ミャンマー;3.3;ミャンマー;Myanmar;[];0;5;loanword
11514;なにせ;3.3;なにせ;After all;[];0;5;vocab
11515;禁;3.3;きん;Forbidden;[1179];30;;vocab
11516;ヒゲ;3.3;ヒゲ;beard;[];0;5;loanword
11517;見下ろす;3.3;みおろす;Looking down;[61, 51];4;;vocab
11518;鎖;3.3;くさり;chain;[2087];53;;vocab
11519;極限;3.3;きょくげん;utmost limits;[2052, 1576];51;;vocab
11520;仕える;3.29;つかえる;serve;[1033];27;;vocab
11521;宙;3.29;ちゅう;Space;[1190];30;;vocab
11522;コロンビア;3.29;コロンビア;Columbia;[];0;5;loanword
11523;ラインナップ;3.29;ラインナップ;Lineup;[];0;5;loanword
11524;風車;3.29;かざぐるま;pinwheel;[563, 304];21;;vocab
11525;尊い;3.29;とうとい;precious;[1547];38;;vocab
11526;カンパニー;3.29;カンパニー;Company;[];0;5;loanword
11527;ひざ;3.29;ひざ;knee;[];0;5;vocab
11528;ラフ;3.29;ラフ;Rough;[];0;5;loanword
11529;鉄鋼;3.29;てっこう;iron and steel;[909, 2113];53;;vocab
11530;激化;3.29;げきか;intensification;[536, 1083];27;;vocab
11531;菅;3.29;かん;Suga;[9999];99;;vocab
11532;ゆる;3.29;ゆる;Loose;[];0;5;vocab
11533;金メダル;3.29;きんめだる;gold medal;[287];12;;vocab
11534;上方;3.29;かみがた;Kyoto and vicinity;[50, 529];19;;vocab
11535;マネージャ;3.29;マネージャ;Manager;[];0;5;loanword
11536;洋楽;3.29;ようがく;Western music;[588, 1872];45;;vocab
11537;請負;3.29;うけおい;contract;[1656, 67];40;;vocab
11538;だけれども;3.29;だけれども;However;[];0;5;vocab
11539;車体;3.29;しゃたい;body;[304, 1030];27;;vocab
11540;サムライ;3.29;サムライ;Samurai;[];0;5;loanword
11541;コル;3.29;コル;Col;[];0;5;loanword
11542;ミドル;3.28;ミドル;Middle;[];0;5;loanword
11543;水上;3.28;すいじょう;aquatic;[137, 50];8;;vocab
11544;封印;3.28;ふういん;seal;[168, 1530];37;;vocab
11545;祖先;3.28;そせん;ancestor;[1918, 263];47;;vocab
11546;入賞;3.28;にゅうしょう;winning a prize or place;[842, 859];25;;vocab
11547;生前;3.28;せいぜん;while alive;[1675, 309];40;;vocab
11548;ポット;3.28;ポット;pot;[];0;5;loanword
11549;這う;3.28;はう;crawl;[9999];99;;vocab
11550;吐き出す;3.28;はきだす;Spit it out;[162, 829];24;;vocab
11551;ストーブ;3.28;ストーブ;stove;[];0;5;loanword
11552;うり;3.28;うり;cucumber;[];0;5;vocab
11553;柳沢;3.28;やなぎさわ;Yanagisawa;[1525, 1153];37;;vocab
11554;途切れる;3.28;とぎれる;Intermittent;[1790, 89];43;;vocab
11555;肇;3.28;はじめ;Hajime;[9999];99;;vocab
11556;聖地;3.28;せいち;sacred place;[888, 554];25;;vocab
11557;冷;3.28;ひや;cold;[1506];37;;vocab
11558;潜る;3.28;もぐる;dive;[907];25;;vocab
11559;裏付ける;3.28;うらづける;support;[426, 1075];27;;vocab
11560;定まる;3.28;さだまる;be determined;[408];17;;vocab
11561;仲良し;3.28;なかよし;good friends;[1029, 1578];38;;vocab
11562;資料館;3.28;しりょうかん;Museum;[512, 1262, 1589];38;;vocab
11563;特長;3.28;とくちょう;forte;[261, 2070];52;;vocab
11564;ダニエル;3.28;ダニエル;Daniel;[];0;5;loanword
11565;芳;3.28;かおる;Yoshi;[532];19;;vocab
11566;ディーゼル;3.28;ディーゼル;diesel;[];0;5;loanword
11567;サスペンス;3.28;サスペンス;Suspense;[];0;5;loanword
11568;発散;3.28;はっさん;emission;[1840, 1273];44;;vocab
11569;紅白;3.28;こうはく;red and white;[1455, 37];36;;vocab
11570;片道;3.28;かたみち;one-way;[1297, 295];32;;vocab
11571;どっと;3.28;どっと;Dot;[];0;5;vocab
11572;塀;3.28;へい;wall;[1136];29;;vocab
11573;断;3.28;だん;Cut off;[1218];31;;vocab
11574;囚人;3.28;しゅうじん;prisoner;[1094, 1023];27;;vocab
11575;独断;3.27;どくだん;one's own judgement;[561, 1218];31;;vocab
11576;呪い;3.27;のろい;curse;[108];6;;vocab
11577;暮れ;3.27;くれ;evening;[247];10;;vocab
11578;翔;3.27;しょう;Sho;[9999];99;;vocab
11579;館長;3.27;かんちょう;superintendent;[1589, 2070];52;;vocab
11580;ロビン;3.27;ロビン;Robin;[];0;5;loanword
11581;時空;3.27;じくう;space-time;[171, 1414];35;;vocab
11582;キーパー;3.27;キーパー;keeper;[];0;5;loanword
11583;真夜中;3.27;まよなか;midnight;[79, 1115, 39];28;;vocab
11584;そうだ;3.27;そうだ;Yes.;[];0;5;vocab
11585;論調;3.27;ろんちょう;tenor or drift of an argument;[1961, 373];48;;vocab
11586;奥田;3.27;おくだ;Okuda;[997, 14];26;;vocab
11587;未遂;3.27;みすい;attempt;[229, 579];21;;vocab
11588;ダイアリー;3.27;ダイアリー;diary;[];0;5;loanword
11589;シグナル;3.27;シグナル;signal;[];0;5;loanword
11590;くぐる;3.27;くぐる;go under;[];0;5;vocab
11591;吠える;3.27;ほえる;bark;[9999];99;;vocab
11592;減量;3.27;げんりょう;loss in quantity;[391, 189];16;;vocab
11593;ありのまま;3.27;ありのまま;As it is;[];0;5;vocab
11594;終身;3.27;しゅうしん;the whole life;[1452, 1337];36;;vocab
11595;生後;3.27;せいご;post-natal;[1675, 1479];40;;vocab
11596;かに;3.26;かに;crab;[];0;5;vocab
11597;ビーズ;3.26;ビーズ;beads;[];0;5;loanword
11598;オペレーション;3.26;オペレーション;operation;[];0;5;loanword
11599;こする;3.26;こする;Rub;[];0;5;vocab
11600;表参道;3.26;おもてさんどう;Omotesando;[1666, 1856, 295];45;;vocab
11601;一部分;3.26;いちぶぶん;part;[1, 1988, 844];49;;vocab
11602;伝授;3.26;でんじゅ;instruction;[1036, 795];27;;vocab
11603;主語;3.26;しゅご;subject;[284, 371];15;;vocab
11604;種目;3.26;しゅもく;event;[1810, 15];43;;vocab
11605;既;3.26;すんで;Already;[1593];38;;vocab
11606;貴女;3.26;きじょ;noblewoman;[1908, 102];46;;vocab
11607;切り捨てる;3.26;きりすてる;truncate;[89, 707];23;;vocab
11608;界隈;3.26;かいわい;neighborhood;[266, 9999];99;;vocab
11609;特質;3.26;とくしつ;characteristic;[261, 1219];31;;vocab
11610;あげく;3.26;あげく;In the end;[];0;5;vocab
11611;戸籍;3.26;こせき;census;[1157, 1689];40;;vocab
11612;事由;3.26;じゆう;reason;[1240, 1186];31;;vocab
11613;細川;3.26;ほそかわ;Hosokawa;[1463, 134];36;;vocab
11614;引き出し;3.26;ひきだし;drawer;[1318, 829];33;;vocab
11615;ディズニーランド;3.26;ディズニーランド;Disneyland;[];0;5;loanword
11616;大金;3.26;たいきん;large amount of money;[112, 287];12;;vocab
11617;養子;3.25;ようし;adopted child;[1591, 99];38;;vocab
11618;スイカ;3.25;スイカ;watermelon;[];0;5;loanword
11619;居間;3.25;いま;living room;[1143, 1747];42;;vocab
11620;乗用車;3.25;じょうようしゃ;passenger cars;[1709, 1265, 304];40;;vocab
11621;新生;3.25;しんせい;rebirth;[1619, 1675];40;;vocab
11622;さがす;3.25;さがす;Search;[];0;5;vocab
11623;長生き;3.25;ながいき;Longevity;[2070, 1675];52;;vocab
11624;格言;3.25;かくげん;aphorism;[312, 357];15;;vocab
11625;近寄る;3.25;ちかよる;come close;[1210, 204];31;;vocab
11626;紙幣;3.25;しへい;paper money;[1971, 1118];49;;vocab
11627;秀吉;3.25;ひでよし;Hideyoshi;[980, 342];26;;vocab
11628;中堅;3.25;ちゅうけん;main body;[39, 917];25;;vocab
11629;どうし;3.25;どうし;What?;[];0;5;vocab
11630;尽力;3.25;じんりょく;efforts;[1152, 922];29;;vocab
11631;屈辱;3.25;くつじょく;disgrace;[1140, 2165];55;;vocab
11632;国税;3.25;こくぜい;national tax;[624, 961];26;;vocab
11633;コンテナ;3.25;コンテナ;container;[];0;5;loanword
11634;戦死;3.25;せんし;death in action;[2079, 878];53;;vocab
11635;一段落;3.25;いちだんらく;one paragraph;[1, 2003, 320];50;;vocab
11636;簿記;3.25;ぼき;journalization;[1020, 568];26;;vocab
11637;レーダー;3.25;レーダー;radar;[];0;5;loanword
11638;従軍;3.25;じゅうぐん;campaign;[942, 323];25;;vocab
11639;原動力;3.25;げんどうりょく;driving force;[142, 1806, 922];43;;vocab
11640;先送り;3.25;さきおくり;postpone;[263, 2172];55;;vocab
11641;風船;3.25;ふうせん;balloon;[563, 2019];50;;vocab
11642;志願;3.25;しがん;aspiration;[645, 143];22;;vocab
11643;渦;3.25;うず;vortex;[1387];34;;vocab
11644;財界;3.25;ざいかい;financial world;[737, 266];23;;vocab
11645;魅せる;3.24;みせる;Attract;[2179];55;;vocab
11646;老化;3.24;ろうか;ageing;[1340, 1083];34;;vocab
11647;打開;3.24;だかい;break in the deadlock;[705, 1750];42;;vocab
11648;引き分け;3.24;ひきわけ;draw;[1318, 844];33;;vocab
11649;大雪;3.24;おおゆき;heavy snow;[112, 1225];31;;vocab
11650;花束;3.24;はなたば;bunch of flowers;[1084, 1793];43;;vocab
11651;判別;3.24;はんべつ;distinction;[1289, 94];32;;vocab
11652;那覇;3.24;なは;Naha;[1992, 2043];51;;vocab
11653;趣向;3.24;しゅこう;plan;[883, 195];25;;vocab
11654;新井;3.24;あらい;Arai;[1619, 1946];48;;vocab
11655;低音;3.24;ていおん;low tone;[1973, 518];49;;vocab
11656;伊勢;3.24;いせ;Ise;[1245, 1633];39;;vocab
11657;しぼる;3.24;しぼる;Squeeze;[];0;5;vocab
11658;破れる;3.24;われる;tear;[869];25;;vocab
11659;なでる;3.24;なでる;stroking;[];0;5;vocab
11660;組み;3.24;くみ;Assemble;[1914];47;;vocab
11661;没頭;3.24;ぼっとう;immersing oneself;[763, 1549];38;;vocab
11662;ワゴン;3.24;ワゴン;wagon;[];0;5;loanword
11663;依然;3.24;いぜん;still;[1045, 256];27;;vocab
11664;胎児;3.24;たいじ;fetus;[810, 62];23;;vocab
11665;女子大;3.24;じょしだい;women's university;[102, 99, 112];7;;vocab
11666;ひっくり返す;3.24;ひっくりかえす;turn over;[782];23;;vocab
11667;愛犬;3.24;あいけん;pet dog;[796, 253];23;;vocab
11668;タレ;3.24;タレ;sauce;[];0;5;loanword
11669;ヨシ;3.24;ヨシ;Yoshi;[];0;5;loanword
11670;クライマックス;3.24;クライマックス;climax;[];0;5;loanword
11671;戻れる;3.24;もどれる;You can go back;[1162];29;;vocab
11672;ムーア;3.24;ムーア;Moore;[];0;5;loanword
11673;唯;3.23;ただ;Yui;[595];21;;vocab
11674;エキス;3.23;エキス;extract;[];0;5;loanword
11675;仕上がり;3.23;しあがり;finish;[1033, 50];27;;vocab
11676;ケチ;3.23;ケチ;Stingy;[];0;5;loanword
11677;もろもろ;3.23;もろもろ;Various;[];0;5;vocab
11678;見分ける;3.23;みわける;distinguish;[61, 844];24;;vocab
11679;辛;3.23;からし;Spicy;[1612];39;;vocab
11680;真っ黒;3.23;まっくろ;pitch black;[79, 186];9;;vocab
11681;骨格;3.23;こっかく;skeleton;[1383, 312];34;;vocab
11682;荒木;3.23;あらき;logs in bark;[527, 207];19;;vocab
11683;軌跡;3.23;きせき;tire track;[306, 1883];45;;vocab
11684;うろうろ;3.23;うろうろ;Wandering around;[];0;5;vocab
11685;裁定;3.23;さいてい;decision;[424, 408];18;;vocab
11686;懐疑;3.23;かいぎ;doubt;[891, 1513];37;;vocab
11687;車検;3.23;しゃけん;vehicle inspection;[304, 1803];43;;vocab
11688;乗;3.22;の;Ride;[1709];40;;vocab
11689;二酸化炭素;3.22;にさんかたんそ;carbon dioxide;[2, 1545, 1083, 833, 1652];40;;vocab
11690;表わす;3.22;あらわす;express;[1666];40;;vocab
11691;大笑い;3.22;おおわらい;LOL;[112, 1008];26;;vocab
11692;蛍光;3.22;けいこう;fluorescence;[557, 125];21;;vocab
11693;上着;3.22;うわぎ;coat;[50, 594];21;;vocab
11694;使;3.22;し;messenger;[1065];27;;vocab
11695;目黒;3.22;めぐろ;Meguro;[15, 186];9;;vocab
11696;幾;3.22;いく;Iku;[1481];36;;vocab
11697;鮨;3.22;すし;sushi;[9999];99;;vocab
11698;振替;3.22;ふりかえ;transfer;[2167, 905];55;;vocab
11699;占拠;3.22;せんきょ;occupation;[49, 722];23;;vocab
11700;ゴジラ;3.22;ゴジラ;Godzilla;[];0;5;loanword
11701;欠かす;3.22;かかす;Miss;[505];18;;vocab
11702;エサ;3.22;エサ;bait;[];0;5;loanword
11703;野中;3.22;のなか;in the middle of a field;[1722, 39];41;;vocab
11704;道筋;3.22;みちすじ;path;[295, 1012];26;;vocab
11705;出社;3.22;しゅっしゃ;going to work;[829, 1173];30;;vocab
11706;ミシェル;3.22;ミシェル;Michelle;[];0;5;loanword
11707;勲章;3.22;くんしょう;decoration;[1808, 464];43;;vocab
11708;唄う;3.22;うたう;sing;[57];4;;vocab
11709;ぱっと;3.22;ぱっと;At a glance;[];0;5;vocab
11710;しら;3.22;しら;Shira;[];0;5;vocab
11711;帯広;3.22;おびひろ;Obihiro;[444, 799];23;;vocab
11712;パース;3.22;パース;Perth;[];0;5;loanword
11713;重たい;3.22;おもたい;heavy;[1805];43;;vocab
11714;盧;3.21;の;Lu;[9999];99;;vocab
11715;和平;3.21;わへい;peace;[963, 1596];39;;vocab
11716;番手;3.21;ばんて;count;[2058, 687];52;;vocab
11717;思春期;3.21;ししゅんき;puberty;[651, 1690, 1902];46;;vocab
11718;はあ;3.21;はあ;Haa;[];0;5;vocab
11719;ヨー;3.21;ヨー;Yo;[];0;5;loanword
11720;久しい;3.21;ひさしい;long;[1092];27;;vocab
11721;セッティング;3.21;セッティング;Setting;[];0;5;loanword
11722;しっくり;3.21;しっくり;It feels right;[];0;5;vocab
11723;仕切る;3.21;しきる;take charge;[1033, 89];27;;vocab
11724;冥福;3.21;めいふく;happiness in the next world;[322, 1171];30;;vocab
11725;渡部;3.21;わたなべ;Watanabe;[1279, 1988];49;;vocab
11726;弱る;3.21;よわる;weaken;[1323];33;;vocab
11727;ぺん;3.21;ぺん;pen;[];0;5;vocab
11728;美少女;3.21;びしょうじょ;beautiful girl;[587, 111, 102];21;;vocab
11729;霊的;3.21;れいてき;spiritual;[1930, 73];47;;vocab
11730;伊豆;3.21;いず;Izu;[1245, 1548];38;;vocab
11731;呪文;3.21;じゅもん;spell;[108, 1861];45;;vocab
11732;バンクーバー;3.2;バンクーバー;Vancouver;[];0;5;loanword
11733;逆らう;3.2;さからう;rebel;[2109];53;;vocab
11734;帽;3.2;ぼう;hat;[436];18;;vocab
11735;メロン;3.2;メロン;melon;[];0;5;loanword
11736;試聴;3.2;しちょう;trial listening;[378, 890];25;;vocab
11737;開場;3.2;かいじょう;opening;[1750, 584];42;;vocab
11738;総称;3.2;そうしょう;general term;[1466, 971];36;;vocab
11739;旺盛;3.2;おうせい;full of vim and vigor;[278, 1567];38;;vocab
11740;無茶;3.2;むちゃ;absurd;[1913, 267];46;;vocab
11741;浅野;3.2;あさの;Asano;[395, 1722];41;;vocab
11742;どうこう;3.2;どうこう;Something like this;[];0;5;vocab
11743;任天堂;3.2;にんてんどう;nintendo;[1078, 457, 861];27;;vocab
11744;盛りだくさん;3.2;もりだくさん;Plenty;[1567];38;;vocab
11745;余剰;3.2;よじょう;redundant;[1786, 1710];43;;vocab
11746;パラダイス;3.2;パラダイス;Paradise;[];0;5;loanword
11747;履行;3.2;りこう;performance;[1137, 938];29;;vocab
11748;操業;3.2;そうぎょう;operation;[724, 1931];47;;vocab
11749;無能;3.2;むのう;inefficiency;[1913, 2160];54;;vocab
11750;ご機嫌;3.2;ごきげん;good mood;[1482, 1724];41;;vocab
11751;書斎;3.2;しょさい;study;[349, 1869];45;;vocab
11752;面々;3.2;めんめん;each one;[2039];51;;vocab
11753;インターン;3.2;インターン;Intern;[];0;5;loanword
11754;まめ;3.2;まめ;Beans;[];0;5;vocab
11755;平穏;3.19;へいおん;tranquil;[1596, 1230];39;;vocab
11756;エッセンス;3.19;エッセンス;essence;[];0;5;loanword
11757;野望;3.19;やぼう;ambition;[1722, 528];41;;vocab
11758;衣類;3.19;いるい;clothes;[423, 1000];26;;vocab
11759;献身;3.19;けんしん;dedication;[1742, 1337];41;;vocab
11760;おり;3.19;おり;Crate;[];0;5;vocab
11761;明日香;3.19;あすか;Asuka;[20, 12, 977];26;;vocab
11762;祥;3.19;さち;Sho;[1169];30;;vocab
11763;スパイス;3.19;スパイス;spices;[];0;5;loanword
11764;南西;3.19;なんせい;southwest;[1740, 1728];41;;vocab
11765;バックス;3.19;バックス;Bucks;[];0;5;loanword
11766;ファーム;3.19;ファーム;farm;[];0;5;loanword
11767;食後;3.19;しょくご;after a meal;[1582, 1479];38;;vocab
11768;起つ;3.19;たつ;stand;[565];21;;vocab
11769;こま;3.19;こま;Top;[];0;5;vocab
11770;導;3.19;しるべ;Guidance;[296];13;;vocab
11771;王道;3.19;おうどう;righteous government;[271, 295];13;;vocab
11772;検挙;3.19;けんきょ;arrest;[1803, 2088];53;;vocab
11773;名門;3.18;めいもん;noted family;[117, 1743];42;;vocab
11774;強豪;3.18;きょうごう;veteran;[1321, 582];33;;vocab
11775;ウリ;3.18;ウリ;Selling;[];0;5;loanword
11776;諒;3.18;りょう;Ryo;[9999];99;;vocab
11777;現存;3.18;げんそん;living;[275, 739];23;;vocab
11778;立ち去る;3.18;たちさる;Walk away;[462, 812];23;;vocab
11779;有馬;3.18;ありま;Arima;[83, 2132];54;;vocab
11780;教委;3.18;きょうい;Board of Education;[1343, 979];34;;vocab
11781;民放;3.18;みんぽう;commercial broadcast;[1976, 535];49;;vocab
11782;熱気;3.18;ねっき;heat;[1634, 2030];51;;vocab
11783;ボイス;3.18;ボイス;voice;[];0;5;loanword
11784;すさまじい;3.18;すさまじい;Terrible;[];0;5;vocab
11785;窃盗;3.18;せっとう;theft;[1419, 1559];38;;vocab
11786;謳う;3.18;うたう;sing;[9999];99;;vocab
11787;インチキ;3.18;インチキ;fraud;[];0;5;loanword
11788;改悪;3.18;かいあく;deterioration;[567, 1951];48;;vocab
11789;本位;3.18;ほんい;standard;[224, 1028];27;;vocab
11790;うなる;3.18;うなる;growl;[];0;5;vocab
11791;朝日新聞社;3.18;あさひしんぶんしゃ;Asahi Shimbun;[53, 12, 1619, 1754, 1173];42;;vocab
11792;ポリス;3.18;ポリス;Police;[];0;5;loanword
11793;会期;3.18;かいき;session;[814, 1902];46;;vocab
11794;伸;3.18;しん;Shin;[1199];30;;vocab
11795;稲;3.18;いね;rice;[976];26;;vocab
11796;生き;3.18;いき;Living;[1675];40;;vocab
11797;土屋;3.18;つちや;Tsuchiya;[161, 1138];29;;vocab
11798;憎しみ;3.18;にくしみ;hatred;[673];22;;vocab
11799;タメ;3.18;タメ;Tame;[];0;5;loanword
11800;当人;3.18;とうにん;the one concerned;[1236, 1023];31;;vocab
11801;拍子;3.18;ひょうし;time;[704, 99];23;;vocab
11802;滅びる;3.18;ほろびる;perish;[390];16;;vocab
11803;白紙;3.18;はくし;blank paper;[37, 1971];49;;vocab
11804;求む;3.18;もとむ;Wanted;[1004];26;;vocab
11805;釜;3.18;かま;kettle;[1367];34;;vocab
11806;走り;3.18;はしり;Running;[410];17;;vocab
11807;木製;3.18;もくせい;wooden;[207, 448];18;;vocab
11808;かろうじて;3.18;かろうじて;barely;[];0;5;vocab
11809;果てる;3.18;はてる;End;[1202];30;;vocab
11810;浪;3.18;なみ;wave;[1580];38;;vocab
11811;いちご;3.18;いちご;strawberry;[];0;5;vocab
11812;スラム;3.17;スラム;Slam;[];0;5;loanword
11813;こぐ;3.17;こぐ;Pedal;[];0;5;vocab
11814;読解;3.17;どっかい;reading comprehension;[372, 1955];48;;vocab
11815;全土;3.17;ぜんど;the whole nation;[281, 161];12;;vocab
11816;先入観;3.17;せんにゅうかん;preconceptions;[263, 842, 614];24;;vocab
11817;挙句;3.17;あげく;in the end;[2088, 69];53;;vocab
11818;杉山;3.17;すぎやま;Sugiyama;[1849, 830];45;;vocab
11819;巡り;3.17;めぐり;Tour;[303];13;;vocab
11820;増幅;3.17;ぞうふく;amplification;[541, 435];19;;vocab
11821;比重;3.17;ひじゅう;specific gravity;[482, 1805];43;;vocab
11822;水質;3.17;すいしつ;water quality;[137, 1219];31;;vocab
11823;ゆだねる;3.17;ゆだねる;Entrust;[];0;5;vocab
11824;手動;3.17;しゅどう;manual;[687, 1806];43;;vocab
11825;プログラマー;3.17;プログラマー;programmer;[];0;5;loanword
11826;ウォーキング;3.17;ウォーキング;walking;[];0;5;loanword
11827;スワップ;3.17;スワップ;swap;[];0;5;loanword
11828;金庫;3.17;きんこ;safe;[287, 633];22;;vocab
11829;終値;3.17;おわりね;closing price;[1452, 1052];36;;vocab
11830;トリオ;3.17;トリオ;trio;[];0;5;loanword
11831;いっさい;3.17;いっさい;Everything;[];0;5;vocab
11832;例会;3.17;れいかい;regular meeting;[1046, 814];27;;vocab
11833;慰める;3.17;なぐさめる;comfort;[1177];30;;vocab
11834;わるい;3.17;わるい;bad;[];0;5;vocab
11835;範疇;3.17;はんちゅう;category;[1516, 9999];99;;vocab
11836;植;3.17;うえ;Plant;[217];10;;vocab
11837;恵比寿;3.16;えびす;Ebisu;[659, 482, 1687];40;;vocab
11838;熟成;3.16;じゅくせい;mature;[332, 386];16;;vocab
11839;例文;3.16;れいぶん;example sentence;[1046, 1861];45;;vocab
11840;推論;3.16;すいろん;inference;[716, 1961];48;;vocab
11841;ソファ;3.16;ソファ;sofa;[];0;5;loanword
11842;ユーティリティ;3.16;ユーティリティ;Utilities;[];0;5;loanword
11843;座談;3.16;ざだん;conversation;[1100, 374];27;;vocab
11844;よけい;3.16;よけい;More;[];0;5;vocab
11845;波長;3.16;はちょう;wavelength;[866, 2070];52;;vocab
11846;思いこむ;3.16;おもいこむ;be obsessed;[651];22;;vocab
11847;実戦;3.16;じっせん;combat;[1694, 2079];53;;vocab
11848;分泌;3.16;ぶんぴつ;secretion;[844, 686];24;;vocab
11849;ズバリ;3.16;ズバリ;Exactly;[];0;5;loanword
11850;飼料;3.16;しりょう;fodder;[2010, 1262];50;;vocab
11851;てか;3.15;てか;Okay?;[];0;5;vocab
11852;帯域;3.15;たいいき;zone;[444, 380];18;;vocab
11853;坊主;3.15;ぼうず;Buddhist priest;[531, 284];19;;vocab
11854;服部;3.15;はっとり;Hattori;[1501, 1988];49;;vocab
11855;治癒;3.15;ちゆ;healing;[807, 2193];56;;vocab
11856;オッサン;3.15;オッサン;Old man;[];0;5;loanword
11857;人様;3.15;ひとさま;other people;[1023, 1003];27;;vocab
11858;課する;3.15;かする;impose;[1204];30;;vocab
11859;語れる;3.15;かたれる;Can talk;[371];15;;vocab
11860;民生;3.15;みんせい;consumer;[1976, 1675];49;;vocab
11861;剣道;3.15;けんどう;kendo;[1801, 295];43;;vocab
11862;肘;3.15;ひじ;elbow;[46];3;;vocab
11863;振るう;3.15;ふるう;Shake;[2167];55;;vocab
11864;墨;3.15;すみ;ink;[187];9;;vocab
11865;いつしか;3.15;いつしか;At some point;[];0;5;vocab
11866;缶詰;3.15;かんづめ;packing;[2116, 367];53;;vocab
11867;サーキット;3.15;サーキット;circuit;[];0;5;loanword
11868;スティーブ;3.15;スティーブ;Steve;[];0;5;loanword
11869;顔面;3.15;がんめん;face;[1853, 2039];51;;vocab
11870;バーベキュー;3.15;バーベキュー;barbecue;[];0;5;loanword
11871;生きがい;3.15;いきがい;Purpose in life;[1675];40;;vocab
11872;愛車;3.15;あいしゃ;beloved car;[796, 304];23;;vocab
11873;土井;3.15;どい;Doi;[161, 1946];48;;vocab
11874;コンセンサス;3.15;コンセンサス;consensus;[];0;5;loanword
11875;三宅;3.15;みやけ;Miyake;[3, 2065];52;;vocab
11876;本命;3.15;ほんめい;favorite;[224, 1502];37;;vocab
11877;これぞ;3.15;これぞ;This is it;[];0;5;vocab
11878;難点;3.15;なんてん;fault;[1703, 181];40;;vocab
11879;固執;3.15;こしつ;;[622, 1623];39;;vocab
11880;宗派;3.15;しゅうは;sect;[1181, 1999];50;;vocab
11881;ボウ;3.15;ボウ;Bow;[];0;5;loanword
11882;見返り;3.15;みかえり;return;[61, 782];23;;vocab
11883;貸し出し;3.15;かしだし;lending;[1082, 829];27;;vocab
11884;熟練;3.15;じゅくれん;skill;[332, 1443];36;;vocab
11885;伝記;3.14;でんき;biography;[1036, 568];27;;vocab
11886;大森;3.14;おおもり;Omori;[112, 209];10;;vocab
11887;人的;3.14;じんてき;human;[1023, 73];27;;vocab
11888;理学;3.14;りがく;physical science;[283, 346];15;;vocab
11889;なつかしい;3.14;なつかしい;Nostalgic;[];0;5;vocab
11890;聖霊;3.14;せいれい;the Holy Ghost;[888, 1930];47;;vocab
11891;オリックス;3.14;オリックス;Oryx;[];0;5;loanword
11892;電灯;3.14;でんとう;electric light;[574, 177];21;;vocab
11893;立ち読み;3.14;たちよみ;Browse;[462, 372];18;;vocab
11894;あれる;3.14;あれる;Arareru;[];0;5;vocab
11895;一転;3.14;いってん;turn;[1, 449];18;;vocab
11896;追伸;3.14;ついしん;postscript;[1359, 1199];34;;vocab
11897;彼女ら;3.14;かのじょら;They;[948, 102];25;;vocab
11898;釘;3.14;くぎ;nail;[9999];99;;vocab
11899;松尾;3.14;まつお;Matsuo;[848, 2064];52;;vocab
11900;画質;3.14;がしつ;image quality;[1254, 1219];31;;vocab
11901;カモ;3.14;カモ;duck;[];0;5;loanword
11902;長寿;3.14;ちょうじゅ;longevity;[2070, 1687];52;;vocab
11903;澄;3.14;きよし;Sumi;[1839];44;;vocab
11904;クラフト;3.14;クラフト;Craft;[];0;5;loanword
11905;綾;3.14;あや;Aya;[9999];99;;vocab
11906;短大;3.14;たんだい;junior college;[1550, 112];38;;vocab
11907;インストラクター;3.13;インストラクター;Instructor;[];0;5;loanword
11908;柵;3.13;しがらみ;fence;[1968];48;;vocab
11909;シスコ;3.13;シスコ;Cisco;[];0;5;loanword
11910;単体;3.13;たんたい;simple substance;[2078, 1030];53;;vocab
11911;埋葬;3.13;まいそう;burial;[191, 879];25;;vocab
11912;マトリックス;3.13;マトリックス;matrix;[];0;5;loanword
11913;八王子;3.13;はちおうじ;Hachioji;[8, 271, 99];12;;vocab
11914;定量;3.13;ていりょう;fixed quantity;[408, 189];17;;vocab
11915;出典;3.13;しゅってん;source;[829, 1969];48;;vocab
11916;酒井;3.13;さかい;Sakai;[1535, 1946];48;;vocab
11917;見かけ;3.13;みかけ;Appearance;[61];4;;vocab
11918;グッ;3.13;グッ;Good;[];0;5;loanword
11919;マルコ;3.13;マルコ;Marco;[];0;5;loanword
11920;売店;3.13;ばいてん;shop;[345, 632];22;;vocab
11921;下痢;3.13;げり;diarrhoea;[51, 1821];44;;vocab
11922;休;3.13;きゅう;Closed;[1038];27;;vocab
11923;変態;3.13;へんたい;transformation;[1882, 2161];54;;vocab
11924;別荘;3.13;べっそう;holiday house;[94, 344];14;;vocab
11925;ふるう;3.13;ふるう;sieve;[];0;5;vocab
11926;序盤;3.13;じょばん;;[1720, 2017];50;;vocab
11927;障壁;3.13;しょうへき;enclosing wall;[1393, 1616];39;;vocab
11928;ステンレス;3.13;ステンレス;stainless;[];0;5;loanword
11929;国崎;3.13;くにさき;Kunizaki;[624, 840];24;;vocab
11930;つう;3.13;つう;expert;[];0;5;vocab
11931;クエスト;3.13;クエスト;Quest;[];0;5;loanword
11932;ワイルド;3.13;ワイルド;Wild;[];0;5;loanword
11933;ワル;3.13;ワル;Bad guy;[];0;5;loanword
11934;毛布;3.13;もうふ;blanket;[2062, 433];52;;vocab
11935;コンセント;3.13;コンセント;electrical outlet;[];0;5;loanword
11936;朱;3.13;しゅ;Vermilion;[235];10;;vocab
11937;大田;3.13;おおた;Ota;[112, 14];7;;vocab
11938;真っ;3.13;まっ;True;[79];5;;vocab
11939;硬直;3.13;こうちょく;stiffening;[750, 77];23;;vocab
11940;上層;3.13;じょうそう;upper stratum;[50, 1146];29;;vocab
11941;フィリップ;3.12;フィリップ;Philip;[];0;5;loanword
11942;建国;3.12;けんこく;founding of a nation;[417, 624];22;;vocab
11943;松浦;3.12;まつうら;Matsuura;[848, 1980];49;;vocab
11944;コリア;3.12;コリア;Korea;[];0;5;loanword
11945;離職;3.12;りしょく;leaving or losing a job;[1605, 887];39;;vocab
11946;厚み;3.12;あつみ;Thickness;[132];7;;vocab
11947;新曲;3.12;しんきょく;new piece;[1619, 1256];39;;vocab
11948;その道;3.12;そのみち;The path;[295];13;;vocab
11949;香水;3.12;こうすい;perfume;[977, 137];26;;vocab
11950;伝播;3.12;でんぱ;transmission;[1036, 9999];99;;vocab
11951;称する;3.12;しょうする;Calling;[971];26;;vocab
11952;正論;3.12;せいろん;sound argument;[405, 1961];48;;vocab
11953;大石;3.12;おおいし;large stone;[112, 118];7;;vocab
11954;バリアフリー;3.12;バリアフリー;Barrier-free;[];0;5;loanword
11955;ささやく;3.12;ささやく;whisper;[];0;5;vocab
11956;不都合;3.12;ふつごう;inconvenient;[1302, 1989, 269];49;;vocab
11957;フォーカス;3.12;フォーカス;focus;[];0;5;loanword
11958;本学;3.12;ほんがく;this university;[224, 346];15;;vocab
11959;忠;3.12;ただし;Tadashi;[648];22;;vocab
11960;祀る;3.12;まつる;worship;[9999];99;;vocab
11961;測量;3.12;そくりょう;measurement;[160, 189];9;;vocab
11962;のばす;3.12;のばす;Stretch;[];0;5;vocab
11963;パンダ;3.12;パンダ;Panda;[];0;5;loanword
11964;度々;3.12;たびたび;frequently;[1278];32;;vocab
11965;行き来;3.11;いきき;comings and goings;[938, 2029];51;;vocab
11966;またがる;3.11;またがる;straddle;[];0;5;vocab
11967;エゴ;3.11;エゴ;ego;[];0;5;loanword
11968;弔い;3.11;とむらい;funeral;[1319];33;;vocab
11969;地上波;3.11;ちじょうは;terrestrial broadcasting;[554, 50, 866];25;;vocab
11970;覚醒;3.11;かくせい;waking up;[347, 1677];40;;vocab
11971;淘汰;3.11;とうた;weeding out;[9999, 149];99;;vocab
11972;あした;3.11;あした;tomorrow;[];0;5;vocab
11973;南側;3.11;みなみがわ;south side;[1740, 1049];41;;vocab
11974;退社;3.11;たいしゃ;resignation;[1575, 1173];38;;vocab
11975;アール;3.11;アール;Earl;[];0;5;loanword
11976;史料;3.11;しりょう;historical records;[747, 1262];31;;vocab
11977;呼び出し;3.11;よびだし;call;[1597, 829];39;;vocab
11978;会報;3.11;かいほう;bulletin;[814, 1625];39;;vocab
11979;ムーン;3.11;ムーン;Moon;[];0;5;loanword
11980;ヒュー;3.11;ヒュー;Hugh;[];0;5;loanword
11981;差し引く;3.11;さしひく;Subtract;[593, 1318];33;;vocab
11982;かぐ;3.11;かぐ;Smell;[];0;5;vocab
11983;幾度;3.11;いくど;many times;[1481, 1278];36;;vocab
11984;ファクター;3.11;ファクター;factor;[];0;5;loanword
11985;スプリング;3.11;スプリング;Spring;[];0;5;loanword
11986;ホワイトハウス;3.11;ホワイトハウス;White House;[];0;5;loanword
11987;深み;3.11;ふかみ;depth;[1426];35;;vocab
11988;樋口;3.11;ひぐち;Higuchi;[9999, 11];99;;vocab
11989;ウェールズ;3.11;ウェールズ;Wales;[];0;5;loanword
11990;北陸;3.11;ほくりく;Hokuriku;[480, 1631];39;;vocab
11991;三者;3.11;さんしゃ;three persons;[3, 1345];34;;vocab
11992;暮らせる;3.11;くらせる;Live;[247];10;;vocab
11993;ビーム;3.1;ビーム;beam;[];0;5;loanword
11994;縁起;3.1;えんぎ;omen;[1472, 565];36;;vocab
11995;混在;3.1;こんざい;mixture;[487, 740];23;;vocab
11996;フランクフルト;3.1;フランクフルト;Frankfurt;[];0;5;loanword
11997;如く;3.1;ごとく;as;[104];6;;vocab
11998;琉球;3.1;りゅうきゅう;Ryukyu;[9999, 1005];99;;vocab
11999;マイホーム;3.1;マイホーム;My Home;[];0;5;loanword
12000;スピン;3.1;スピン;spin;[];0;5;loanword
12001;粉飾;3.1;ふんしょく;makeup;[988, 1587];38;;vocab
12002;位置付ける;3.1;いちづける;Position;[1028, 895, 1075];27;;vocab
12003;一節;3.1;いっせつ;a verse;[1, 1574];38;;vocab
12004;武部;3.1;たけべ;Takebe;[403, 1988];49;;vocab
12005;音波;3.1;おんぱ;sound wave;[518, 866];25;;vocab
12006;ちょうだい;3.1;ちょうだい;Give me;[];0;5;vocab
12007;駐;3.09;ちゅう;Station;[2136];54;;vocab
12008;儀;3.09;ぎ;Ceremony;[1059];27;;vocab
12009;封鎖;3.09;ふうさ;blockade;[168, 2087];53;;vocab
12010;駆除;3.09;くじょ;extermination;[2137, 1787];54;;vocab
12011;プロテスタント;3.09;プロテスタント;Protestant;[];0;5;loanword
12012;はなはだ;3.09;はなはだ;Very;[];0;5;vocab
12013;知らせ;3.09;しらせ;News;[1308];33;;vocab
12014;嫌がらせ;3.09;いやがらせ;harassment;[1724];41;;vocab
12015;抱っこ;3.09;だっこ;hug;[697];23;;vocab
12016;社名;3.09;しゃめい;name of company;[1173, 117];30;;vocab
12017;環境省;3.09;かんきょうしょう;Ministry of the Environment;[899, 523, 131];25;;vocab
12018;書き換える;3.09;かきかえる;rewrite;[349, 1122];28;;vocab
12019;夜景;3.09;やけい;night view;[1115, 336];28;;vocab
12020;生計;3.09;せいけい;livelihood;[1675, 359];40;;vocab
12021;発熱;3.09;はつねつ;generation of heat;[1840, 1634];44;;vocab
12022;村山;3.09;むらやま;Murayama;[221, 830];24;;vocab
12023;区切る;3.09;くぎる;punctuate;[1831, 89];44;;vocab
12024;朴;3.09;ぼく;Park;[220];10;;vocab
12025;さも;3.09;さも;Same;[];0;5;vocab
12026;量販;3.09;りょうはん;Mass sales;[189, 783];23;;vocab
12027;そそる;3.09;そそる;Tempting;[];0;5;vocab
12028;ファシズム;3.09;ファシズム;fascism;[];0;5;loanword
12029;封建;3.09;ほうけん;feudalistic;[168, 417];17;;vocab
12030;聖人;3.09;せいじん;saint;[888, 1023];27;;vocab
12031;永住;3.09;えいじゅう;permanent residence;[139, 1027];27;;vocab
12032;自明;3.09;じめい;obvious;[36, 20];3;;vocab
12033;境内;3.09;けいだい;grounds;[523, 1095];27;;vocab
12034;鯖;3.09;さば;mackerel;[9999];99;;vocab
12035;帰す;3.09;きす;Return;[1316];33;;vocab
12036;落ち;3.08;おち;Fall;[320];13;;vocab
12037;伝送;3.08;でんそう;transmission;[1036, 2172];55;;vocab
12038;即興;3.08;そっきょう;improvisation;[1572, 1533];38;;vocab
12039;症例;3.08;しょうれい;case;[1816, 1046];44;;vocab
12040;海域;3.08;かいいき;area of ocean;[500, 380];18;;vocab
12041;うなぎ;3.08;うなぎ;eel;[];0;5;vocab
12042;放る;3.08;ほうる;Let go;[535];19;;vocab
12043;ステータス;3.08;ステータス;status;[];0;5;loanword
12044;空洞;3.08;くうどう;cave;[1414, 193];35;;vocab
12045;集英社;3.08;しゅうえいしゃ;Shueisha;[601, 1878, 1173];45;;vocab
12046;大谷;3.08;おおや;Otani;[112, 851];24;;vocab
12047;馬車;3.08;ばしゃ;coach;[2132, 304];54;;vocab
12048;ジャングル;3.08;ジャングル;jungle;[];0;5;loanword
12049;キノコ;3.08;キノコ;mushroom;[];0;5;loanword
12050;植木;3.08;うえき;garden shrubs;[217, 207];10;;vocab
12051;充;3.08;たかし;Mitsuru;[823];23;;vocab
12052;陳列;3.08;ちんれつ;exhibition;[1398, 875];35;;vocab
12053;今ひとつ;3.08;いまひとつ;Not quite right;[1711];41;;vocab
12054;クーポン;3.08;クーポン;coupon;[];0;5;loanword
12055;鞄;3.08;かばん;bag;[9999];99;;vocab
12056;恒久;3.07;こうきゅう;permanent;[667, 1092];27;;vocab
12057;大きめ;3.07;おおきめ;Large;[112];7;;vocab
12058;仕立てる;3.07;したてる;tailor;[1033, 462];27;;vocab
12059;改;3.07;あらため;Revised;[567];21;;vocab
12060;当て;3.07;あて;Hit;[1236];31;;vocab
12061;すぐさま;3.07;すぐさま;immediately;[];0;5;vocab
12062;主旨;3.07;しゅし;meaning;[284, 493];18;;vocab
12063;不平等;3.07;ふびょうどう;inequality;[1302, 1596, 1016];39;;vocab
12064;がけ;3.07;がけ;cliff;[];0;5;vocab
12065;落書き;3.07;らくがき;graffiti;[320, 349];15;;vocab
12066;公聴;3.07;こうちょう;public consultation;[847, 890];25;;vocab
12067;快;3.07;こころよ;pleasure;[1771];42;;vocab
12068;盛岡;3.07;もりおか;Morioka;[1567, 2112];53;;vocab
12069;助長;3.07;じょちょう;promotion;[1921, 2070];52;;vocab
12070;ハンバーガー;3.07;ハンバーガー;hamburger;[];0;5;loanword
12071;懲戒;3.07;ちょうかい;discipline;[953, 730];25;;vocab
12072;ズレ;3.07;ズレ;Misalignment;[];0;5;loanword
12073;ぶどう;3.07;ぶどう;grapes;[];0;5;vocab
12074;艶;3.07;つや;gloss;[1892];45;;vocab
12075;下流;3.07;かりゅう;downstream;[51, 826];23;;vocab
12076;入所;3.07;にゅうしょ;admission;[842, 1208];31;;vocab
12077;かじる;3.07;かじる;nibble;[];0;5;vocab
12078;ラウンジ;3.07;ラウンジ;Lounge;[];0;5;loanword
12079;寄;3.07;やどりき;Visit;[204];9;;vocab
12080;テレビ朝日;3.06;てれびあさひ;TV Asahi;[53, 12];3;;vocab
12081;ときには;3.06;ときには;sometimes;[];0;5;vocab
12082;専任;3.06;せんにん;full-time service;[47, 1078];27;;vocab
12083;わける;3.06;わける;Divide;[];0;5;vocab
12084;配付;3.06;はいふ;distributing;[1544, 1075];38;;vocab
12085;捕る;3.06;とる;take;[1978];49;;vocab
12086;四郎;3.06;しろう;Shiro;[4, 1995];49;;vocab
12087;日和;3.06;ひより;weather;[12, 963];26;;vocab
12088;甘味;3.06;あまみ;sweetness;[1894, 233];46;;vocab
12089;必需;3.06;ひつじゅ;necessary;[685, 1249];31;;vocab
12090;エレベータ;3.06;エレベータ;elevator;[];0;5;loanword
12091;何一つ;3.06;なにひとつ;Nothing;[1087, 1];27;;vocab
12092;減額;3.06;げんがく;reduction;[391, 316];16;;vocab
12093;自前;3.06;じまえ;taking care of one's responsibilities by oneself;[36, 309];13;;vocab
12094;旭;3.06;あさひ;Asahi;[27];2;;vocab
12095;森山;3.06;もりやま;Moriyama;[209, 830];24;;vocab
12096;顎;3.05;あご;jaw;[1333];33;;vocab
12097;東日本;3.05;ひがしにっぽん;East Japan;[543, 12, 224];19;;vocab
12098;放浪;3.05;ほうろう;wandering;[535, 1580];38;;vocab
12099;ババ;3.05;ババ;Baba;[];0;5;loanword
12100;御飯;3.05;ごはん;cooked rice;[1500, 1583];38;;vocab
12101;月日;3.05;つきひ;time;[13, 12];1;;vocab
12102;そうこう;3.05;そうこう;That's right;[];0;5;vocab
12103;ちよ;3.05;ちよ;Chiyo;[];0;5;vocab
12104;雑音;3.05;ざつおん;noise;[604, 518];21;;vocab
12105;スプレー;3.05;スプレー;spray;[];0;5;loanword
12106;分断;3.05;ぶんだん;dividing into parts;[844, 1218];31;;vocab
12107;恨み;3.05;うらみ;grudge;[1570];38;;vocab
12108;罪悪;3.05;ざいあく;crime;[1764, 1951];48;;vocab
12109;長引く;3.05;ながびく;prolonged;[2070, 1318];52;;vocab
12110;腰痛;3.05;ようつう;pain;[1731, 1825];44;;vocab
12111;凹む;3.05;へこむ;Depressed;[33];2;;vocab
12112;改憲;3.05;かいけん;constitutional change;[567, 1674];40;;vocab
12113;ひらく;3.05;ひらく;Open;[];0;5;vocab
12114;申し立て;3.05;もうしたて;Claim;[1198, 462];30;;vocab
12115;学費;3.05;がくひ;tuition;[346, 1326];33;;vocab
12116;開講;3.04;かいこう;holding a course;[1750, 1957];48;;vocab
12117;仕込む;3.04;しこむ;Prepare;[1033, 843];27;;vocab
12118;打合せ;3.04;うちあわせ;Meeting;[705, 269];23;;vocab
12119;つま;3.04;つま;wife;[];0;5;vocab
12120;パワフル;3.04;パワフル;Powerful;[];0;5;loanword
12121;アミ;3.04;アミ;Nettle;[];0;5;loanword
12122;知らせる;3.04;しらせる;Inform;[1308];33;;vocab
12123;構文;3.04;こうぶん;syntax;[1959, 1861];48;;vocab
12124;候;3.04;こう;weather;[1769];42;;vocab
12125;下北沢;3.04;しもきたざわ;Shimokitazawa;[51, 480, 1153];29;;vocab
12126;読み書き;3.04;よみかき;Reading and writing;[372, 349];15;;vocab
12127;じゅん;3.04;じゅん;Jun;[];0;5;vocab
12128;文系;3.04;ぶんけい;humanities, social sciences, and fine arts;[1861, 1492];45;;vocab
12129;震度;3.04;しんど;seismic intensity;[2166, 1278];55;;vocab
12130;せっせと;3.04;せっせと;diligently;[];0;5;vocab
12131;環境庁;3.04;かんきょうちょう;Environment Agency;[899, 523, 635];25;;vocab
12132;グローブ;3.04;グローブ;Gloves;[];0;5;loanword
12133;導き出す;3.04;みちびきだす;derive;[296, 829];24;;vocab
12134;ソーセージ;3.04;ソーセージ;sausage;[];0;5;loanword
12135;女系;3.04;じょけい;female line;[102, 1492];36;;vocab
12136;起る;3.04;おこる;get up;[565];21;;vocab
12137;直撃;3.04;ちょくげき;direct hit;[77, 766];23;;vocab
12138;潤;3.03;じゅん;Jun;[1755];42;;vocab
12139;見積もる;3.03;みつもる;estimate;[61, 1663];40;;vocab
12140;報う;3.03;むくう;Reward;[1625];39;;vocab
12141;憲章;3.03;けんしょう;charter;[1674, 464];40;;vocab
12142;そんなふうに;3.03;そんなふうに;That's how it is;[];0;5;vocab
12143;少子;3.03;しょうし;low birth rate;[111, 99];7;;vocab
12144;おみやげ;3.03;おみやげ;Souvenirs;[];0;5;vocab
12145;灸;3.03;やいと;Moxibustion;[9999];99;;vocab
12146;ガバ;3.03;ガバ;Gaba;[];0;5;loanword
12147;前原;3.03;まえはら;Maehara;[309, 142];13;;vocab
12148;高野;3.03;たかの;Takano;[329, 1722];41;;vocab
12149;漁師;3.03;りょうし;fisherman;[184, 1361];34;;vocab
12150;窒素;3.03;ちっそ;nitrogen;[1418, 1652];40;;vocab
12151;おっちゃん;3.03;おっちゃん;Uncle;[];0;5;vocab
12152;大々的;3.03;だいだいてき;Large-scale;[112, 73];7;;vocab
12153;東亜;3.03;とうあ;East Asia;[543, 1950];48;;vocab
12154;哀れ;3.03;あわれ;Pathetic;[428];18;;vocab
12155;歯止め;3.03;はどめ;Brake;[1255, 396];31;;vocab
12156;中高年;3.03;ちゅうこうねん;middle-aged and elderly;[39, 329, 1114];28;;vocab
12157;セラピー;3.03;セラピー;Therapy;[];0;5;loanword
12158;ブタ;3.03;ブタ;pig;[];0;5;loanword
12159;戦記;3.03;せんき;military history;[2079, 568];53;;vocab
12160;疑わしい;3.03;うたがわしい;i doubt it;[1513];37;;vocab
12161;スキーム;3.03;スキーム;Scheme;[];0;5;loanword
12162;やう;3.03;やう;Yep;[];0;5;vocab
12163;堺;3.03;さかい;Sakai;[9999];99;;vocab
12164;歌劇;3.03;かげき;opera;[508, 2152];54;;vocab
12165;充足;3.03;じゅうそく;sufficiency;[823, 1372];34;;vocab
12166;中途;3.03;ちゅうと;in the middle;[39, 1790];43;;vocab
12167;しっとり;3.03;しっとり;Moist;[];0;5;vocab
12168;歳月;3.03;さいげつ;time;[551, 13];20;;vocab
12169;買い手;3.03;かいて;buyer;[894, 687];25;;vocab
12170;ロッカー;3.02;ロッカー;locker;[];0;5;loanword
12171;横須賀;3.02;よこすか;Yokosuka;[1888, 1854, 933];45;;vocab
12172;言い渡す;3.02;いいわたす;hand down;[357, 1279];32;;vocab
12173;ジョンソン;3.02;ジョンソン;Johnson;[];0;5;loanword
12174;話し方;3.02;はなしかた;Speaking style;[368, 529];19;;vocab
12175;造成;3.02;ぞうせい;creation;[299, 386];16;;vocab
12176;とおす;3.02;とおす;Pass;[];0;5;vocab
12177;顕;3.02;あらわ;Aware;[1928];47;;vocab
12178;横切る;3.02;よこぎる;Cross;[1888, 89];45;;vocab
12179;レンタカー;3.02;レンタカー;Car rental;[];0;5;loanword
12180;細工;3.02;ざいく;craftsmanship;[1463, 80];36;;vocab
12181;姓;3.02;せい;Last name;[1678];40;;vocab
12182;取り替える;3.02;とりかえる;replace;[882, 905];25;;vocab
12183;緻密;3.02;ちみつ;minute;[1437, 837];36;;vocab
12184;結;3.02;ゆい;Conclusion;[1451];36;;vocab
12185;本誌;3.02;ほんし;this magazine;[224, 646];22;;vocab
12186;ブレア;3.02;ブレア;Blair;[];0;5;loanword
12187;ダラダラ;3.01;ダラダラ;Lazy;[];0;5;loanword
12188;アクセル;3.01;アクセル;accelerator;[];0;5;loanword
12189;取消;3.01;とりけし;cancellation;[882, 155];25;;vocab
12190;買物;3.01;かいもの;shopping;[894, 1129];29;;vocab
12191;メカ;3.01;メカ;Mecha;[];0;5;loanword
12192;大方;3.01;おおかた;perhaps;[112, 529];19;;vocab
12193;技師;3.01;ぎし;engineer;[769, 1361];34;;vocab
12194;昌;3.01;あきら;Chang;[25];2;;vocab
12195;常務;3.01;じょうむ;managing director;[862, 1313];33;;vocab
12196;声援;3.01;せいえん;encouragement;[2044, 2101];53;;vocab
12197;圧勝;3.01;あっしょう;complete victory;[163, 1294];32;;vocab
12198;一色;3.01;いっしょく;one color;[1, 1890];45;;vocab
12199;噺;3.01;はなし;story;[9999];99;;vocab
12200;鉱物;3.01;こうぶつ;mineral;[802, 1129];29;;vocab
12201;噴出;3.01;ふんしゅつ;spewing;[1281, 829];32;;vocab
12202;心中;3.01;しんじゅう;double suicide;[639, 39];22;;vocab
12203;さわる;3.01;さわる;Touch;[];0;5;vocab
12204;刑罰;3.01;けいばつ;judgement;[734, 896];25;;vocab
12205;実写;3.01;じっしゃ;on-the-spot filming or photography;[1694, 1336];40;;vocab
12206;卓球;3.01;たっきゅう;table tennis;[52, 1005];26;;vocab
12207;あき;3.01;あき;free space;[];0;5;vocab
12208;この上ない;3.01;このうえない;The best;[50];3;;vocab
12209;ジェン;3.01;ジェン;Jen;[];0;5;loanword
12210;棄却;3.01;ききゃく;rejection;[820, 1497];37;;vocab
12211;しぬ;3.01;しぬ;Die;[];0;5;vocab
12212;キャロル;3.0;キャロル;Carol;[];0;5;loanword
12213;産学;3.0;さんがく;industry-academic;[1681, 346];40;;vocab
12214;ケネディ;3.0;ケネディ;Kennedy;[];0;5;loanword
12215;疑念;3.0;ぎねん;doubt;[1513, 1715];41;;vocab
12216;プロダクト;3.0;プロダクト;product;[];0;5;loanword
12217;拳銃;3.0;けんじゅう;pistol;[1290, 824];32;;vocab
12218;忠告;3.0;ちゅうこく;advice;[648, 262];22;;vocab
12219;兆候;3.0;ちょうこう;sign;[250, 1769];42;;vocab
12220;咲かせる;3.0;さかせる;Bloom;[2174];55;;vocab
12221;流用;3.0;りゅうよう;diversion;[826, 1265];31;;vocab
12222;運河;3.0;うんが;canal;[325, 157];14;;vocab
12223;敦;3.0;あつし;Atsushi;[9999];99;;vocab
12224;鉛;3.0;なまり;lead;[857];24;;vocab
12225;夕暮れ;3.0;ゆうぐれ;evening;[114, 247];10;;vocab
12226;築地;3.0;つきじ;reclaimed land;[1021, 554];26;;vocab
12227;レントゲン;3.0;レントゲン;X-ray;[];0;5;loanword
12228;夜空;3.0;よぞら;night sky;[1115, 1414];35;;vocab
12229;釣れる;3.0;つれる;Can be caught;[291];12;;vocab
12230;親会社;3.0;おやがいしゃ;Parent company;[1621, 814, 1173];39;;vocab
12231;小池;3.0;こいけ;Koike;[110, 555];21;;vocab
12232;北方;3.0;ほっぽう;northern;[480, 529];19;;vocab
12233;繁華;3.0;はんか;bustle;[1435, 1704];40;;vocab
12234;大宮;3.0;おおみや;imperial palace;[112, 1110];28;;vocab
12235;各位;3.0;かくい;everyone;[311, 1028];27;;vocab
12236;転用;3.0;てんよう;diversion;[449, 1265];31;;vocab
12237;返金;3.0;へんきん;repayment;[782, 287];23;;vocab
12238;書き手;3.0;かきて;writer;[349, 687];23;;vocab
12239;やりがい;3.0;やりがい;Rewarding;[];0;5;vocab
12240;ピート;3.0;ピート;Pete;[];0;5;loanword
12241;失踪;3.0;しっそう;absconding;[908, 1382];34;;vocab
12242;カーン;3.0;カーン;Khan;[];0;5;loanword
12243;模範;3.0;もはん;exemplar;[244, 1516];37;;vocab
12244;口実;2.99;こうじつ;excuse;[11, 1694];40;;vocab
12245;怪物;2.99;かいぶつ;monster;[773, 1129];29;;vocab
12246;安打;2.99;あんだ;safe hit;[202, 705];23;;vocab
12247;符号;2.99;ふごう;sign;[1076, 1330];33;;vocab
12248;狂;2.99;きょう;crazy;[277];12;;vocab
12249;装;2.99;そう;outfit;[425];18;;vocab
12250;買い換える;2.99;かいかえる;Replace;[894, 1122];28;;vocab
12251;カジュアル;2.99;カジュアル;casual;[];0;5;loanword
12252;必読;2.99;ひつどく;must-read;[685, 372];22;;vocab
12253;動的;2.99;どうてき;dynamic;[1806, 73];43;;vocab
12254;ケンブリッジ;2.99;ケンブリッジ;Cambridge;[];0;5;loanword
12255;踏み入れる;2.99;ふみいれる;step in;[1381, 842];34;;vocab
12256;ゆでる;2.99;ゆでる;Boil;[];0;5;vocab
12257;橘;2.99;たちばな;Tachibana;[9999];99;;vocab
12258;ホイール;2.99;ホイール;wheel;[];0;5;loanword
12259;海老;2.99;えび;prawn;[500, 1340];34;;vocab
12260;虜;2.99;とりこ;Captive;[2146];54;;vocab
12261;浮き彫り;2.99;うきぼり;relief;[787, 1846];45;;vocab
12262;国民党;2.99;こくみんとう;Kuomintang;[624, 1976, 860];49;;vocab
12263;町民;2.99;ちょうみん;townspeople;[96, 1976];49;;vocab
12264;隣国;2.99;りんごく;neighbouring country;[1408, 624];35;;vocab
12265;織り込む;2.99;おりこむ;Weave in;[1432, 843];36;;vocab
12266;絶大;2.99;ぜつだい;tremendous;[1891, 112];45;;vocab
12267;はつ;2.98;はつ;first time;[];0;5;vocab
12268;しようが;2.98;しようが;Let's do it;[];0;5;vocab
12269;なんせ;2.98;なんせ;After all;[];0;5;vocab
12270;締切;2.98;しめきり;deadline;[1440, 89];36;;vocab
12271;街並み;2.98;まちなみ;cityscape;[955, 1924];47;;vocab
12272;ホセ;2.98;ホセ;Jose;[];0;5;loanword
12273;極度;2.98;きょくど;maximum;[2052, 1278];51;;vocab
12274;濃縮;2.98;のうしゅく;concentration;[2171, 1434];55;;vocab
12275;生殖;2.98;せいしょく;reproduction;[1675, 874];40;;vocab
12276;英和;2.98;えいわ;English-Japanese;[1878, 963];45;;vocab
12277;のべる;2.98;のべる;speak;[];0;5;vocab
12278;ボウル;2.98;ボウル;bowl;[];0;5;loanword
12279;嫁さん;2.98;よめさん;Wife;[581];21;;vocab
12280;ってか;2.98;ってか;I mean;[];0;5;vocab
12281;くれぐれも;2.98;くれぐれも;Please be careful;[];0;5;vocab
12282;ナンセンス;2.98;ナンセンス;Nonsense;[];0;5;loanword
12283;並列;2.98;へいれつ;arrangement;[1924, 875];47;;vocab
12284;荒廃;2.98;こうはい;ruin;[527, 1841];44;;vocab
12285;予習;2.98;よしゅう;preparation for a lesson;[1719, 616];41;;vocab
12286;マキ;2.98;マキ;Maki;[];0;5;loanword
12287;入植;2.98;にゅうしょく;settlement;[842, 217];24;;vocab
12288;取り囲む;2.98;とりかこむ;surround;[882, 1948];48;;vocab
12289;地検;2.98;ちけん;District Public Prosecutor's Office;[554, 1803];43;;vocab
12290;重症;2.98;じゅうしょう;serious illness;[1805, 1816];44;;vocab
12291;添削;2.98;てんさく;correction;[684, 124];22;;vocab
12292;従属;2.98;じゅうぞく;subordination;[942, 2103];53;;vocab
12293;りっぱ;2.98;りっぱ;Magnificent;[];0;5;vocab
12294;吉祥寺;2.97;きちじょうじ;Kichijoji;[342, 1169, 170];30;;vocab
12295;英単語;2.97;えいたんご;English words;[1878, 2078, 371];53;;vocab
12296;天ぷら;2.97;てんぷら;Tempura;[457];18;;vocab
12297;ブライアン;2.97;ブライアン;Brian;[];0;5;loanword
12298;地中海;2.97;ちちゅうかい;mediterranean;[554, 39, 500];21;;vocab
12299;仕る;2.97;つかまつる;do;[1033];27;;vocab
12300;器用;2.97;きよう;skillful;[127, 1265];31;;vocab
12301;倍率;2.97;ばいりつ;magnification;[1067, 1874];45;;vocab
12302;寝不足;2.97;ねぶそく;lack of sleep;[1233, 1302, 1372];34;;vocab
12303;出くわす;2.97;でくわす;come across;[829];24;;vocab
12304;賞品;2.97;しょうひん;prize;[859, 23];25;;vocab
12305;商取引;2.97;しょうとりひき;business transactions;[471, 882, 1318];33;;vocab
12306;先駆;2.97;せんく;forerunner;[263, 2137];54;;vocab
12307;入れ替わる;2.97;いれかわる;Switch;[842, 905];25;;vocab
12308;台本;2.97;だいほん;script;[805, 224];23;;vocab
12309;ひとりひとり;2.97;ひとりひとり;Each and every one;[];0;5;vocab
12310;はがき;2.97;はがき;Postcard;[];0;5;vocab
12311;対峙;2.97;たいじ;confrontation;[1862, 9999];99;;vocab
12312;ノベル;2.97;ノベル;Novel;[];0;5;loanword
12313;増資;2.97;ぞうし;increase of capital;[541, 512];19;;vocab
12314;チョット;2.97;チョット;A little;[];0;5;loanword
12315;果;2.97;はて;Fruit;[1202];30;;vocab
12316;ゴロ;2.96;ゴロ;Grounder;[];0;5;loanword
12317;信州;2.96;しんしゅう;Shinshu;[1043, 135];27;;vocab
12318;比喩;2.96;ひゆ;simile;[482, 308];18;;vocab
12319;みち;2.96;みち;road;[];0;5;vocab
12320;風力;2.96;ふうりょく;wind power;[563, 922];25;;vocab
12321;ホームラン;2.96;ホームラン;Home Run;[];0;5;loanword
12322;仮称;2.96;かしょう;temporary name;[1039, 971];27;;vocab
12323;舞踏;2.96;ぶとう;dancing;[1912, 1381];46;;vocab
12324;ゲン;2.96;ゲン;Gen;[];0;5;loanword
12325;開戦;2.96;かいせん;outbreak of war;[1750, 2079];53;;vocab
12326;元旦;2.96;がんたん;New Year's Day;[63, 30];4;;vocab
12327;傘下;2.96;さんか;affiliated with;[1103, 51];27;;vocab
12328;木曜;2.96;もくよう;Thursday;[207, 618];21;;vocab
12329;太平洋戦争;2.96;たいへいようせんそう;Pacific War;[126, 1596, 588, 2079, 1238];53;;vocab
12330;山間;2.96;さんかん;among the mountains;[830, 1747];42;;vocab
12331;砂浜;2.96;すなはま;sandy beach;[122, 1430];35;;vocab
12332;古本;2.96;ふるほん;secondhand book;[16, 224];10;;vocab
12333;サングラス;2.96;サングラス;sunglasses;[];0;5;loanword
12334;都立;2.96;とりつ;metropolitan;[1989, 462];49;;vocab
12335;からかう;2.96;からかう;tease;[];0;5;vocab
12336;コック;2.96;コック;cock;[];0;5;loanword
12337;スズキ;2.96;スズキ;Suzuki;[];0;5;loanword
12338;眠気;2.96;ねむけ;sleepiness;[1977, 2030];51;;vocab
12339;心強い;2.96;こころづよい;Reassuring;[639, 1321];33;;vocab
12340;おや;2.96;おや;Oh;[];0;5;vocab
12341;払拭;2.96;ふっしょく;wiping out;[798, 695];23;;vocab
12342;希;2.96;まれ;Nozomi;[1602];39;;vocab
12343;多重;2.95;たじゅう;multiple;[113, 1805];43;;vocab
12344;コーディネート;2.95;コーディネート;Coordination;[];0;5;loanword
12345;用具;2.95;ようぐ;tools;[1265, 78];31;;vocab
12346;痴呆;2.95;ちほう;dementia;[1814, 9999];99;;vocab
12347;農政;2.95;のうせい;agricultural administration;[2170, 407];55;;vocab
12348;病人;2.95;びょうにん;sick person;[1813, 1023];44;;vocab
12349;舗装;2.95;ほそう;pavement;[1982, 425];49;;vocab
12350;山村;2.95;さんそん;mountain village;[830, 221];24;;vocab
12351;執拗;2.95;しつよう;persistent;[1623, 9999];99;;vocab
12352;全長;2.95;ぜんちょう;over-all length;[281, 2070];52;;vocab
12353;誹謗;2.95;ひぼう;slander;[9999, 9999];99;;vocab
12354;総じて;2.95;そうじて;Overall;[1466];36;;vocab
12355;沼;2.95;ぬま;Swamp;[145];8;;vocab
12356;自在;2.95;じざい;freely;[36, 740];23;;vocab
12357;チャネル;2.95;チャネル;channel;[];0;5;loanword
12358;文面;2.95;ぶんめん;content of a letter;[1861, 2039];51;;vocab
12359;久保田;2.95;くぼた;Kubota;[1092, 1072, 14];27;;vocab
12360;アダム;2.95;アダム;Adam;[];0;5;loanword
12361;フィート;2.95;フィート;feet;[];0;5;loanword
12362;あわせて;2.95;あわせて;In addition;[];0;5;vocab
12363;感受性;2.95;かんじゅせい;sensitivity;[662, 794, 1679];40;;vocab
12364;フェーズ;2.95;フェーズ;Phase;[];0;5;loanword
12365;人情;2.95;にんじょう;humanity;[1023, 1657];40;;vocab
12366;第一人者;2.94;だいいちにんしゃ;guru;[1327, 1, 1023, 1345];34;;vocab
12367;宿る;2.94;やどる;reside;[1070];27;;vocab
12368;婆;2.94;ばば;old woman;[867];25;;vocab
12369;初夏;2.94;しょか;early summer;[431, 317];18;;vocab
12370;分量;2.94;ぶんりょう;amount;[844, 189];24;;vocab
12371;根付く;2.94;ねつく;take root;[1571, 1075];38;;vocab
12372;塩素;2.94;えんそ;chlorine;[1568, 1652];40;;vocab
12373;南極;2.94;なんきょく;Antarctic;[1740, 2052];51;;vocab
12374;兄貴;2.94;あにき;elder brother;[107, 1908];46;;vocab
12375;天文;2.94;てんもん;astronomy;[457, 1861];45;;vocab
12376;ドリブル;2.94;ドリブル;dribble;[];0;5;loanword
12377;ゆり;2.94;ゆり;Yuri;[];0;5;vocab
12378;気持ち良い;2.94;きもちよい;Feels good;[2030, 712, 1578];51;;vocab
12379;最多;2.94;さいた;most;[884, 113];25;;vocab
12380;愉しい;2.94;たのしい;Enjoyable;[675];22;;vocab
12381;既婚;2.94;きこん;marriage;[1593, 1972];49;;vocab
12382;ポルノ;2.94;ポルノ;Porn;[];0;5;loanword
12383;税務署;2.94;ぜいむしょ;tax office;[961, 1313, 1349];34;;vocab
12384;ひそか;2.94;ひそか;Secret;[];0;5;vocab
12385;振り込む;2.94;ふりこむ;Transfer;[2167, 843];55;;vocab
12386;運航;2.94;うんこう;operating;[325, 2014];50;;vocab
12387;澄む;2.94;すむ;clear;[1839];44;;vocab
12388;実る;2.94;みのる;bear fruit;[1694];40;;vocab
12389;想い出;2.94;おもいで;memories;[656, 829];24;;vocab
12390;インプット;2.94;インプット;input;[];0;5;loanword
12391;広東;2.94;かんとん;Canton;[799, 543];23;;vocab
12392;上述;2.94;じょうじゅつ;above-mentioned;[50, 1643];39;;vocab
12393;小僧;2.94;こぞう;youngster;[110, 1057];27;;vocab
12394;通りすがり;2.94;とおりすがり;passing;[1511];37;;vocab
12395;造船;2.94;ぞうせん;shipbuilding;[299, 2019];50;;vocab
12396;なんら;2.94;なんら;Anything;[];0;5;vocab
12397;回生;2.94;かいせい;resurrection;[630, 1675];40;;vocab
12398;伝導;2.94;でんどう;conduction;[1036, 296];27;;vocab
12399;憎悪;2.94;ぞうお;hatred;[673, 1951];48;;vocab
12400;遊園;2.94;ゆうえん;playground;[1126, 629];29;;vocab
12401;取り残す;2.94;とりのこす;leave behind;[882, 871];25;;vocab
12402;いす;2.94;いす;chair;[];0;5;vocab
12403;賑やか;2.93;にぎやか;busy;[9999];99;;vocab
12404;休養;2.93;きゅうよう;rest;[1038, 1591];38;;vocab
12405;しのぐ;2.93;しのぐ;Survive;[];0;5;vocab
12406;魅;2.93;み;Charm;[2179];55;;vocab
12407;無垢;2.93;むく;purity;[1913, 9999];99;;vocab
12408;消失;2.93;しょうしつ;die out;[155, 908];25;;vocab
12409;捕虜;2.93;ほりょ;prisoner;[1978, 2146];54;;vocab
12410;言い回し;2.93;いいまわし;Phrases;[357, 630];22;;vocab
12411;滅ぼす;2.93;ほろぼす;destroy;[390];16;;vocab
12412;故人;2.93;こじん;the deceased;[355, 1023];27;;vocab
12413;すませる;2.93;すませる;Finish;[];0;5;vocab
12414;マルクス主義;2.93;まるくすしゅぎ;Marxism;[284, 691];23;;vocab
12415;小鳥;2.93;ことり;small bird;[110, 2091];53;;vocab
12416;出頭;2.93;しゅっとう;appearance;[829, 1549];38;;vocab
12417;チャイルド;2.93;チャイルド;child;[];0;5;loanword
12418;ラスベガス;2.93;ラスベガス;Las Vegas;[];0;5;loanword
12419;くに;2.93;くに;Country;[];0;5;vocab
12420;開き直る;2.93;ひらきなおる;Be defiant;[1750, 77];42;;vocab
12421;バーガー;2.93;バーガー;Burger;[];0;5;loanword
12422;備蓄;2.93;びちく;emergency stores;[1267, 1486];36;;vocab
12423;正午;2.93;しょうご;noon;[405, 610];21;;vocab
12424;紛失;2.93;ふんしつ;losing something;[1458, 908];36;;vocab
12425;無題;2.93;むだい;untitled;[1913, 415];46;;vocab
12426;免責;2.93;めんせき;exemption from responsibility;[2126, 1661];53;;vocab
12427;満月;2.93;まんげつ;full moon;[1253, 13];31;;vocab
12428;シベリア;2.93;シベリア;Siberia;[];0;5;loanword
12429;種族;2.92;しゅぞく;race;[1810, 1307];43;;vocab
12430;フック;2.92;フック;hook;[];0;5;loanword
12431;利上げ;2.92;りあげ;interest rate hike;[972, 50];26;;vocab
12432;伐採;2.92;ばっさい;lumbering;[1069, 792];27;;vocab
12433;閉会;2.92;へいかい;closure;[1751, 814];42;;vocab
12434;割り当て;2.92;わりあて;allocation;[1673, 1236];40;;vocab
12435;宮内;2.92;くない;Miyauchi;[1110, 1095];28;;vocab
12436;伴;2.92;とも;Ban;[1287];32;;vocab
12437;海峡;2.92;かいきょう;channel;[500, 1355];34;;vocab
12438;洋子;2.92;ようこ;Yoko;[588, 99];21;;vocab
12439;急性;2.92;きゅうせい;acute;[1229, 1679];40;;vocab
12440;つけ;2.92;つけ;Tsuke;[];0;5;vocab
12441;検閲;2.92;けんえつ;censorship;[1803, 1745];43;;vocab
12442;前置き;2.92;まえおき;Introduction;[309, 895];25;;vocab
12443;ひろ;2.92;ひろ;Hiro;[];0;5;vocab
12444;重点的;2.92;じゅうてんてき;Priority;[1805, 181, 73];43;;vocab
12445;小冊子;2.92;しょうさっし;booklet;[110, 1967, 99];48;;vocab
12446;雑草;2.92;ざっそう;weed;[604, 238];21;;vocab
12447;東側;2.92;ひがしがわ;east side;[543, 1049];27;;vocab
12448;新婚;2.92;しんこん;newly-wed;[1619, 1972];49;;vocab
12449;調書;2.91;ちょうしょ;protocol;[373, 349];15;;vocab
12450;麓;2.91;ふもと;foot of the mountain;[2155];54;;vocab
12451;区切り;2.91;くぎり;Separator;[1831, 89];44;;vocab
12452;鉄骨;2.91;てっこつ;steel frame;[909, 1383];34;;vocab
12453;凝縮;2.91;ぎょうしゅく;condensation;[1515, 1434];37;;vocab
12454;ヘルス;2.91;ヘルス;health;[];0;5;loanword
12455;尊;2.91;みこと;Respect;[1547];38;;vocab
12456;主題歌;2.91;しゅだいか;theme song;[284, 415, 508];18;;vocab
12457;坂口;2.91;さかぐち;Sakaguchi;[780, 11];23;;vocab
12458;おさめる;2.91;おさめる;Contain;[];0;5;vocab
12459;質的;2.91;しつてき;qualitative;[1219, 73];31;;vocab
12460;アトリエ;2.91;アトリエ;Atelier;[];0;5;loanword
12461;至福;2.91;しふく;beatitude;[815, 1171];30;;vocab
12462;商談;2.91;しょうだん;business discussion;[471, 374];18;;vocab
12463;毅;2.91;あつし;Takeshi;[9999];99;;vocab
12464;マフラー;2.91;マフラー;muffler;[];0;5;loanword
12465;岩田;2.91;いわた;Iwata;[832, 14];24;;vocab
12466;たくましい;2.91;たくましい;sturdy;[];0;5;vocab
12467;たこ;2.9;たこ;Octopus;[];0;5;vocab
12468;顔色;2.9;かおいろ;complexion;[1853, 1890];45;;vocab
12469;電球;2.9;でんきゅう;light bulb;[574, 1005];26;;vocab
12470;近鉄;2.9;きんてつ;Kintetsu;[1210, 909];31;;vocab
12471;銭湯;2.9;せんとう;bath-house;[394, 585];21;;vocab
12472;激怒;2.9;げきど;rage;[536, 759];23;;vocab
12473;知らず;2.9;しらず;Unaware;[1308];33;;vocab
12474;タフ;2.9;タフ;tough;[];0;5;loanword
12475;足立;2.9;あだち;Adachi;[1372, 462];34;;vocab
12476;経済学部;2.9;けいざいがくぶ;Faculty of Economics;[1460, 1868, 346, 1988];49;;vocab
12477;おおい;2.9;おおい;Whoops;[];0;5;vocab
12478;不条理;2.9;ふじょうり;absurdity;[1302, 319, 283];32;;vocab
12479;ジャンク;2.9;ジャンク;junk;[];0;5;loanword
12480;珈琲;2.9;こーひー;coffee;[9999, 9999];99;;vocab
12481;渓;2.9;けい;Valley;[903];25;;vocab
12482;猟;2.9;りょう;hunting;[2090];53;;vocab
12483;上半身;2.9;じょうはんしん;upper body;[50, 1286, 1337];34;;vocab
12484;健闘;2.9;けんとう;fighting bravely;[1048, 1757];42;;vocab
12485;趙;2.9;ちょう;Zhao;[9999];99;;vocab
12486;病室;2.9;びょうしつ;sickroom;[1813, 816];44;;vocab
12487;経済企画庁;2.9;けいざいきかくちょう;Economic Planning Agency;[1460, 1868, 401, 1254, 635];45;;vocab
12488;平壌;2.9;ぴょんやん;Pyongyang;[1596, 1649];39;;vocab
12489;発砲;2.9;はっぽう;firing;[1840, 571];44;;vocab
12490;昔ながら;2.9;むかしながら;Old-fashioned;[1268];32;;vocab
12491;おとな;2.9;おとな;Adult;[];0;5;vocab
12492;カウントダウン;2.9;カウントダウン;Countdown;[];0;5;loanword
12493;在学;2.89;ざいがく;in school;[740, 346];23;;vocab
12494;今時;2.89;いまどき;present day;[1711, 171];41;;vocab
12495;キリスト教徒;2.89;きりすときょうと;Christians;[1343, 943];34;;vocab
12496;昼飯;2.89;ひるめし;lunch;[1156, 1583];38;;vocab
12497;醸造;2.89;じょうぞう;brewing;[1647, 299];39;;vocab
12498;コントローラ;2.89;コントローラ;controller;[];0;5;loanword
12499;クッション;2.89;クッション;cushion;[];0;5;loanword
12500;新株;2.89;しんかぶ;new stocks or shares;[1619, 236];39;;vocab
12501;チャーター;2.89;チャーター;charter;[];0;5;loanword
12502;氾濫;2.89;はんらん;overflowing;[1518, 1563];38;;vocab
12503;好き嫌い;2.89;すききらい;Likes and dislikes;[103, 1724];41;;vocab
12504;バグダッド;2.89;バグダッド;Baghdad;[];0;5;loanword
12505;洲;2.89;しゅう;island;[9999];99;;vocab
12506;戦艦;2.89;せんかん;battleship;[2079, 2020];53;;vocab
12507;醍醐味;2.89;だいごみ;the real thrill;[9999, 9999, 233];99;;vocab
12508;蟹;2.89;かに;crab;[9999];99;;vocab
12509;本紙;2.89;ほんし;this newspaper;[224, 1971];49;;vocab
12510;奇;2.89;き;strange;[133];7;;vocab
12511;宣;2.89;せん;Declaration;[200];9;;vocab
12512;制す;2.89;せいす;Control;[447];18;;vocab
12513;エリック;2.89;エリック;Eric;[];0;5;loanword
12514;リクルート;2.89;リクルート;Recruit;[];0;5;loanword
12515;椿;2.89;つばき;camellia;[1691];40;;vocab
12516;整形;2.89;せいけい;orthopedics;[1800, 1847];45;;vocab
12517;まかなう;2.89;まかなう;Cover;[];0;5;vocab
12518;にたいする;2.88;にたいする;against;[];0;5;vocab
12519;詩集;2.88;ししゅう;poetry anthology;[370, 601];21;;vocab
12520;着工;2.88;ちゃっこう;work;[594, 80];21;;vocab
12521;乱用;2.88;らんよう;abuse;[76, 1265];31;;vocab
12522;供養;2.88;くよう;memorial service for the dead;[1935, 1591];47;;vocab
12523;セーター;2.88;セーター;sweater;[];0;5;loanword
12524;雛;2.88;ひな;chick;[9999];99;;vocab
12525;大山;2.88;おおやま;Daisen;[112, 830];24;;vocab
12526;赤十字;2.88;せきじゅうじ;Red Cross;[1880, 10, 197];45;;vocab
12527;減速;2.88;げんそく;deceleration;[391, 1799];43;;vocab
12528;心底;2.88;しんそこ;one's innermost depths;[639, 1975];49;;vocab
12529;のびる;2.88;のびる;Stretch;[];0;5;vocab
12530;ダンボール;2.88;ダンボール;cardboard;[];0;5;loanword
12531;動力;2.88;どうりょく;power;[1806, 922];43;;vocab
12532;申しわけ;2.88;もうしわけ;Apologies;[1198];30;;vocab
12533;恩;2.88;おん;Thanks;[652];22;;vocab
12534;武蔵;2.87;むさし;Musashi;[403, 913];25;;vocab
12535;がかり;2.87;がかり;Grab;[];0;5;vocab
12536;見張る;2.87;みはる;keep watch;[61, 2071];52;;vocab
12537;真っ直ぐ;2.87;まっすぐ;straight;[79, 77];5;;vocab
12538;グアム;2.87;グアム;Guam;[];0;5;loanword
12539;漕ぐ;2.87;こぐ;row;[1259];31;;vocab
12540;エアー;2.87;エアー;Air;[];0;5;loanword
12541;ほのぼの;2.87;ほのぼの;Heartwarming;[];0;5;vocab
12542;スーパーマーケット;2.87;スーパーマーケット;supermarket;[];0;5;loanword
12543;喜劇;2.87;きげき;comedy;[1553, 2152];54;;vocab
12544;辞退;2.87;じたい;declining;[1613, 1575];39;;vocab
12545;お参り;2.87;おまいり;Visit to the shrine;[1856];45;;vocab
12546;マメ;2.87;マメ;beans;[];0;5;loanword
12547;テック;2.87;テック;Tech;[];0;5;loanword
12548;蒸し暑い;2.87;むしあつい;humid;[2049, 1350];51;;vocab
12549;身元;2.87;みもと;person's identity;[1337, 63];34;;vocab
12550;本数;2.87;ほんすう;;[224, 998];26;;vocab
12551;皇族;2.87;こうぞく;imperial family;[279, 1307];33;;vocab
12552;強風;2.87;きょうふう;strong wind;[1321, 563];33;;vocab
12553;設問;2.87;せつもん;posing a question;[765, 1744];42;;vocab
12554;未明;2.87;みめい;early dawn;[229, 20];10;;vocab
12555;書き上げる;2.87;かきあげる;Write up;[349, 50];15;;vocab
12556;白鳥;2.87;しらとり;swan;[37, 2091];53;;vocab
12557;上り;2.87;のぼり;Upbound;[50];3;;vocab
12558;素子;2.87;そし;element;[1652, 99];40;;vocab
12559;断絶;2.87;だんぜつ;extinction;[1218, 1891];45;;vocab
12560;常々;2.87;つねづね;always;[862];25;;vocab
12561;シルク;2.87;シルク;silk;[];0;5;loanword
12562;存分;2.87;ぞんぶん;to one's heart's content;[739, 844];24;;vocab
12563;硬化;2.87;こうか;hardening;[750, 1083];27;;vocab
12564;吊る;2.87;つる;Hang;[9999];99;;vocab
12565;レディ;2.87;レディ;Lady;[];0;5;loanword
12566;増員;2.87;ぞういん;increase the number of personnel;[541, 59];19;;vocab
12567;帳簿;2.86;ちょうぼ;account book;[2072, 1020];52;;vocab
12568;堅持;2.86;けんじ;holding on to;[917, 712];25;;vocab
12569;防げる;2.86;ふせげる;Preventable;[1399];35;;vocab
12570;金色;2.86;きんいろ;golden;[287, 1890];45;;vocab
12571;叔母;2.86;おば;aunt;[775, 105];23;;vocab
12572;自治省;2.86;じちしょう;Ministry of Home Affairs;[36, 807, 131];23;;vocab
12573;法務大臣;2.86;ほうむだいじん;Minister of Justice;[813, 1313, 112, 911];33;;vocab
12574;よぶ;2.86;よぶ;Call;[];0;5;vocab
12575;温室;2.86;おんしつ;greenhouse;[1560, 816];38;;vocab
12576;逐次;2.86;ちくじ;sequentially;[578, 510];21;;vocab
12577;モチ;2.86;モチ;Mochi;[];0;5;loanword
12578;倉;2.86;くら;storehouse;[1758];42;;vocab
12579;酒造;2.86;しゅぞう;sake brewing;[1535, 299];38;;vocab
12580;紀元前;2.86;きげんぜん;B.C.;[1454, 63, 309];36;;vocab
12581;誘い;2.86;さそい;Invitation;[982];26;;vocab
12582;イレブン;2.86;イレブン;Eleven;[];0;5;loanword
12583;あや;2.86;あや;Aya;[];0;5;vocab
12584;緊密;2.86;きんみつ;rigour;[1474, 837];36;;vocab
12585;見回す;2.86;みまわす;Look around;[61, 630];22;;vocab
12586;クロック;2.86;クロック;clock;[];0;5;loanword
12587;カセット;2.86;カセット;cassette;[];0;5;loanword
12588;起す;2.86;おこす;cause;[565];21;;vocab
12589;アルク;2.86;アルク;Arc;[];0;5;loanword
12590;よぎる;2.86;よぎる;cross my mind;[];0;5;vocab
12591;盛大;2.86;せいだい;grand;[1567, 112];38;;vocab
12592;締め;2.86;しめ;Conclusion;[1440];36;;vocab
12593;鶏肉;2.86;けいにく;chicken meat;[2097, 1098];53;;vocab
12594;サンパウロ;2.86;サンパウロ;Sao Paulo;[];0;5;loanword
12595;ビリー;2.86;ビリー;Billy;[];0;5;loanword
12596;思いやる;2.86;おもいやる;Considerate;[651];22;;vocab
12597;平山;2.86;ひらやま;Hirayama;[1596, 830];39;;vocab
12598;手掛ける;2.86;てがける;handle;[687, 727];23;;vocab
12599;推し進める;2.86;おしすすめる;Push forward;[716, 603];23;;vocab
12600;見つけ出す;2.86;みつけだす;find out;[61, 829];24;;vocab
12601;ひねる;2.86;ひねる;Twist;[];0;5;vocab
12602;はおる;2.86;はおる;Haoru;[];0;5;vocab
12603;会計検査院;2.86;かいけいけんさいん;Board of Audit;[814, 359, 1803, 1920, 1401];47;;vocab
12604;同点;2.86;どうてん;deadlock;[192, 181];9;;vocab
12605;懲りる;2.85;こりる;be punished;[953];25;;vocab
12606;ヘッジファンド;2.85;ヘッジファンド;hedge funds;[];0;5;loanword
12607;王家;2.85;おうけ;royal family;[271, 580];21;;vocab
12608;カメ;2.85;カメ;tortoise;[];0;5;loanword
12609;賑わう;2.85;にぎわう;Bustling;[9999];99;;vocab
12610;イザ;2.85;イザ;Iza;[];0;5;loanword
12611;推察;2.85;すいさつ;guess;[716, 1184];30;;vocab
12612;好物;2.85;こうぶつ;favourite dish;[103, 1129];29;;vocab
12613;まんが;2.85;まんが;Manga;[];0;5;vocab
12614;一級;2.85;いちきゅう;one grade;[1, 1453];36;;vocab
12615;試食;2.85;ししょく;sampling food;[378, 1582];38;;vocab
12616;古今;2.85;ここん;ancient and modern times;[16, 1711];41;;vocab
12617;山内;2.85;やまうち;in the mountains;[830, 1095];27;;vocab
12618;アンナ;2.85;アンナ;Anna;[];0;5;loanword
12619;学芸;2.85;がくげい;arts and sciences;[346, 450];18;;vocab
12620;ずらす;2.85;ずらす;Shift;[];0;5;vocab
12621;とかす;2.85;とかす;Comb;[];0;5;vocab
12622;痕跡;2.85;こんせき;trace;[1822, 1883];45;;vocab
12623;新入生;2.85;しんにゅうせい;Freshman;[1619, 842, 1675];40;;vocab
12624;めど;2.85;めど;Target;[];0;5;vocab
12625;ヘルパー;2.85;ヘルパー;helper;[];0;5;loanword
12626;粗;2.85;ほぼ;Coarse;[1915];47;;vocab
12627;ダイニング;2.85;ダイニング;dining;[];0;5;loanword
12628;おそらくは;2.85;おそらくは;Probably;[];0;5;vocab
12629;椎名;2.85;しいな;Shiina;[597, 117];21;;vocab
12630;譜;2.85;ふ;stave;[1926];47;;vocab
12631;巨匠;2.85;きょしょう;master;[920, 1828];44;;vocab
12632;一変;2.85;いっぺん;complete change;[1, 1882];45;;vocab
12633;派兵;2.85;はへい;dispatch of troops;[1999, 1429];50;;vocab
12634;特撮;2.85;とくさつ;special effects;[261, 885];25;;vocab
12635;有数;2.85;ゆうすう;prominent;[83, 998];26;;vocab
12636;社団;2.85;しゃだん;corporation;[1173, 625];30;;vocab
12637;ライブラリー;2.85;ライブラリー;Library;[];0;5;loanword
12638;金魚;2.85;きんぎょ;goldfish;[287, 183];12;;vocab
12639;付随;2.85;ふずい;incident to;[1075, 1395];35;;vocab
12640;ぜん;2.85;ぜん;Zen;[];0;5;vocab
12641;生育;2.85;せいいく;birth and growth;[1675, 821];40;;vocab
12642;余韻;2.84;よいん;reverberation;[1786, 520];43;;vocab
12643;腎臓;2.84;じんぞう;kidney;[916, 914];25;;vocab
12644;村田;2.84;むらた;Murata;[221, 14];10;;vocab
12645;放り込む;2.84;ほうりこむ;Throw in;[535, 843];24;;vocab
12646;守護;2.84;しゅご;protection;[198, 756];23;;vocab
12647;再三;2.84;さいさん;again and again;[1956, 3];48;;vocab
12648;チャージ;2.84;チャージ;charge;[];0;5;loanword
12649;急行;2.84;きゅうこう;moving at high speed;[1229, 938];31;;vocab
12650;軽蔑;2.84;けいべつ;scorn;[774, 392];23;;vocab
12651;リベラル;2.84;リベラル;liberal;[];0;5;loanword
12652;将校;2.84;しょうこう;commissioned officer;[789, 1371];34;;vocab
12653;読み解く;2.84;よみとく;Interpretation;[372, 1955];48;;vocab
12654;富裕;2.84;ふゆう;wealth;[205, 856];24;;vocab
12655;跡地;2.84;あとち;site;[1883, 554];45;;vocab
12656;先着;2.84;せんちゃく;first arrival;[263, 594];21;;vocab
12657;れい;2.84;れい;spirit;[];0;5;vocab
12658;親密;2.84;しんみつ;intimacy;[1621, 837];39;;vocab
12659;初歩;2.84;しょほ;basics;[431, 397];18;;vocab
12660;エレクトロニクス;2.84;エレクトロニクス;electronics;[];0;5;loanword
12661;忠誠;2.84;ちゅうせい;loyalty;[648, 388];22;;vocab
12662;たれ;2.84;たれ;sauce;[];0;5;vocab
12663;貴い;2.84;とうとい;precious;[1908];46;;vocab
12664;粘土;2.83;ねんど;clay;[989, 161];26;;vocab
12665;ゴロゴロ;2.83;ゴロゴロ;rumbling;[];0;5;loanword
12666;予告編;2.83;よこくへん;Trailer;[1719, 262, 1966];48;;vocab
12667;織田;2.83;おだ;Oda;[1432, 14];36;;vocab
12668;略称;2.83;りゃくしょう;abbreviation;[314, 971];26;;vocab
12669;酔い;2.83;よい;drunkenness;[1543];38;;vocab
12670;エンターテインメント;2.83;エンターテインメント;Entertainment;[];0;5;loanword
12671;有給;2.83;ゆうきゅう;salaried;[83, 1449];36;;vocab
12672;取締;2.83;とりしまり;control;[882, 1440];36;;vocab
12673;同市;2.83;どうし;same city;[192, 440];18;;vocab
12674;重度;2.83;じゅうど;heavy;[1805, 1278];43;;vocab
12675;先々;2.83;さきざき;distant future;[263];11;;vocab
12676;物色;2.83;ぶっしょく;looking for a particular person or thing;[1129, 1890];45;;vocab
12677;ソロモン;2.83;ソロモン;Solomon;[];0;5;loanword
12678;街角;2.83;まちかど;street corner;[955, 1953];48;;vocab
12679;ガレージ;2.83;ガレージ;garage;[];0;5;loanword
12680;久し振り;2.83;ひさしぶり;It's been a while;[1092, 2167];55;;vocab
12681;おかあさん;2.83;おかあさん;Mother;[];0;5;vocab
12682;退く;2.83;しりぞく;Retreat;[1575];38;;vocab
12683;こんばんわ;2.83;こんばんわ;good evening;[];0;5;vocab
12684;前もって;2.83;まえもって;In advance;[309];13;;vocab
12685;売り出す;2.83;うりだす;put on sale;[345, 829];24;;vocab
12686;樽;2.83;たる;barrel;[9999];99;;vocab
12687;エリザベス;2.83;エリザベス;Elizabeth;[];0;5;loanword
12688;果たせる;2.83;はたせる;Achieve;[1202];30;;vocab
12689;男優;2.83;だんゆう;actor;[923, 1068];27;;vocab
12690;暴く;2.83;あばく;expose;[1941];47;;vocab
12691;不特定;2.83;ふとくてい;unspecified;[1302, 261, 408];32;;vocab
12692;数式;2.83;すうしき;numerical formula;[998, 377];26;;vocab
12693;待ち時間;2.83;まちじかん;Waiting time;[944, 171, 1747];42;;vocab
12694;露呈;2.83;ろてい;exposure;[1377, 280];34;;vocab
12695;ハイビジョン;2.83;ハイビジョン;High-definition;[];0;5;loanword
12696;シリアル;2.83;シリアル;serial;[];0;5;loanword
12697;インテリ;2.83;インテリ;Intellectual;[];0;5;loanword
12698;蜂;2.83;はち;bee;[1684];40;;vocab
12699;ブレンド;2.83;ブレンド;blend;[];0;5;loanword
12700;町並み;2.82;まちなみ;Townscape;[96, 1924];47;;vocab
12701;一途;2.82;いっと;wholehearted;[1, 1790];43;;vocab
12702;雑学;2.82;ざつがく;miscellaneous knowledge;[604, 346];21;;vocab
12703;にらむ;2.82;にらむ;Glare;[];0;5;vocab
12704;血糖;2.82;けっとう;blood sugar;[1556, 1242];38;;vocab
12705;突きつける;2.82;つきつける;thrust;[1416];35;;vocab
12706;クジラ;2.82;クジラ;whale;[];0;5;loanword
12707;隣る;2.82;となる;Next door;[1408];35;;vocab
12708;阻む;2.82;はばむ;hinder;[1919];47;;vocab
12709;総体;2.82;そうたい;the whole;[1466, 1030];36;;vocab
12710;叔父;2.82;おじ;uncle;[775, 1366];34;;vocab
12711;支社;2.82;ししゃ;branch office;[768, 1173];30;;vocab
12712;押し込む;2.82;おしこむ;Push in;[1195, 843];30;;vocab
12713;伏せる;2.82;ふせる;Face down;[1035];27;;vocab
12714;ミスター;2.82;ミスター;Mister;[];0;5;loanword
12715;近日;2.82;きんじつ;soon;[1210, 12];31;;vocab
12716;キッ;2.82;キッ;Kid;[];0;5;loanword
12717;多め;2.82;おおめ;A lot;[113];7;;vocab
12718;編著;2.82;へんちょ;compilation;[1966, 1347];48;;vocab
12719;安部;2.82;あべ;Abe;[202, 1988];49;;vocab
12720;苦難;2.82;くなん;suffering;[239, 1703];40;;vocab
12721;オールド;2.82;オールド;Old;[];0;5;loanword
12722;体格;2.82;たいかく;physique;[1030, 312];27;;vocab
12723;不全;2.82;ふぜん;partial;[1302, 281];32;;vocab
12724;侵す;2.82;おかす;invade;[1231];31;;vocab
12725;護衛;2.82;ごえい;guard;[756, 1775];42;;vocab
12726;モノクロ;2.82;モノクロ;Monochrome;[];0;5;loanword
12727;略す;2.82;りゃくす;abbreviated;[314];13;;vocab
12728;野心;2.81;やしん;ambition;[1722, 639];41;;vocab
12729;お好み焼き;2.81;おこのみやき;Okonomiyaki;[103, 1284];32;;vocab
12730;サク;2.81;サク;Saku;[];0;5;loanword
12731;否決;2.81;ひけつ;rejection;[1303, 1770];42;;vocab
12732;愛想;2.81;あいそ;civility;[796, 656];23;;vocab
12733;意気込み;2.81;いきごみ;enthusiasm;[654, 2030, 843];51;;vocab
12734;損ねる;2.81;そこねる;damage;[719];23;;vocab
12735;おっぱい;2.81;おっぱい;tits;[];0;5;vocab
12736;オペレーティングシステム;2.81;オペレーティングシステム;operating system;[];0;5;loanword
12737;栄える;2.81;さかえる;Thrive;[348];15;;vocab
12738;贈与;2.81;ぞうよ;donation;[542, 1335];33;;vocab
12739;諸々;2.81;もろもろ;all kinds of things;[1351];34;;vocab
12740;出馬;2.81;しゅつば;running;[829, 2132];54;;vocab
12741;借入金;2.81;かりいれきん;Borrowings;[1270, 842, 287];32;;vocab
12742;プラズマ;2.81;プラズマ;plasma;[];0;5;loanword
12743;光栄;2.81;こうえい;honour;[125, 348];15;;vocab
12744;兵衛;2.81;ひょうえ;Hyoe;[1429, 1775];42;;vocab
12745;ソビエト;2.81;ソビエト;Soviet;[];0;5;loanword
12746;シャトル;2.81;シャトル;shuttle;[];0;5;loanword
12747;こぼれる;2.81;こぼれる;spill;[];0;5;vocab
12748;矢印;2.81;やじるし;arrow;[1305, 1530];37;;vocab
12749;つれる;2.81;つれる;Accompany;[];0;5;vocab
12750;生々しい;2.81;なまなましい;fresh;[1675];40;;vocab
12751;停る;2.81;とまる;stop;[1051];27;;vocab
12752;取り締まる;2.81;とりしまる;crack down;[882, 1440];36;;vocab
12753;孔;2.81;あな;hole;[100];6;;vocab
12754;探し出す;2.81;さがしだす;Find out;[1425, 829];35;;vocab
12755;売り物;2.81;うりもの;Items for sale;[345, 1129];29;;vocab
12756;エコノミー;2.81;エコノミー;Economy;[];0;5;loanword
12757;シーク;2.81;シーク;seek;[];0;5;loanword
12758;貸与;2.81;たいよ;loan;[1082, 1335];33;;vocab
12759;転移;2.81;てんい;moving;[449, 964];26;;vocab
12760;悪循環;2.81;あくじゅんかん;vicious circle;[1951, 1998, 899];50;;vocab
12761;打者;2.81;だしゃ;batter;[705, 1345];34;;vocab
12762;少額;2.81;しょうがく;small sum;[111, 316];13;;vocab
12763;大西;2.81;おおにし;Onishi;[112, 1728];41;;vocab
12764;スリップ;2.81;スリップ;slip;[];0;5;loanword
12765;モットー;2.81;モットー;motto;[];0;5;loanword
12766;食える;2.81;くえる;edible;[1582];38;;vocab
12767;ウエア;2.81;ウエア;Wear;[];0;5;loanword
12768;前例;2.81;ぜんれい;precedent;[309, 1046];27;;vocab
12769;エンジニアリング;2.81;エンジニアリング;engineering;[];0;5;loanword
12770;小平;2.81;こだいら;Kodaira;[110, 1596];39;;vocab
12771;モモ;2.81;モモ;Momo;[];0;5;loanword
12772;ケニア;2.8;ケニア;Kenya;[];0;5;loanword
12773;最長;2.8;さいちょう;longest;[884, 2070];52;;vocab
12774;司馬;2.8;しば;Sima;[2007, 2132];54;;vocab
12775;受理;2.8;じゅり;acceptance;[794, 283];23;;vocab
12776;混沌;2.8;こんとん;confusion;[487, 9999];99;;vocab
12777;きたる;2.8;きたる;Coming;[];0;5;vocab
12778;ぶらぶら;2.8;ぶらぶら;Wandering around;[];0;5;vocab
12779;お方;2.8;おかた;Person;[529];19;;vocab
12780;もって;2.8;もって;With;[];0;5;vocab
12781;結核;2.8;けっかく;tuberculosis;[1451, 1638];39;;vocab
12782;短歌;2.8;たんか;tanka;[1550, 508];38;;vocab
12783;発光;2.8;はっこう;luminescence;[1840, 125];44;;vocab
12784;彩る;2.8;いろどる;Color;[1850];45;;vocab
12785;綱;2.8;つな;rope;[2114];53;;vocab
12786;微;2.8;び;slight;[954];25;;vocab
12787;くし;2.8;くし;comb;[];0;5;vocab
12788;スパイク;2.8;スパイク;spike;[];0;5;loanword
12789;音程;2.8;おんてい;musical interval;[518, 960];26;;vocab
12790;助け合う;2.79;たすけあう;Help each other;[1921, 269];47;;vocab
12791;ずれ;2.79;ずれ;deviation;[];0;5;vocab
12792;陶器;2.79;とうき;porcelain;[2117, 127];53;;vocab
12793;賄う;2.79;まかなう;cover;[84];5;;vocab
12794;多量;2.79;たりょう;large quantity;[113, 189];9;;vocab
12795;ニックネーム;2.79;ニックネーム;nickname;[];0;5;loanword
12796;抗生;2.79;こうせい;antibios;[700, 1675];40;;vocab
12797;露骨;2.79;ろこつ;frank;[1377, 1383];34;;vocab
12798;欠落;2.79;けつらく;missing;[505, 320];18;;vocab
12799;濫用;2.79;らんよう;abuse;[1563, 1265];38;;vocab
12800;配属;2.79;はいぞく;assignment;[1544, 2103];53;;vocab
12801;精子;2.79;せいし;sperm;[1655, 99];40;;vocab
12802;柿;2.79;かき;persimmon;[441];18;;vocab
12803;イコール;2.79;イコール;equal;[];0;5;loanword
12804;しつける;2.79;しつける;Discipline;[];0;5;vocab
12805;緊迫;2.79;きんぱく;tension;[1474, 300];36;;vocab
12806;元祖;2.79;がんそ;originator;[63, 1918];47;;vocab
12807;ブルジョアジー;2.79;ブルジョアジー;bourgeoisie;[];0;5;loanword
12808;形容詞;2.79;けいようし;adjective;[1847, 853, 2009];50;;vocab
12809;天文学;2.79;てんもんがく;astronomy;[457, 1861, 346];45;;vocab
12810;誘発;2.79;ゆうはつ;cause;[982, 1840];44;;vocab
12811;一元化;2.79;いちげんか;Centralization;[1, 63, 1083];27;;vocab
12812;フラメンコ;2.79;フラメンコ;flamenco;[];0;5;loanword
12813;バケツ;2.79;バケツ;bucket;[];0;5;loanword
12814;在留;2.79;ざいりゅう;stay;[740, 1527];37;;vocab
12815;置き場;2.78;おきば;storage location;[895, 584];25;;vocab
12816;号機;2.78;ごうき;Unit number;[1330, 1482];36;;vocab
12817;同席;2.78;どうせき;presence;[192, 1277];32;;vocab
12818;王妃;2.78;おうひ;queen;[271, 566];21;;vocab
12819;秦;2.78;はた;Qin;[9999];99;;vocab
12820;すます;2.78;すます;Smooth;[];0;5;vocab
12821;ツキ;2.78;ツキ;Luck;[];0;5;loanword
12822;容姿;2.78;ようし;appearance;[853, 513];24;;vocab
12823;音符;2.78;おんぷ;musical note;[518, 1076];27;;vocab
12824;問屋;2.78;とんや;wholesale store;[1744, 1138];42;;vocab
12825;アミノ酸;2.78;あみのさん;amino acid;[1545];38;;vocab
12826;下町;2.78;したまち;low-lying part of a city;[51, 96];5;;vocab
12827;あおる;2.78;あおる;incite;[];0;5;vocab
12828;累計;2.78;るいけい;cumulative total;[1464, 359];36;;vocab
12829;タケ;2.78;タケ;Take;[];0;5;loanword
12830;輝;2.78;てる;Shine;[324];14;;vocab
12831;すかさず;2.78;すかさず;Immediately;[];0;5;vocab
12832;碑;2.78;いしぶみ;Monument;[1630];39;;vocab
12833;望める;2.78;のぞめる;hope;[528];19;;vocab
12834;かわいらしい;2.78;かわいらしい;Cute;[];0;5;vocab
12835;ディスカウント;2.78;ディスカウント;discount;[];0;5;loanword
12836;中庭;2.77;なかにわ;courtyard;[39, 634];22;;vocab
12837;おぉ;2.77;おぉ;Oh;[];0;5;vocab
12838;バッチリ;2.77;バッチリ;Perfect;[];0;5;loanword
12839;フレッシュ;2.77;フレッシュ;Fresh;[];0;5;loanword
12840;ノンフィクション;2.77;ノンフィクション;Non-fiction;[];0;5;loanword
12841;思い知らす;2.77;おもいしらす;Make a lesson;[651, 1308];33;;vocab
12842;領収;2.77;りょうしゅう;receipt;[1507, 1628];39;;vocab
12843;昼過ぎ;2.77;ひるすぎ;afternoon;[1156, 1389];34;;vocab
12844;昆布;2.77;こんぶ;;[483, 433];18;;vocab
12845;ラケット;2.77;ラケット;racket;[];0;5;loanword
12846;立川;2.77;たちかわ;Tachikawa;[462, 134];18;;vocab
12847;希少;2.77;きしょう;scarce;[1602, 111];39;;vocab
12848;ヒップ;2.77;ヒップ;Hip;[];0;5;loanword
12849;フジモリ;2.77;フジモリ;Fujimori;[];0;5;loanword
12850;大前提;2.77;だいぜんてい;Major premise;[112, 309, 718];23;;vocab
12851;レクチャー;2.77;レクチャー;lecture;[];0;5;loanword
12852;小売り;2.77;こうり;retail;[110, 345];14;;vocab
12853;勝る;2.77;まさる;Win;[1294];32;;vocab
12854;飴;2.77;あめ;candy;[9999];99;;vocab
12855;かさ;2.77;かさ;umbrella;[];0;5;vocab
12856;放課後;2.77;ほうかご;after school;[535, 1204, 1479];36;;vocab
12857;修繕;2.77;しゅうぜん;repair;[1858, 1433];45;;vocab
12858;合える;2.77;あえる;Match;[269];12;;vocab
12859;庁舎;2.77;ちょうしゃ;government office building;[635, 338];22;;vocab
12860;受け;2.77;うけ;received;[794];23;;vocab
12861;お過ごし;2.77;おすごし;Have a nice time;[1389];34;;vocab
12862;おじ;2.77;おじ;Uncle;[];0;5;vocab
12863;びん;2.77;びん;bottle;[];0;5;vocab
12864;シル;2.77;シル;Sill;[];0;5;loanword
12865;杉浦;2.77;すぎうら;Sugiura;[1849, 1980];49;;vocab
12866;たべる;2.77;たべる;Eat;[];0;5;vocab
12867;卿;2.77;きょう;sir;[9999];99;;vocab
12868;盆;2.77;ぼん;Obon;[1557];38;;vocab
12869;似顔絵;2.77;にがおえ;portrait;[1106, 1853, 1446];45;;vocab
12870;証書;2.77;しょうしょ;bond;[406, 349];17;;vocab
12871;シミ;2.77;シミ;stains;[];0;5;loanword
12872;おでん;2.77;おでん;Oden;[];0;5;vocab
12873;穂;2.76;ほ;ear;[975];26;;vocab
12874;再婚;2.76;さいこん;second marriage;[1956, 1972];49;;vocab
12875;ハングル;2.76;ハングル;Hangul;[];0;5;loanword
12876;はり;2.76;はり;acupuncture;[];0;5;vocab
12877;病む;2.76;やむ;get sick;[1813];44;;vocab
12878;不意;2.76;ふい;sudden;[1302, 654];32;;vocab
12879;谷川;2.76;たにがわ;mountain stream;[851, 134];24;;vocab
12880;花びら;2.76;はなびら;petal;[1084];27;;vocab
12881;乗っ取る;2.76;のっとる;Take over;[1709, 882];40;;vocab
12882;左足;2.76;ひだりあし;left foot;[81, 1372];34;;vocab
12883;首位;2.76;しゅい;first place;[74, 1028];27;;vocab
12884;東急;2.76;とうきゅう;Tokyu;[543, 1229];31;;vocab
12885;割安;2.76;わりやす;economical;[1673, 202];40;;vocab
12886;落とし穴;2.76;おとしあな;Pitfalls;[320, 1413];35;;vocab
12887;憶測;2.76;おくそく;guess;[679, 160];22;;vocab
12888;小坂;2.76;こさか;Kosaka;[110, 780];23;;vocab
12889;ノーマン;2.76;ノーマン;Norman;[];0;5;loanword
12890;敬遠;2.76;けいえん;pretending to respect someone while in fact staying distant from him;[356, 429];18;;vocab
12891;うかがえる;2.76;うかがえる;can be seen;[];0;5;vocab
12892;あてはまる;2.76;あてはまる;Applies;[];0;5;vocab
12893;管弦楽;2.75;かんげんがく;Orchestra;[1365, 1487, 1872];45;;vocab
12894;グレン;2.75;グレン;Glenn;[];0;5;loanword
12895;空調;2.75;くうちょう;air conditioning;[1414, 373];35;;vocab
12896;追いやる;2.75;おいやる;drive away;[1359];34;;vocab
12897;晴天;2.75;せいてん;fine weather;[1658, 457];40;;vocab
12898;受動;2.75;じゅどう;passive;[794, 1806];43;;vocab
12899;障る;2.75;さわる;obstruct;[1393];35;;vocab
12900;画素;2.75;がそ;picture element;[1254, 1652];40;;vocab
12901;あからさま;2.75;あからさま;blatant;[];0;5;vocab
12902;怠慢;2.75;たいまん;negligence;[806, 892];25;;vocab
12903;積立;2.75;つみたて;saving;[1663, 462];40;;vocab
12904;通れる;2.75;とおれる;Can pass;[1511];37;;vocab
12905;サンダル;2.75;サンダル;Sandals;[];0;5;loanword
12906;否認;2.75;ひにん;denial;[1303, 643];32;;vocab
12907;召す;2.75;めす;Call;[90];5;;vocab
12908;ヘルメット;2.75;ヘルメット;helmet;[];0;5;loanword
12909;平方メートル;2.75;へいほうめーとる;square meters;[1596, 529];39;;vocab
12910;衣料;2.75;いりょう;clothing;[423, 1262];31;;vocab
12911;バスケット;2.75;バスケット;basket;[];0;5;loanword
12912;飲み屋;2.75;のみや;bar;[1584, 1138];38;;vocab
12913;言明;2.75;げんめい;declaration;[357, 20];15;;vocab
12914;共用;2.75;きょうよう;common use;[1934, 1265];47;;vocab
12915;自伝;2.75;じでん;autobiography;[36, 1036];27;;vocab
12916;勝訴;2.75;しょうそ;winning a lawsuit;[1294, 1221];32;;vocab
12917;翻弄;2.75;ほんろう;trifling with;[2060, 731];52;;vocab
12918;荒;2.75;あら;rough;[527];19;;vocab
12919;ギタリスト;2.75;ギタリスト;guitarist;[];0;5;loanword
12920;取り付け;2.75;とりつけ;attachment;[882, 1075];27;;vocab
12921;デッド;2.75;デッド;dead;[];0;5;loanword
12922;神宮;2.75;じんぐう;high-status Shinto shrine with connection to imperial family;[1200, 1110];30;;vocab
12923;尻尾;2.75;しっぽ;tail;[1134, 2064];52;;vocab
12924;タイガー;2.75;タイガー;Tiger;[];0;5;loanword
12925;にし;2.75;にし;west;[];0;5;vocab
12926;流域;2.74;りゅういき;basin;[826, 380];23;;vocab
12927;ホース;2.74;ホース;hose;[];0;5;loanword
12928;大綱;2.74;たいこう;fundamental principles;[112, 2114];53;;vocab
12929;部類;2.74;ぶるい;class;[1988, 1000];49;;vocab
12930;解任;2.74;かいにん;dismissal;[1955, 1078];48;;vocab
12931;カルシウム;2.74;カルシウム;calcium;[];0;5;loanword
12932;虚構;2.74;きょこう;fiction;[2148, 1959];54;;vocab
12933;権益;2.74;けんえき;interests;[613, 2026];51;;vocab
12934;反則;2.74;はんそく;foul play;[779, 92];23;;vocab
12935;フタ;2.74;フタ;lid;[];0;5;loanword
12936;お宝;2.74;おたから;Treasure;[273];12;;vocab
12937;おりる;2.74;おりる;Get off;[];0;5;vocab
12938;黙々と;2.74;もくもくと;Silently;[255];11;;vocab
12939;同胞;2.74;どうほう;brethren;[192, 570];21;;vocab
12940;行き届く;2.74;いきとどく;thorough;[938, 1191];30;;vocab
12941;寒;2.74;さむ;cold;[1645];39;;vocab
12942;短所;2.74;たんしょ;defect;[1550, 1208];38;;vocab
12943;リアクション;2.74;リアクション;reaction;[];0;5;loanword
12944;卒論;2.74;そつろん;graduation thesis;[1102, 1961];48;;vocab
12945;養殖;2.74;ようしょく;aquaculture;[1591, 874];38;;vocab
12946;戯言;2.74;たわごと;prank;[2149, 357];54;;vocab
12947;医薬;2.74;いやく;medicine;[1829, 1873];45;;vocab
12948;石垣;2.74;いしがき;stone wall;[118, 165];8;;vocab
12949;言わば;2.74;いわば;In other words;[357];15;;vocab
12950;ポップス;2.74;ポップス;Pop;[];0;5;loanword
12951;占;2.73;うらない;fortune telling;[49];3;;vocab
12952;府県;2.73;ふけん;prefecture;[1077, 552];27;;vocab
12953;でく;2.73;でく;Deku;[];0;5;vocab
12954;個展;2.73;こてん;solo exhibition;[1047, 2075];52;;vocab
12955;神経質;2.73;しんけいしつ;nervous;[1200, 1460, 1219];36;;vocab
12956;レジュメ;2.73;レジュメ;Resume;[];0;5;loanword
12957;筒;2.73;つつ;tube;[1015];26;;vocab
12958;照射;2.73;しょうしゃ;exposure;[182, 1338];34;;vocab
12959;給油;2.73;きゅうゆ;refueling;[1449, 1188];36;;vocab
12960;まだしも;2.73;まだしも;Still;[];0;5;vocab
12961;コウ;2.73;コウ;Kou;[];0;5;loanword
12962;買い上げ;2.73;かいあげ;Purchase;[894, 50];25;;vocab
12963;変質;2.73;へんしつ;alteration;[1882, 1219];45;;vocab
12964;すみやか;2.73;すみやか;Quickly;[];0;5;vocab
12965;同和;2.73;どうわ;social integration;[192, 963];26;;vocab
12966;配合;2.73;はいごう;combination;[1544, 269];38;;vocab
12967;時として;2.73;ときとして;sometimes;[171];8;;vocab
12968;社民党;2.73;しゃみんとう;Social Democratic Party;[1173, 1976, 860];49;;vocab
12969;厨房;2.73;ちゅうぼう;kitchen;[9999, 1159];99;;vocab
12970;適性;2.73;てきせい;aptitude;[473, 1679];40;;vocab
12971;注釈;2.73;ちゅうしゃく;notes;[285, 2057];52;;vocab
12972;山々;2.73;やまやま;mountains;[830];24;;vocab
12973;吐き気;2.73;はきけ;nausea;[162, 2030];51;;vocab
12974;明治維新;2.73;めいじいしん;Meiji Restoration;[20, 807, 1441, 1619];39;;vocab
12975;右足;2.73;みぎあし;right foot;[82, 1372];34;;vocab
12976;ピエール;2.73;ピエール;Pierre;[];0;5;loanword
12977;大木;2.73;たいぼく;large tree;[112, 207];10;;vocab
12978;省令;2.73;しょうれい;ministerial ordinance;[131, 1503];37;;vocab
12979;動脈;2.73;どうみゃく;artery;[1806, 2000];50;;vocab
12980;にぎやか;2.73;にぎやか;Lively;[];0;5;vocab
12981;トレーディング;2.73;トレーディング;trading;[];0;5;loanword
12982;垂れる;2.73;たれる;Drooping;[1705];40;;vocab
12983;とうてい;2.73;とうてい;Perfect;[];0;5;vocab
12984;輪郭;2.73;りんかく;contour;[1963, 1985];49;;vocab
12985;ハワード;2.73;ハワード;Howard;[];0;5;loanword
12986;両替;2.73;りょうがえ;change;[1252, 905];31;;vocab
12987;しかるべき;2.73;しかるべき;appropriate;[];0;5;vocab
12988;蓄える;2.73;たくわえる;store;[1486];36;;vocab
12989;陵;2.72;りょう;mausoleum;[1636];39;;vocab
12990;撲滅;2.72;ぼくめつ;extermination;[1932, 390];47;;vocab
12991;マオリ;2.72;マオリ;Maori;[];0;5;loanword
12992;なつ;2.72;なつ;summer;[];0;5;vocab
12993;偵察;2.72;ていさつ;scout out;[1056, 1184];30;;vocab
12994;完売;2.72;かんばい;sold out;[199, 345];14;;vocab
12995;伯;2.72;はく;Haku;[1041];27;;vocab
12996;ブロー;2.72;ブロー;blow;[];0;5;loanword
12997;のら;2.72;のら;Nora;[];0;5;vocab
12998;譲歩;2.72;じょうほ;concession;[1648, 397];39;;vocab
12999;有り得る;2.72;ありえる;Possible;[83, 941];25;;vocab
13000;健二;2.72;けんじ;Kenji;[1048, 2];27;;vocab
13001;アントニオ;2.72;アントニオ;Antonio;[];0;5;loanword
13002;かけがえ;2.72;かけがえ;Irreplaceable;[];0;5;vocab
13003;稔;2.72;みのる;Minoru;[9999];99;;vocab
13004;こんにちわ;2.72;こんにちわ;hello;[];0;5;vocab
13005;崇高;2.72;すうこう;loftiness;[1182, 329];30;;vocab
13006;手形;2.72;てがた;draft;[687, 1847];45;;vocab
13007;大王;2.72;だいおう;great king;[112, 271];12;;vocab
13008;思い通り;2.72;おもいどおり;Just as expected;[651, 1511];37;;vocab
13009;地質;2.72;ちしつ;geological features;[554, 1219];31;;vocab
13010;日本食;2.72;にっぽんしょく;Japanese food;[12, 224, 1582];38;;vocab
13011;ぐる;2.72;ぐる;Guru;[];0;5;vocab
13012;ボディー;2.72;ボディー;body;[];0;5;loanword
13013;ルビー;2.72;ルビー;Ruby;[];0;5;loanword
13014;アタマ;2.72;アタマ;head;[];0;5;loanword
13015;深層;2.72;しんそう;depths;[1426, 1146];35;;vocab
13016;定理;2.71;ていり;theorem;[408, 283];17;;vocab
13017;ファクト;2.71;ファクト;Facts;[];0;5;loanword
13018;押収;2.71;おうしゅう;seizure;[1195, 1628];39;;vocab
13019;境地;2.71;きょうち;state;[523, 554];21;;vocab
13020;仏壇;2.71;ぶつだん;altar;[1037, 631];27;;vocab
13021;材質;2.71;ざいしつ;material;[738, 1219];31;;vocab
13022;あっという間;2.71;あっというま;It goes by in a flash;[1747];42;;vocab
13023;越;2.71;こし;Etsu;[413];17;;vocab
13024;先人;2.71;せんじん;predecessor;[263, 1023];27;;vocab
13025;不合理;2.71;ふごうり;unreasonable;[1302, 269, 283];32;;vocab
13026;凝らす;2.71;こらす;be particular;[1515];37;;vocab
13027;紗子;2.71;さえこ;Saeko;[9999, 99];99;;vocab
13028;定款;2.71;ていかん;articles of incorporation;[408, 1178];30;;vocab
13029;一発;2.71;いちはつ;one shot;[1, 1840];44;;vocab
13030;射程;2.71;しゃてい;range;[1338, 960];34;;vocab
13031;ピル;2.71;ピル;pill;[];0;5;loanword
13032;再販;2.71;さいはん;resale;[1956, 783];48;;vocab
13033;緒;2.71;いとぐち;Introduction;[1444];36;;vocab
13034;ショパン;2.71;ショパン;Chopin;[];0;5;loanword
13035;所沢;2.71;ところざわ;Tokorozawa;[1208, 1153];31;;vocab
13036;不問;2.71;ふもん;something not questioned;[1302, 1744];42;;vocab
13037;クローズアップ;2.71;クローズアップ;Close-up;[];0;5;loanword
13038;特許庁;2.71;とっきょちょう;Japan Patent Office;[261, 611, 635];22;;vocab
13039;ワザ;2.71;ワザ;Trick;[];0;5;loanword
13040;溶かす;2.71;とかす;Melt;[854];24;;vocab
13041;多角;2.71;たかく;many-sided;[113, 1953];48;;vocab
13042;事物;2.71;じぶつ;things;[1240, 1129];31;;vocab
13043;軍国;2.71;ぐんこく;nation at war;[323, 624];22;;vocab
13044;シェル;2.71;シェル;shell;[];0;5;loanword
13045;スタンプ;2.71;スタンプ;stamp;[];0;5;loanword
13046;異変;2.71;いへん;unusual phenomenon;[1936, 1882];47;;vocab
13047;安堵;2.71;あんど;relief;[202, 9999];99;;vocab
13048;バリー;2.71;バリー;Barry;[];0;5;loanword
13049;静寂;2.71;せいじゃく;silence;[1660, 777];40;;vocab
13050;閉塞;2.71;へいそく;closure;[1751, 1646];42;;vocab
13051;随所;2.71;ずいしょ;everywhere;[1395, 1208];35;;vocab
13052;オーロラ;2.7;オーロラ;Aurora;[];0;5;loanword
13053;集い;2.7;つどい;Gathering;[601];21;;vocab
13054;ヘッドホン;2.7;ヘッドホン;headphone;[];0;5;loanword
13055;かま;2.7;かま;Kama;[];0;5;vocab
13056;かならず;2.7;かならず;Always;[];0;5;vocab
13057;払える;2.7;はらえる;Able to pay;[798];23;;vocab
13058;無駄遣い;2.7;むだづかい;wasteful spending;[1913, 2140, 1910];54;;vocab
13059;ばり;2.7;ばり;Burr;[];0;5;vocab
13060;巡礼;2.7;じゅんれい;pilgrimage;[303, 1168];30;;vocab
13061;真偽;2.7;しんぎ;truth or error;[79, 2068];52;;vocab
13062;いちおう;2.7;いちおう;For now;[];0;5;vocab
13063;下方;2.7;かほう;lower region;[51, 529];19;;vocab
13064;救世主;2.7;きゅうせいしゅ;savior;[1006, 28, 284];26;;vocab
13065;サラ金;2.7;さらきん;loan sharks;[287];12;;vocab
13066;実話;2.7;じつわ;true story;[1694, 368];40;;vocab
13067;取り消し;2.7;とりけし;cancel;[882, 155];25;;vocab
13068;みごと;2.7;みごと;Magnificent;[];0;5;vocab
13069;デリー;2.7;デリー;Delhi;[];0;5;loanword
13070;特産;2.7;とくさん;specialty;[261, 1681];40;;vocab
13071;おろか;2.7;おろか;Foolish;[];0;5;vocab
13072;無邪気;2.7;むじゃき;innocence;[1913, 2055, 2030];52;;vocab
13073;学説;2.7;がくせつ;theory;[346, 538];19;;vocab
13074;細分;2.7;さいぶん;divide into small portions;[1463, 844];36;;vocab
13075;脳裏;2.7;のうり;one's mind;[2084, 426];53;;vocab
13076;非行;2.7;ひこう;delinquency;[1760, 938];42;;vocab
13077;感知;2.7;かんち;perception;[662, 1308];33;;vocab
13078;頑張れる;2.7;がんばれる;I can do my best;[65, 2071];52;;vocab
13079;人当たり;2.7;ひとあたり;Per capita;[1023, 1236];31;;vocab
13080;増収;2.7;ぞうしゅう;increase in yield;[541, 1628];39;;vocab
13081;和風;2.7;わふう;Japanese style;[963, 563];26;;vocab
13082;休息;2.7;きゅうそく;rest;[1038, 657];27;;vocab
13083;学び;2.69;まなび;learning;[346];15;;vocab
13084;やれやれ;2.69;やれやれ;Oh dear;[];0;5;vocab
13085;海苔;2.69;のり;nori;[500, 9999];99;;vocab
13086;別個;2.69;べっこ;another;[94, 1047];27;;vocab
13087;メアリー;2.69;メアリー;Mary;[];0;5;loanword
13088;聴こえる;2.69;きこえる;hear;[890];25;;vocab
13089;射殺;2.69;しゃさつ;shooting to death;[1338, 1607];39;;vocab
13090;後部;2.69;こうぶ;rear;[1479, 1988];49;;vocab
13091;文春;2.69;ぶんしゅん;Bunshun;[1861, 1690];45;;vocab
13092;点灯;2.69;てんとう;lighting;[181, 177];8;;vocab
13093;貧弱;2.69;ひんじゃく;poor;[845, 1323];33;;vocab
13094;ヘビー;2.69;ヘビー;heavy;[];0;5;loanword
13095;脱力;2.69;だつりょく;exhaustion;[537, 922];25;;vocab
13096;いも;2.69;いも;potato;[];0;5;vocab
13097;中南米;2.69;ちゅうなんべい;Latin America;[39, 1740, 987];41;;vocab
13098;さようなら;2.69;さようなら;Goodbye;[];0;5;vocab
13099;浜田;2.69;はまだ;Hamada;[1430, 14];35;;vocab
13100;獣医;2.69;じゅうい;veterinarian;[2083, 1829];53;;vocab
13101;オーブン;2.69;オーブン;oven;[];0;5;loanword
13102;ムッ;2.69;ムッ;Hmm;[];0;5;loanword
13103;年明け;2.69;としあけ;early in the new year;[1114, 20];28;;vocab
13104;マーチ;2.69;マーチ;March;[];0;5;loanword
13105;生態学;2.69;せいたいがく;ecology;[1675, 2161, 346];54;;vocab
13106;岡野;2.69;おかの;Okano;[2112, 1722];53;;vocab
13107;恐慌;2.69;きょうこう;panic;[660, 671];22;;vocab
13108;昔話;2.69;むかしばなし;folklore;[1268, 368];32;;vocab
13109;ドック;2.69;ドック;dock;[];0;5;loanword
13110;南方;2.69;なんぽう;south;[1740, 529];41;;vocab
13111;切り出す;2.69;きりだす;break the ice;[89, 829];24;;vocab
13112;辛口;2.69;からくち;dry taste;[1612, 11];39;;vocab
13113;ロット;2.69;ロット;Lot;[];0;5;loanword
13114;魔法使い;2.69;まほうつかい;Wizard;[2178, 813, 1065];55;;vocab
13115;勤勉;2.69;きんべん;diligent;[1700, 2129];53;;vocab
13116;きた;2.68;きた;came;[];0;5;vocab
13117;獅子;2.68;しし;lion;[9999, 99];99;;vocab
13118;最短;2.68;さいたん;shortest;[884, 1550];38;;vocab
13119;圧巻;2.68;あっかん;highlight;[163, 1292];32;;vocab
13120;一様;2.68;いちよう;uniformity;[1, 1003];26;;vocab
13121;アース;2.68;アース;Earth;[];0;5;loanword
13122;睡る;2.68;ねむる;sleep;[1707];40;;vocab
13123;宮廷;2.68;きゅうてい;imperial court;[1110, 547];28;;vocab
13124;括る;2.68;くくる;Bind;[714];23;;vocab
13125;波紋;2.68;はもん;ripple;[866, 1863];45;;vocab
13126;浸かる;2.68;つかる;Immerse;[1232];31;;vocab
13127;化合;2.68;かごう;chemical combination;[1083, 269];27;;vocab
13128;刃物;2.68;はもの;edged tool;[88, 1129];29;;vocab
13129;あたえる;2.68;あたえる;Give;[];0;5;vocab
13130;慰謝;2.68;いしゃ;consolation;[1177, 1339];34;;vocab
13131;人妻;2.68;ひとづま;married woman;[1023, 2035];51;;vocab
13132;観劇;2.68;かんげき;theatre-going;[614, 2152];54;;vocab
13133;戯曲;2.68;ぎきょく;play;[2149, 1256];54;;vocab
13134;攻防;2.68;こうぼう;offense and defense;[352, 1399];35;;vocab
13135;放す;2.68;ほかす;Release;[535];19;;vocab
13136;公民館;2.68;こうみんかん;community center;[847, 1976, 1589];49;;vocab
13137;パロディ;2.68;パロディ;Parody;[];0;5;loanword
13138;改築;2.68;かいちく;structural alteration of building;[567, 1021];26;;vocab
13139;んじゃ;2.68;んじゃ;Well then;[];0;5;vocab
13140;編曲;2.68;へんきょく;arrangement;[1966, 1256];48;;vocab
13141;矢先;2.68;やさき;arrowhead;[1305, 263];33;;vocab
13142;重んじる;2.68;おもんじる;to respect;[1805];43;;vocab
13143;勃発;2.68;ぼっぱつ;outbreak;[930, 1840];44;;vocab
13144;創り出す;2.68;つくりだす;Create;[1759, 829];42;;vocab
13145;拓;2.68;たく;Taku;[703];23;;vocab
13146;緩い;2.68;ゆるい;loose;[2102];53;;vocab
13147;至;2.68;いたり;To;[815];23;;vocab
13148;連敗;2.67;れんぱい;consecutive defeats;[305, 353];15;;vocab
13149;急落;2.67;きゅうらく;sudden fall;[1229, 320];31;;vocab
13150;催し;2.67;もよおし;Event;[1062];27;;vocab
13151;予見;2.67;よけん;foresight;[1719, 61];41;;vocab
13152;偏;2.67;へん;side;[1964];48;;vocab
13153;葬る;2.67;ほうむる;bury;[879];25;;vocab
13154;プライス;2.67;プライス;Price;[];0;5;loanword
13155;浴;2.67;よく;bath;[852];24;;vocab
13156;ナース;2.67;ナース;nurse;[];0;5;loanword
13157;栓;2.67;せん;plug;[282];12;;vocab
13158;柔らか;2.67;やわらか;soft;[1312];33;;vocab
13159;晶;2.67;あきら;Akira;[22];2;;vocab
13160;道中;2.67;どうちゅう;along the way;[295, 39];13;;vocab
13161;支度;2.67;したく;preparation;[768, 1278];32;;vocab
13162;乳幼児;2.67;にゅうようじ;infants and young children;[786, 1478, 62];36;;vocab
13163;茎;2.67;くき;stem;[772];23;;vocab
13164;冬季;2.67;とうき;winter;[456, 978];26;;vocab
13165;世俗;2.67;せぞく;common customs;[28, 1042];27;;vocab
13166;完備;2.67;かんび;fully equipped;[199, 1267];32;;vocab
13167;帰路;2.67;きろ;one's way back;[1316, 1376];34;;vocab
13168;営み;2.67;いとなみ;Activities;[1111];28;;vocab
13169;村井;2.67;むらい;Murai;[221, 1946];48;;vocab
13170;仮設;2.67;かせつ;temporary;[1039, 765];27;;vocab
13171;往々;2.67;おうおう;often;[945];25;;vocab
13172;母校;2.67;ぼこう;alma mater;[105, 1371];34;;vocab
13173;工具;2.67;こうぐ;tool;[80, 78];5;;vocab
13174;ろくに;2.67;ろくに;barely;[];0;5;vocab
13175;俊輔;2.67;しゅんすけ;Shunsuke;[1089, 9999];99;;vocab
13176;ニンニク;2.66;ニンニク;garlic;[];0;5;loanword
13177;悔やむ;2.66;くやむ;regret;[672];22;;vocab
13178;ならぶ;2.66;ならぶ;line up;[];0;5;vocab
13179;カルテ;2.66;カルテ;medical records;[];0;5;loanword
13180;マリン;2.66;マリン;Marine;[];0;5;loanword
13181;生誕;2.66;せいたん;birth;[1675, 420];40;;vocab
13182;働きかけ;2.66;はたらきかけ;Initiatives;[1809];43;;vocab
13183;ブラシ;2.66;ブラシ;Brush;[];0;5;loanword
13184;苛立つ;2.66;いらだつ;Irritated;[240, 462];18;;vocab
13185;帆;2.66;ほ;sail;[434];18;;vocab
13186;アリア;2.66;アリア;Aria;[];0;5;loanword
13187;告訴;2.66;こくそ;accusation;[262, 1221];31;;vocab
13188;遥かに;2.66;はるかに;Far away;[9999];99;;vocab
13189;使い道;2.66;つかいみち;use;[1065, 295];27;;vocab
13190;護;2.66;まもる;protection;[756];23;;vocab
13191;サウジアラビア;2.66;サウジアラビア;Saudi Arabia;[];0;5;loanword
13192;早川;2.66;はやかわ;Hayakawa;[26, 134];8;;vocab
13193;振る舞う;2.66;ふるまう;behave;[2167, 1912];55;;vocab
13194;わい;2.66;わい;Wai;[];0;5;vocab
13195;シロ;2.66;シロ;Shiro;[];0;5;loanword
13196;フェミニズム;2.66;フェミニズム;feminism;[];0;5;loanword
13197;守り;2.66;もり;Defense;[198];9;;vocab
13198;緩む;2.66;ゆるむ;loosen;[2102];53;;vocab
13199;激動;2.66;げきどう;terrible shock;[536, 1806];43;;vocab
13200;レッズ;2.66;レッズ;Reds;[];0;5;loanword
13201;やらす;2.66;やらす;Let them do it;[];0;5;vocab
13202;沙;2.66;いさご;Sha;[151];8;;vocab
13203;フレンドリー;2.66;フレンドリー;Friendly;[];0;5;loanword
13204;病状;2.66;びょうじょう;patient's condition;[1813, 254];44;;vocab
13205;アルプス;2.66;アルプス;The Alps;[];0;5;loanword
13206;粘る;2.66;ねばる;Persist;[989];26;;vocab
13207;なじみ;2.66;なじみ;Familiarity;[];0;5;vocab
13208;宇都宮;2.66;うつのみや;Utsunomiya;[1785, 1989, 1110];49;;vocab
13209;プーケット;2.66;プーケット;Phuket;[];0;5;loanword
13210;諭;2.66;さとし;Advice;[376];15;;vocab
13211;ありえる;2.66;ありえる;Possible;[];0;5;vocab
13212;バタ;2.66;バタ;Butter;[];0;5;loanword
13213;ところどころ;2.66;ところどころ;In places;[];0;5;vocab
13214;やっかい;2.66;やっかい;troublesome;[];0;5;vocab
13215;道理;2.66;どうり;reason;[295, 283];13;;vocab
13216;喜ばしい;2.66;よろこばしい;Delighted;[1553];38;;vocab
13217;出逢う;2.66;であう;meet;[829, 9999];99;;vocab
13218;土俵;2.66;どひょう;arena, esp. in sumo;[161, 1667];40;;vocab
13219;謙;2.66;けん;Ken;[1726];41;;vocab
13220;杜;2.66;もり;Mori;[9999];99;;vocab
13221;滑稽;2.66;こっけい;funny;[1384, 983];34;;vocab
13222;ニュートン;2.66;ニュートン;Newton;[];0;5;loanword
13223;敬語;2.66;けいご;honorific;[356, 371];15;;vocab
13224;沈没;2.65;ちんぼつ;sinking;[2033, 763];51;;vocab
13225;絞り込む;2.65;しぼりこむ;Narrow your search;[1448, 843];36;;vocab
13226;演算;2.65;えんざん;operation;[2163, 1017];55;;vocab
13227;見所;2.65;みどころ;point worthy of note;[61, 1208];31;;vocab
13228;秀逸;2.65;しゅういつ;excellence;[980, 2127];53;;vocab
13229;シンクロ;2.65;シンクロ;Synchro;[];0;5;loanword
13230;ユナイテッド;2.65;ユナイテッド;United;[];0;5;loanword
13231;旧約;2.65;きゅうやく;old promise;[35, 1462];36;;vocab
13232;シカ;2.65;シカ;deer;[];0;5;loanword
13233;石毛;2.65;いしげ;Ishige;[118, 2062];52;;vocab
13234;薄暗い;2.65;うすぐらい;dim;[242, 519];19;;vocab
13235;概観;2.65;がいかん;general view;[1594, 614];38;;vocab
13236;蒸留;2.65;じょうりゅう;distillation;[2049, 1527];51;;vocab
13237;ラッセル;2.65;ラッセル;Russell;[];0;5;loanword
13238;ブルガリア;2.65;ブルガリア;Bulgaria;[];0;5;loanword
13239;起立;2.65;きりつ;standing up;[565, 462];21;;vocab
13240;買い求める;2.65;かいもとめる;Buy;[894, 1004];26;;vocab
13241;伺える;2.65;うかがえる;I can see;[2008];50;;vocab
13242;無念;2.65;むねん;chagrin;[1913, 1715];46;;vocab
13243;汽車;2.65;きしゃ;train;[2031, 304];51;;vocab
13244;末尾;2.65;まつび;end;[231, 2064];52;;vocab
13245;牙;2.65;きば;fang;[2053];52;;vocab
13246;平井;2.65;ひらい;Hirai;[1596, 1946];48;;vocab
13247;子犬;2.65;こいぬ;puppy;[99, 253];11;;vocab
13248;家康;2.65;いえやす;Ieyasu;[580, 1243];31;;vocab
13249;多田;2.64;ただ;Tada;[113, 14];7;;vocab
13250;見識;2.64;けんしき;views;[61, 521];19;;vocab
13251;おもし;2.64;おもし;Interesting;[];0;5;vocab
13252;馳せる;2.64;はせる;Run;[9999];99;;vocab
13253;新郎;2.64;しんろう;bridegroom;[1619, 1995];49;;vocab
13254;目印;2.64;めじるし;mark;[15, 1530];37;;vocab
13255;キッド;2.64;キッド;Kid;[];0;5;loanword
13256;絶版;2.64;ぜっぱん;out of print;[1891, 1298];45;;vocab
13257;くちる;2.64;くちる;Kuchiru;[];0;5;vocab
13258;一段;2.64;いちだん;more;[1, 2003];50;;vocab
13259;旧来;2.64;きゅうらい;traditional;[35, 2029];51;;vocab
13260;海辺;2.64;うみべ;beach;[500, 302];18;;vocab
13261;えん;2.64;えん;bond;[];0;5;vocab
13262;着替え;2.64;きがえ;Change of clothes;[594, 905];25;;vocab
13263;有望;2.64;ゆうぼう;good prospects;[83, 528];19;;vocab
13264;評す;2.64;ひょうす;evaluate;[1599];39;;vocab
13265;部局;2.64;ぶきょく;department;[1988, 1147];49;;vocab
13266;アダプタ;2.64;アダプタ;adapter;[];0;5;loanword
13267;まずまず;2.64;まずまず;Fairly good;[];0;5;vocab
13268;槍;2.64;やり;spear;[9999];99;;vocab
13269;偽る;2.64;いつわる;Lie;[2068];52;;vocab
13270;追随;2.64;ついずい;follow;[1359, 1395];35;;vocab
13271;下請け;2.64;したうけ;subcontractor;[51, 1656];40;;vocab
13272;なんで;2.64;なんで;why;[];0;5;vocab
13273;運勢;2.64;うんせい;fortune;[325, 1633];39;;vocab
13274;郵貯;2.64;ゆうちょ;savings;[1990, 206];49;;vocab
13275;私鉄;2.64;してつ;private railway;[968, 909];26;;vocab
13276;相棒;2.64;あいぼう;partner;[222, 1697];40;;vocab
13277;囲碁;2.64;いご;go;[1948, 1903];48;;vocab
13278;番地;2.64;ばんち;house number;[2058, 554];52;;vocab
13279;在来;2.64;ざいらい;pre-existing;[740, 2029];51;;vocab
13280;男児;2.64;だんじ;boy;[923, 62];25;;vocab
13281;歌える;2.64;うたえる;Can sing;[508];18;;vocab
13282;妃;2.64;きさき;princess;[566];21;;vocab
13283;飢える;2.64;うえる;starve;[1585];38;;vocab
13284;平然と;2.64;へいぜんと;Calmly;[1596, 256];39;;vocab
13285;ゴマ;2.63;ゴマ;sesame;[];0;5;loanword
13286;祭典;2.63;さいてん;festival;[1183, 1969];48;;vocab
13287;さきほど;2.63;さきほど;a while ago;[];0;5;vocab
13288;離島;2.63;りとう;isolated island;[1605, 2098];53;;vocab
13289;概略;2.63;がいりゃく;outline;[1594, 314];38;;vocab
13290;デブ;2.63;デブ;fat;[];0;5;loanword
13291;かんがみる;2.63;かんがみる;Think;[];0;5;vocab
13292;発病;2.63;はつびょう;attack;[1840, 1813];44;;vocab
13293;竣工;2.63;しゅんこう;completion of construction;[9999, 80];99;;vocab
13294;両論;2.63;りょうろん;both arguments;[1252, 1961];48;;vocab
13295;司教;2.63;しきょう;bishop;[2007, 1343];50;;vocab
13296;アレン;2.62;アレン;Allen;[];0;5;loanword
13297;坂道;2.62;さかみち;hill road;[780, 295];23;;vocab
13298;勝敗;2.62;しょうはい;victory or defeat;[1294, 353];32;;vocab
13299;縮める;2.62;ちぢめる;Shrink;[1434];36;;vocab
13300;野原;2.62;のはら;field;[1722, 142];41;;vocab
13301;感慨;2.62;かんがい;strong feelings;[662, 1595];38;;vocab
13302;無制限;2.62;むせいげん;Unlimited;[1913, 447, 1576];46;;vocab
13303;此処;2.62;ここ;here;[9999, 318];99;;vocab
13304;田植え;2.62;たうえ;rice planting;[14, 217];10;;vocab
13305;係員;2.62;かかりいん;official;[1493, 59];36;;vocab
13306;再考;2.62;さいこう;reconsideration;[1956, 1341];48;;vocab
13307;スコット;2.62;スコット;Scott;[];0;5;loanword
13308;拍車;2.62;はくしゃ;spur;[704, 304];23;;vocab
13309;いきさつ;2.62;いきさつ;Background;[];0;5;vocab
13310;インサイド;2.62;インサイド;Inside;[];0;5;loanword
13311;償う;2.62;つぐなう;compensate;[1060];27;;vocab
13312;パートナーシップ;2.62;パートナーシップ;partnership;[];0;5;loanword
13313;留;2.62;とめ;Tome;[1527];37;;vocab
13314;概算;2.62;がいさん;approximation;[1594, 1017];38;;vocab
13315;かお;2.62;かお;face;[];0;5;vocab
13316;奥行き;2.62;おくゆき;depth;[997, 938];26;;vocab
13317;キュート;2.62;キュート;cute;[];0;5;loanword
13318;大輔;2.62;だいすけ;Daisuke;[112, 9999];99;;vocab
13319;ダライ;2.62;ダライ;Dalai;[];0;5;loanword
13320;中西;2.62;なかにし;Nakanishi;[39, 1728];41;;vocab
13321;四方;2.62;しほう;every direction;[4, 529];19;;vocab
13322;人命;2.62;じんめい;life;[1023, 1502];37;;vocab
13323;振舞う;2.62;ふるまう;behave;[2167, 1912];55;;vocab
13324;集結;2.62;しゅうけつ;massing;[601, 1451];36;;vocab
13325;人身;2.62;じんしん;the human body;[1023, 1337];34;;vocab
13326;ロイター;2.62;ロイター;Reuters;[];0;5;loanword
13327;別物;2.62;べつもの;another thing;[94, 1129];29;;vocab
13328;遠距離;2.62;えんきょり;long distance;[429, 1375, 1605];39;;vocab
13329;のっとる;2.62;のっとる;Take over;[];0;5;vocab
13330;腹筋;2.62;ふっきん;sit-up;[503, 1012];26;;vocab
13331;林業;2.62;りんぎょう;forestry;[208, 1931];47;;vocab
13332;耕作;2.62;こうさく;cultivation;[1949, 1224];48;;vocab
13333;北上;2.62;ほくじょう;going north;[480, 50];18;;vocab
13334;起;2.62;おこし;Wake up;[565];21;;vocab
13335;テラ;2.62;テラ;Terra;[];0;5;loanword
13336;位置付け;2.62;いちづけ;Positioning;[1028, 895, 1075];27;;vocab
13337;現像;2.62;げんぞう;developing;[275, 2131];53;;vocab
13338;シイ;2.62;シイ;Shii;[];0;5;loanword
13339;用法;2.62;ようほう;directions;[1265, 813];31;;vocab
13340;論評;2.62;ろんぴょう;comment;[1961, 1599];48;;vocab
13341;クアラルンプール;2.61;クアラルンプール;kuala lumpur;[];0;5;loanword
13342;銃撃;2.61;じゅうげき;shooting;[824, 766];23;;vocab
13343;切に;2.61;せつに;Sincerely;[89];5;;vocab
13344;引き返す;2.61;ひきかえす;turn back;[1318, 782];33;;vocab
13345;汚職;2.61;おしょく;corruption;[1334, 887];33;;vocab
13346;台無し;2.61;だいなし;ruin;[805, 1913];46;;vocab
13347;異端;2.61;いたん;heresy;[1936, 1251];47;;vocab
13348;クイーン;2.61;クイーン;Queen;[];0;5;loanword
13349;脳死;2.61;のうし;brain death;[2084, 878];53;;vocab
13350;うんちく;2.61;うんちく;Trivia;[];0;5;vocab
13351;自白;2.61;じはく;confession;[36, 37];3;;vocab
13352;くわしい;2.61;くわしい;More details;[];0;5;vocab
13353;退治;2.61;たいじ;extermination;[1575, 807];38;;vocab
13354;引き寄せる;2.61;ひきよせる;Attract;[1318, 204];33;;vocab
13355;ラジ;2.61;ラジ;Raj;[];0;5;loanword
13356;大口;2.61;おおぐち;big mouth;[112, 11];7;;vocab
13357;名声;2.61;めいせい;fame;[117, 2044];51;;vocab
13358;コトバ;2.61;コトバ;Words;[];0;5;loanword
13359;仮面ライダー;2.61;かめんらいだー;Kamen Rider;[1039, 2039];51;;vocab
13360;宴;2.61;うたげ;Banquet;[203];9;;vocab
13361;求職;2.61;きゅうしょく;job hunting;[1004, 887];26;;vocab
13362;一安心;2.61;ひとあんしん;Relief;[1, 202, 639];22;;vocab
13363;親近;2.61;しんきん;a relative;[1621, 1210];39;;vocab
13364;右上;2.61;みぎじょう;right-upper;[82, 50];5;;vocab
13365;都知事;2.61;とちじ;Governor of Tokyo;[1989, 1308, 1240];49;;vocab
13366;永続;2.61;えいぞく;permanence;[139, 1445];36;;vocab
13367;ミック;2.61;ミック;Mick;[];0;5;loanword
13368;弾む;2.61;はずむ;bounce;[2081];53;;vocab
13369;軽快;2.61;けいかい;casual;[774, 1771];42;;vocab
13370;くだり;2.61;くだり;Down;[];0;5;vocab
13371;開館;2.61;かいかん;opening a hall for that day's business;[1750, 1589];42;;vocab
13372;和子;2.61;かずこ;son of a person of high social standing;[963, 99];26;;vocab
13373;えび;2.6;えび;shrimp;[];0;5;vocab
13374;新薬;2.6;しんやく;new medicine;[1619, 1873];45;;vocab
13375;内政;2.6;ないせい;municipal;[1095, 407];27;;vocab
13376;代名詞;2.6;だいめいし;pronouns;[1080, 117, 2009];50;;vocab
13377;復刻;2.6;ふっこく;reissue of a facsimile version;[940, 1639];39;;vocab
13378;若林;2.6;わかばやし;Wakabayashi;[237, 208];10;;vocab
13379;といふ;2.6;といふ;That is;[];0;5;vocab
13380;小切手;2.6;こぎって;check;[110, 89, 687];23;;vocab
13381;後進;2.6;こうしん;one's junior;[1479, 603];36;;vocab
13382;神戸大学;2.6;こうべだいがく;Kobe University;[1200, 1157, 112, 346];30;;vocab
13383;上原;2.6;うえはら;Uehara;[50, 142];8;;vocab
13384;分化;2.6;ぶんか;specialization;[844, 1083];27;;vocab
13385;ほっとく;2.6;ほっとく;Leave it alone;[];0;5;vocab
13386;特派;2.6;とくは;send specially;[261, 1999];50;;vocab
13387;テッド;2.6;テッド;Ted;[];0;5;loanword
13388;ストリーム;2.6;ストリーム;stream;[];0;5;loanword
13389;薪;2.6;たきぎ;firewood;[1620];39;;vocab
13390;ぼん;2.6;ぼん;Bon;[];0;5;vocab
13391;ぶす;2.6;ぶす;Ugly;[];0;5;vocab
13392;疎通;2.6;そつう;understanding;[1797, 1511];43;;vocab
13393;挙がる;2.6;あがる;be mentioned;[2088];53;;vocab
13394;防水;2.6;ぼうすい;waterproofing;[1399, 137];35;;vocab
13395;成就;2.6;じょうじゅ;fulfillment;[386, 2121];53;;vocab
13396;売り手;2.6;うりて;seller;[345, 687];23;;vocab
13397;浦;2.6;うら;Ura;[1980];49;;vocab
13398;アスキー;2.6;アスキー;ASCII;[];0;5;loanword
13399;一元;2.6;いちげん;unitary;[1, 63];4;;vocab
13400;融通;2.6;ゆうずう;lending;[1123, 1511];37;;vocab
13401;ジェリー;2.6;ジェリー;Jerry;[];0;5;loanword
13402;怯える;2.6;おびえる;be frightened;[9999];99;;vocab
13403;愛称;2.6;あいしょう;pet name;[796, 971];26;;vocab
13404;定め;2.6;さだめ;Decree;[408];17;;vocab
13405;インターンシップ;2.6;インターンシップ;Internship;[];0;5;loanword
13406;議案;2.6;ぎあん;legislative bill;[692, 227];23;;vocab
13407;察知;2.6;さっち;sense;[1184, 1308];33;;vocab
13408;音読;2.6;おんどく;reading aloud;[518, 372];19;;vocab
13409;山道;2.6;さんどう;mountain road;[830, 295];24;;vocab
13410;卑怯;2.6;ひきょう;cowardice;[1629, 9999];99;;vocab
13411;本案;2.6;ほんあん;this plan;[224, 227];10;;vocab
13412;内陸;2.6;ないりく;inland;[1095, 1631];39;;vocab
13413;金髪;2.59;きんぱつ;blond hair;[287, 2074];52;;vocab
13414;お嬢さん;2.59;おじょうさん;Young lady;[1650];39;;vocab
13415;夏場;2.59;なつば;summertime;[317, 584];21;;vocab
13416;諜報;2.59;ちょうほう;secret information;[9999, 1625];99;;vocab
13417;束縛;2.59;そくばく;restraint;[1793, 1476];43;;vocab
13418;後々;2.59;あとあと;distant future;[1479];36;;vocab
13419;漁船;2.59;ぎょせん;fishing boat;[184, 2019];50;;vocab
13420;付着;2.59;ふちゃく;sticking to;[1075, 594];27;;vocab
13421;田原;2.59;たはら;Tahara;[14, 142];8;;vocab
13422;皇;2.59;すめらぎ;Emperor;[279];12;;vocab
13423;人為;2.59;じんい;human work;[1023, 2067];52;;vocab
13424;賭け;2.59;かけ;bet;[1354];34;;vocab
13425;デイリー;2.59;デイリー;Daily;[];0;5;loanword
13426;図表;2.59;ずひょう;chart;[1264, 1666];40;;vocab
13427;原宿;2.59;はらじゅく;Harajuku;[142, 1070];27;;vocab
13428;田園;2.59;でんえん;country;[14, 629];22;;vocab
13429;便乗;2.59;びんじょう;taking advantage of a ride or an opportunity;[1066, 1709];40;;vocab
13430;双方向;2.59;そうほうこう;bidirectional;[753, 529, 195];23;;vocab
13431;先取り;2.59;さきどり;Preemptive;[263, 882];25;;vocab
13432;逃げ;2.59;にげ;Run away;[301];13;;vocab
13433;不運;2.59;ふうん;unlucky;[1302, 325];32;;vocab
13434;下請;2.59;したうけ;subcontract;[51, 1656];40;;vocab
13435;レフ;2.59;レフ;Lev;[];0;5;loanword
13436;対岸;2.59;たいがん;opposite shore;[1862, 1782];45;;vocab
13437;本心;2.59;ほんしん;true feelings;[224, 639];22;;vocab
13438;件名;2.58;けんめい;term;[1032, 117];27;;vocab
13439;口語;2.58;こうご;spoken language;[11, 371];15;;vocab
13440;伊丹;2.58;いたみ;Itami;[1245, 2196];56;;vocab
13441;吹き込む;2.58;ふきこむ;blow in;[506, 843];24;;vocab
13442;借家;2.58;しゃくや;house for rent;[1270, 580];32;;vocab
13443;えい;2.58;えい;ray;[];0;5;vocab
13444;絶品;2.58;ぜっぴん;superb piece of work;[1891, 23];45;;vocab
13445;タイムリー;2.58;タイムリー;Timely;[];0;5;loanword
13446;胴;2.58;どう;torso;[194];9;;vocab
13447;わな;2.58;わな;trap;[];0;5;vocab
13448;プロレタリア;2.58;プロレタリア;proletarian;[];0;5;loanword
13449;楽屋;2.58;がくや;dressing room;[1872, 1138];45;;vocab
13450;能動;2.58;のうどう;active;[2160, 1806];54;;vocab
13451;つかまる;2.58;つかまる;Catch;[];0;5;vocab
13452;佳;2.58;けい;Good;[1044];27;;vocab
13453;包囲;2.58;ほうい;siege;[569, 1948];48;;vocab
13454;可笑しい;2.58;おかしい;funny;[97, 1008];26;;vocab
13455;センタ;2.58;センタ;center;[];0;5;loanword
13456;一人前;2.58;いちにんまえ;one person;[1, 1023, 309];27;;vocab
13457;コントラスト;2.58;コントラスト;contrast;[];0;5;loanword
13458;怪しげ;2.58;あやしげ;Suspicious;[773];23;;vocab
13459;挙式;2.58;きょしき;holding a ceremony;[2088, 377];53;;vocab
13460;援護;2.58;えんご;covering;[2101, 756];53;;vocab
13461;落選;2.58;らくせん;election loss;[320, 1944];47;;vocab
13462;華人;2.58;かじん;Chinese;[1704, 1023];40;;vocab
13463;空襲;2.58;くうしゅう;air-raid;[1414, 2181];55;;vocab
13464;公言;2.58;こうげん;declaration;[847, 357];24;;vocab
13465;いとう;2.58;いとう;Ito;[];0;5;vocab
13466;次いで;2.58;ついで;Next;[510];18;;vocab
13467;前衛;2.58;ぜんえい;advance guard;[309, 1775];42;;vocab
13468;惑わす;2.58;まどわす;confuse;[661];22;;vocab
13469;扱える;2.58;あつかえる;Can be handled;[745];23;;vocab
13470;一因;2.58;いちいん;cause;[1, 626];22;;vocab
13471;用心;2.57;ようじん;care;[1265, 639];31;;vocab
13472;生き抜く;2.57;いきぬく;survive;[1675, 761];40;;vocab
13473;利率;2.57;りりつ;interest rate;[972, 1874];45;;vocab
13474;これだけ;2.57;これだけ;That's all;[];0;5;vocab
13475;赤色;2.57;あかいろ;red;[1880, 1890];45;;vocab
13476;器官;2.57;きかん;organ;[127, 1363];34;;vocab
13477;お粗末;2.57;おそまつ;Poor;[1915, 231];47;;vocab
13478;長岡;2.57;ながおか;Nagaoka;[2070, 2112];53;;vocab
13479;兵力;2.57;へいりょく;military force;[1429, 922];35;;vocab
13480;天地;2.57;てんち;heaven and earth;[457, 554];21;;vocab
13481;有価;2.57;ゆうか;valuable;[83, 1729];41;;vocab
13482;マフィア;2.57;マフィア;mafia;[];0;5;loanword
13483;応急;2.57;おうきゅう;emergency;[653, 1229];31;;vocab
13484;武藤;2.57;むとう;Muto;[403, 1295];32;;vocab
13485;性欲;2.57;せいよく;sexual desire;[1679, 855];40;;vocab
13486;姪;2.57;めい;niece;[9999];99;;vocab
13487;たのしい;2.57;たのしい;fun;[];0;5;vocab
13488;元素;2.57;げんそ;chemical element;[63, 1652];40;;vocab
13489;表象;2.57;ひょうしょう;symbol;[1666, 2130];53;;vocab
13490;延べ;2.57;のべ;total;[419];17;;vocab
13491;ねずみ;2.57;ねずみ;Mouse;[];0;5;vocab
13492;非公式;2.56;ひこうしき;informal;[1760, 847, 377];42;;vocab
13493;ドンドン;2.56;ドンドン;Don Don;[];0;5;loanword
13494;動き回る;2.56;うごきまわる;Move around;[1806, 630];43;;vocab
13495;寅;2.56;とら;tiger;[2162];55;;vocab
13496;武蔵野;2.56;むさしの;Musashino;[403, 913, 1722];41;;vocab
13497;イヌ;2.56;イヌ;Dog;[];0;5;loanword
13498;愛しい;2.56;いとしい;Dear;[796];23;;vocab
13499;召集;2.56;しょうしゅう;convening;[90, 601];21;;vocab
13500;最古;2.56;さいこ;the oldest;[884, 16];25;;vocab
13501;管内;2.56;かんない;within the jurisdiction of;[1365, 1095];34;;vocab
13502;王室;2.56;おうしつ;royal family;[271, 816];23;;vocab
13503;トウモロコシ;2.56;トウモロコシ;corn;[];0;5;loanword
13504;販促;2.56;はんそく;sales promotion;[783, 1373];34;;vocab
13505;お便り;2.56;おたより;Letter;[1066];27;;vocab
13506;直ぐ;2.56;すぐ;immediately;[77];5;;vocab
13507;賀;2.56;が;ga;[933];25;;vocab
13508;片付け;2.56;かたづけ;Tidying up;[1297, 1075];32;;vocab
13509;揃い;2.56;そろい;Matching;[9999];99;;vocab
13510;取り合う;2.56;とりあう;compete for;[882, 269];25;;vocab
13511;アフター;2.56;アフター;After;[];0;5;loanword
13512;バード;2.56;バード;Bird;[];0;5;loanword
13513;画一;2.56;かくいつ;uniformity;[1254, 1];31;;vocab
13514;挙動;2.56;きょどう;conduct;[2088, 1806];53;;vocab
13515;艦長;2.56;かんちょう;captain;[2020, 2070];52;;vocab
13516;直し;2.56;なおし;Fix;[77];5;;vocab
13517;ハイブリッド;2.56;ハイブリッド;hybrid;[];0;5;loanword
13518;渡し;2.56;わたし;Passing;[1279];32;;vocab
13519;大通り;2.56;おおどおり;Main Street;[112, 1511];37;;vocab
13520;豪州;2.56;ごうしゅう;Australia;[582, 135];21;;vocab
13521;没収;2.56;ぼっしゅう;forfeiture;[763, 1628];39;;vocab
13522;日本テレビ;2.56;にほんてれび;Nippon Television;[12, 224];10;;vocab
13523;双;2.56;そう;twin;[753];23;;vocab
13524;マーティン;2.56;マーティン;Martin;[];0;5;loanword
13525;ハチ;2.56;ハチ;bee;[];0;5;loanword
13526;加味;2.56;かみ;seasoning;[932, 233];25;;vocab
13527;横行;2.56;おうこう;walking sideways;[1888, 938];45;;vocab
13528;誇張;2.56;こちょう;exaggeration;[1332, 2071];52;;vocab
13529;頒布;2.56;はんぷ;distribution;[846, 433];24;;vocab
13530;初演;2.56;しょえん;first performance;[431, 2163];55;;vocab
13531;系譜;2.56;けいふ;genealogy;[1492, 1926];47;;vocab
13532;問答;2.56;もんどう;questions and answers;[1744, 1018];42;;vocab
13533;マイペース;2.56;マイペース;My own pace;[];0;5;loanword
13534;円形;2.56;えんけい;round shape;[1952, 1847];48;;vocab
13535;書き直す;2.56;かきなおす;Rewrite;[349, 77];15;;vocab
13536;ことわざ;2.56;ことわざ;proverb;[];0;5;vocab
13537;しがみつく;2.56;しがみつく;cling;[];0;5;vocab
13538;優勢;2.55;ゆうせい;superiority;[1068, 1633];39;;vocab
13539;古く;2.55;ふるく;Old;[16];2;;vocab
13540;レーン;2.55;レーン;lane;[];0;5;loanword
13541;竹田;2.55;たけだ;Takeda;[1007, 14];26;;vocab
13542;ユネスコ;2.55;ユネスコ;UNESCO;[];0;5;loanword
13543;あそぶ;2.55;あそぶ;Play;[];0;5;vocab
13544;ハンセン病;2.55;はんせんびょう;Leprosy;[1813];44;;vocab
13545;菊池;2.55;きくち;Kikuchi;[996, 555];26;;vocab
13546;ふらふら;2.55;ふらふら;Unsteady;[];0;5;vocab
13547;伯爵;2.55;はくしゃく;count;[1041, 1573];38;;vocab
13548;内職;2.55;ないしょく;side job;[1095, 887];27;;vocab
13549;要塞;2.55;ようさい;fort;[1730, 1646];41;;vocab
13550;所蔵;2.55;しょぞう;possession;[1208, 913];31;;vocab
13551;立ち会う;2.55;たちあう;witness;[462, 814];23;;vocab
13552;年頃;2.55;としごろ;approximate age;[1114, 479];28;;vocab
13553;足首;2.55;あしくび;ankle;[1372, 74];34;;vocab
13554;上告;2.55;じょうこく;final appeal to the highest court;[50, 262];11;;vocab
13555;農林水産省;2.55;のうりんすいさんしょう;Ministry of Agriculture, Forestry and Fisheries;[2170, 208, 137, 1681, 131];55;;vocab
13556;ハンカチ;2.55;ハンカチ;handkerchief;[];0;5;loanword
13557;亀田;2.55;かめだ;Kameda;[573, 14];21;;vocab
13558;通り抜ける;2.55;とおりぬける;Go through;[1511, 761];37;;vocab
13559;を以て;2.55;をもって;With this;[1105];28;;vocab
13560;講和;2.55;こうわ;reconciliation;[1957, 963];48;;vocab
13561;反米;2.55;はんべい;anti-American;[779, 987];26;;vocab
13562;屋内;2.55;おくない;indoor;[1138, 1095];29;;vocab
13563;生理学;2.54;せいりがく;Physiology;[1675, 283, 346];40;;vocab
13564;英訳;2.54;えいやく;English translation;[1878, 1154];45;;vocab
13565;文庫本;2.54;ぶんこぼん;paperback;[1861, 633, 224];45;;vocab
13566;イラ;2.54;イラ;Ira;[];0;5;loanword
13567;くるむ;2.54;くるむ;Wrap;[];0;5;vocab
13568;バラード;2.54;バラード;Ballad;[];0;5;loanword
13569;探究;2.54;たんきゅう;search;[1425, 1417];35;;vocab
13570;か国;2.54;かこく;countries;[624];22;;vocab
13571;滑らか;2.54;なめらか;Smooth;[1384];34;;vocab
13572;察;2.54;さっ;Inspection;[1184];30;;vocab
13573;五十嵐;2.54;いがらし;Igarashi;[5, 10, 839];24;;vocab
13574;監禁;2.54;かんきん;confinement;[1562, 1179];38;;vocab
13575;下品;2.54;げひん;vulgarity;[51, 23];3;;vocab
13576;釧路;2.54;くしろ;Kushiro;[9999, 1376];99;;vocab
13577;使い捨て;2.54;つかいすて;disposable;[1065, 707];27;;vocab
13578;ワンピース;2.54;ワンピース;one piece;[];0;5;loanword
13579;次女;2.54;じじょ;second daughter;[510, 102];18;;vocab
13580;ディス;2.54;ディス;Dis;[];0;5;loanword
13581;布告;2.54;ふこく;edict;[433, 262];18;;vocab
13582;持ち;2.54;もち;Holding;[712];23;;vocab
13583;車種;2.54;しゃしゅ;car make;[304, 1810];43;;vocab
13584;カトリック教;2.54;かとりっくきょう;Catholicism;[1343];34;;vocab
13585;エド;2.54;エド;Ed;[];0;5;loanword
13586;吉本;2.54;よしもと;Yoshimoto;[342, 224];14;;vocab
13587;換金;2.54;かんきん;realization;[1122, 287];28;;vocab
13588;マリオ;2.54;マリオ;Mario;[];0;5;loanword
13589;あやしい;2.54;あやしい;Suspicious;[];0;5;vocab
13590;点字;2.54;てんじ;Braille;[181, 197];9;;vocab
13591;かぼちゃ;2.54;かぼちゃ;Pumpkin;[];0;5;vocab
13592;日テレ;2.54;にってれ;Nippon Television;[12];1;;vocab
13593;トホホ;2.54;トホホ;Too bad;[];0;5;loanword
13594;ふるまう;2.54;ふるまう;act;[];0;5;vocab
13595;大自然;2.54;だいしぜん;nature;[112, 36, 256];11;;vocab
13596;創始;2.54;そうし;creation;[1759, 809];42;;vocab
13597;近付く;2.54;ちかづく;approach;[1210, 1075];31;;vocab
13598;誤認;2.54;ごにん;misrecognition;[2048, 643];51;;vocab
13599;不合格;2.54;ふごうかく;Fail;[1302, 269, 312];32;;vocab
13600;ジャクソン;2.54;ジャクソン;Jackson;[];0;5;loanword
13601;参列;2.54;さんれつ;attendance;[1856, 875];45;;vocab
13602;生年月日;2.53;せいねんがっぴ;date of birth;[1675, 1114, 13, 12];40;;vocab
13603;呼び名;2.53;よびな;nickname;[1597, 117];39;;vocab
13604;このほど;2.53;このほど;Recently;[];0;5;vocab
13605;アサ;2.53;アサ;Asa;[];0;5;loanword
13606;直子;2.53;なおこ;Naoko;[77, 99];6;;vocab
13607;とかく;2.53;とかく;In general;[];0;5;vocab
13608;恥じる;2.53;はじる;be ashamed;[886];25;;vocab
13609;浅田;2.53;あさだ;Asada;[395, 14];17;;vocab
13610;マドリード;2.53;マドリード;Madrid;[];0;5;loanword
13611;既得;2.53;きとく;vested;[1593, 941];38;;vocab
13612;乗務;2.53;じょうむ;doing transport-related work;[1709, 1313];40;;vocab
13613;ざま;2.53;ざま;Serves you right;[];0;5;vocab
13614;沸騰;2.53;ふっとう;boiling;[1325, 2144];54;;vocab
13615;ウイスキー;2.53;ウイスキー;whiskey;[];0;5;loanword
13616;タバ;2.53;タバ;Taba;[];0;5;loanword
13617;エキスパート;2.53;エキスパート;Expert;[];0;5;loanword
13618;富豪;2.53;ふごう;wealthy person;[205, 582];21;;vocab
13619;パット;2.53;パット;Pat;[];0;5;loanword
13620;新婦;2.53;しんぷ;bride;[1619, 1234];39;;vocab
13621;根気;2.53;こんき;patience;[1571, 2030];51;;vocab
13622;サウナ;2.53;サウナ;sauna;[];0;5;loanword
13623;日本経済新聞;2.53;にほんけいざいしんぶん;Nikkei;[12, 224, 1460, 1868, 1619, 1754];45;;vocab
13624;仮処分;2.53;かりしょぶん;provisional disposition;[1039, 318, 844];27;;vocab
13625;ソル;2.53;ソル;Sol;[];0;5;loanword
13626;虫歯;2.53;むしば;cavity;[556, 1255];31;;vocab
13627;大連;2.53;たいれん;Dalian;[112, 305];13;;vocab
13628;煮込む;2.53;にこむ;simmer;[1346, 843];34;;vocab
13629;力士;2.53;りきし;sumo wrestler;[922, 341];25;;vocab
13630;代弁;2.53;だいべん;pay by proxy;[1080, 803];27;;vocab
13631;欠;2.53;けつ;Missing;[505];18;;vocab
13632;弥;2.53;わたる;Ya;[1322];33;;vocab
13633;代用;2.52;だいよう;substitution;[1080, 1265];31;;vocab
13634;ふんだんに;2.52;ふんだんに;Abundantly;[];0;5;vocab
13635;真似る;2.52;まねる;mimic;[79, 1106];28;;vocab
13636;大雑把;2.52;おおざっぱ;rough;[112, 604, 1889];45;;vocab
13637;キリン;2.52;キリン;giraffe;[];0;5;loanword
13638;かなえる;2.52;かなえる;Make it come true;[];0;5;vocab
13639;留守番;2.52;るすばん;House-sitting;[1527, 198, 2058];52;;vocab
13640;不動;2.52;ふどう;immobility;[1302, 1806];43;;vocab
13641;川端;2.52;かわばた;riverbank;[134, 1251];31;;vocab
13642;想;2.52;そう;Thoughts;[656];22;;vocab
13643;秀雄;2.52;ひでお;Hideo;[980, 804];26;;vocab
13644;境遇;2.52;きょうぐう;environment;[523, 2106];53;;vocab
13645;北海;2.52;ほっかい;North Sea;[480, 500];18;;vocab
13646;さぼる;2.52;さぼる;Slack off;[];0;5;vocab
13647;混入;2.52;こんにゅう;mixing;[487, 842];24;;vocab
13648;独学;2.52;どくがく;self-education;[561, 346];21;;vocab
13649;狐;2.52;きつね;fox;[9999];99;;vocab
13650;意匠;2.52;いしょう;design;[654, 1828];44;;vocab
13651;ウルトラマン;2.52;ウルトラマン;Ultraman;[];0;5;loanword
13652;歪曲;2.52;わいきょく;distortion;[9999, 1256];99;;vocab
13653;水害;2.52;すいがい;water damage;[137, 1671];40;;vocab
13654;撫でる;2.52;なでる;Petting;[9999];99;;vocab
13655;逃走;2.52;とうそう;flight;[301, 410];17;;vocab
13656;採集;2.52;さいしゅう;collecting;[792, 601];23;;vocab
13657;まっとう;2.52;まっとう;Honest;[];0;5;vocab
13658;せしめる;2.52;せしめる;to seize;[];0;5;vocab
13659;阪;2.52;ばん;Osaka;[1390];35;;vocab
13660;かれこれ;2.52;かれこれ;For some time now;[];0;5;vocab
13661;カラフル;2.52;カラフル;colorful;[];0;5;loanword
13662;繁;2.52;しげる;Shigeru;[1435];36;;vocab
13663;流布;2.52;るふ;circulation;[826, 433];23;;vocab
13664;ワイヤー;2.51;ワイヤー;Wire;[];0;5;loanword
13665;磁石;2.51;じしゃく;magnet;[1491, 118];36;;vocab
13666;緩める;2.51;ゆるめる;loosen;[2102];53;;vocab
13667;祈願;2.51;きがん;prayer;[1209, 143];31;;vocab
13668;不器用;2.51;ぶきよう;clumsy;[1302, 127, 1265];32;;vocab
13669;ラオス;2.51;ラオス;Laos;[];0;5;loanword
13670;ハローワーク;2.51;ハローワーク;Hello Work;[];0;5;loanword
13671;溜める;2.51;ためる;Accumulate;[9999];99;;vocab
13672;ファイア;2.51;ファイア;fire;[];0;5;loanword
13673;調教;2.51;ちょうきょう;training;[373, 1343];34;;vocab
13674;大津;2.51;おおつ;Otsu;[112, 350];15;;vocab
13675;着々と;2.51;ちゃくちゃくと;Steadily;[594];21;;vocab
13676;ひきこもる;2.51;ひきこもる;Hikikomori;[];0;5;vocab
13677;ナレーション;2.51;ナレーション;Narration;[];0;5;loanword
13678;塚本;2.51;つかもと;Tsukamoto;[1117, 224];28;;vocab
13679;スチール;2.51;スチール;steel;[];0;5;loanword
13680;邪悪;2.51;じゃあく;wicked;[2055, 1951];52;;vocab
13681;陰陽;2.51;いんよう;cosmic dual forces;[1718, 1397];41;;vocab
13682;台場;2.51;だいば;fort;[805, 584];23;;vocab
13683;ビビる;2.51;びびる;Scared;[];0;5;vocab
13684;健常;2.51;けんじょう;Healthy;[1048, 862];27;;vocab
13685;未経験;2.51;みけいけん;No experience;[229, 1460, 2134];54;;vocab
13686;ジュネーブ;2.51;ジュネーブ;Geneva;[];0;5;loanword
13687;皇位;2.51;こうい;imperial throne;[279, 1028];27;;vocab
13688;いふ;2.51;いふ;If;[];0;5;vocab
13689;綱領;2.51;こうりょう;general plan;[2114, 1507];53;;vocab
13690;豆乳;2.51;とうにゅう;soy milk;[1548, 786];38;;vocab
13691;仲良い;2.51;なかよい;good friends;[1029, 1578];38;;vocab
13692;リフト;2.51;リフト;lift;[];0;5;loanword
13693;汲む;2.51;くむ;draw;[9999];99;;vocab
13694;河合;2.51;かわい;Kawai;[157, 269];12;;vocab
13695;劉;2.51;りゅう;Liu;[9999];99;;vocab
13696;押える;2.51;おさえる;suppress;[1195];30;;vocab
13697;場内;2.51;じょうない;on the grounds;[584, 1095];27;;vocab
13698;愕然;2.51;がくぜん;astonishment;[9999, 256];99;;vocab
13699;星空;2.51;ほしぞら;starry sky;[1676, 1414];40;;vocab
13700;達也;2.51;たつや;Tatsuya;[591, 9999];99;;vocab
13701;篤;2.51;あつ;Atsushi;[2142];54;;vocab
13702;押し出す;2.51;おしだす;push out;[1195, 829];30;;vocab
13703;乗り換え;2.51;のりかえ;transfer;[1709, 1122];40;;vocab
13704;招集;2.51;しょうしゅう;calling or convening;[702, 601];23;;vocab
13705;投げ出す;2.51;なげだす;Throw out;[762, 829];24;;vocab
13706;壁画;2.51;へきが;fresco;[1616, 1254];39;;vocab
13707;ハロ;2.51;ハロ;Halo;[];0;5;loanword
13708;思いがけない;2.51;おもいがけない;Unexpected;[651];22;;vocab
13709;思い返す;2.51;おもいかえす;Recall;[651, 782];23;;vocab
13710;新橋;2.51;しんばし;Shinbashi;[1619, 460];39;;vocab
13711;めちゃめちゃ;2.51;めちゃめちゃ;Extremely;[];0;5;vocab
13712;下地;2.5;したじ;groundwork;[51, 554];21;;vocab
13713;免;2.5;めん;exemption;[2126];53;;vocab
13714;新装;2.5;しんそう;redecoration;[1619, 425];39;;vocab
13715;規程;2.5;きてい;official regulations;[904, 960];26;;vocab
13716;返し;2.5;かえし;return;[782];23;;vocab
13717;割高;2.5;わりだか;comparatively high;[1673, 329];40;;vocab
13718;リーズナブル;2.5;リーズナブル;Reasonable;[];0;5;loanword
13719;書式;2.5;しょしき;blank form;[349, 377];16;;vocab
13720;監理;2.5;かんり;superintendence;[1562, 283];38;;vocab
13721;中絶;2.5;ちゅうぜつ;abortion;[39, 1891];45;;vocab
13722;軍備;2.5;ぐんび;armaments;[323, 1267];32;;vocab
13723;備考;2.5;びこう;note;[1267, 1341];34;;vocab
13724;吉村;2.5;よしむら;Yoshimura;[342, 221];14;;vocab
13725;パーフェクト;2.5;パーフェクト;Perfect;[];0;5;loanword
13726;癒着;2.5;ゆちゃく;adhesion;[2193, 594];56;;vocab
13727;石橋;2.5;いしばし;stone bridge;[118, 460];18;;vocab
13728;落胆;2.5;らくたん;discouragement;[320, 31];13;;vocab
13729;払い;2.5;はらい;Payment;[798];23;;vocab
13730;関す;2.5;かんす;Regarding;[2173];55;;vocab
13731;牽引;2.5;けんいん;hauling;[9999, 1318];99;;vocab
13732;決め手;2.5;きめて;Decisive factor;[1770, 687];42;;vocab
13733;水族館;2.5;すいぞくかん;Aquarium;[137, 1307, 1589];38;;vocab
13734;一日中;2.49;いちにちちゅう;all day long;[1, 12, 39];3;;vocab
13735;水晶;2.49;すいしょう;crystal;[137, 22];8;;vocab
13736;シャイ;2.49;シャイ;shy;[];0;5;loanword
13737;エッジ;2.49;エッジ;Edge;[];0;5;loanword
13738;沿線;2.49;えんせん;along railway line;[858, 1438];36;;vocab
13739;すがる;2.49;すがる;cling;[];0;5;vocab
13740;監獄;2.49;かんごく;prison;[1562, 361];38;;vocab
13741;レスポンス;2.49;レスポンス;response;[];0;5;loanword
13742;三角形;2.49;さんかっけい;triangle;[3, 1953, 1847];48;;vocab
13743;ヤマト;2.49;ヤマト;Yamato;[];0;5;loanword
13744;取りまとめる;2.49;とりまとめる;to summarize;[882];25;;vocab
13745;張り切る;2.49;はりきる;be enthusiastic;[2071, 89];52;;vocab
13746;版元;2.49;はんもと;publisher;[1298, 63];32;;vocab
13747;大人しい;2.49;おとなしい;quiet;[112, 1023];27;;vocab
13748;溶け込む;2.49;とけこむ;Blend in;[854, 843];24;;vocab
13749;切り上げる;2.49;きりあげる;Round up;[89, 50];5;;vocab
13750;幾分;2.49;いくぶん;somewhat;[1481, 844];36;;vocab
13751;離せる;2.49;はなせる;Can be released;[1605];39;;vocab
13752;ベーシック;2.49;ベーシック;basic;[];0;5;loanword
13753;協業;2.49;きょうぎょう;cooperative industry;[937, 1931];47;;vocab
13754;八田;2.49;はった;Hatta;[8, 14];1;;vocab
13755;アレックス;2.49;アレックス;Alex;[];0;5;loanword
13756;日本円;2.49;にほんえん;JPY;[12, 224, 1952];48;;vocab
13757;行程;2.49;こうてい;journey;[938, 960];26;;vocab
13758;シュー;2.49;シュー;shoe;[];0;5;loanword
13759;松子;2.49;まつこ;Matsuko;[848, 99];24;;vocab
13760;数時間;2.49;すうじかん;a few hours;[998, 171, 1747];42;;vocab
13761;質感;2.49;しつかん;feel of a material;[1219, 662];31;;vocab
13762;邦人;2.49;ほうじん;Japanese national;[1991, 1023];49;;vocab
13763;ショートカット;2.49;ショートカット;Shortcuts;[];0;5;loanword
13764;院生;2.49;いんせい;graduate student;[1401, 1675];40;;vocab
13765;断層;2.49;だんそう;fault;[1218, 1146];31;;vocab
13766;ヒール;2.49;ヒール;heel;[];0;5;loanword
13767;そういや;2.49;そういや;By the way;[];0;5;vocab
13768;丸の内;2.49;まるのうち;Marunouchi;[44, 1095];27;;vocab
13769;ルネサンス;2.49;ルネサンス;Renaissance;[];0;5;loanword
13770;ジル;2.49;ジル;Jill;[];0;5;loanword
13771;別館;2.49;べっかん;annexe;[94, 1589];38;;vocab
13772;お疲れさま;2.49;おつかれさま;Good job;[1823];44;;vocab
13773;モス;2.49;モス;Moss;[];0;5;loanword
13774;採掘;2.49;さいくつ;mining;[792, 1141];29;;vocab
13775;一遍;2.49;いっぺん;once;[1, 1965];48;;vocab
13776;トラベル;2.48;トラベル;Travel;[];0;5;loanword
13777;ぼちぼち;2.48;ぼちぼち;Slowly;[];0;5;vocab
13778;振込む;2.48;ふりこむ;Transfer;[2167, 843];55;;vocab
13779;母語;2.48;ぼご;mother tongue;[105, 371];15;;vocab
13780;射る;2.48;いる;shoot;[1338];34;;vocab
13781;よむ;2.48;よむ;Read;[];0;5;vocab
13782;軍部;2.48;ぐんぶ;military authorities;[323, 1988];49;;vocab
13783;かいな;2.48;かいな;Kaina;[];0;5;vocab
13784;お守り;2.48;おまもり;Amulets;[198];9;;vocab
13785;投棄;2.48;とうき;abandonment;[762, 820];23;;vocab
13786;黒板;2.48;こくばん;blackboard;[186, 781];23;;vocab
13787;からい;2.48;からい;spicy;[];0;5;vocab
13788;時効;2.48;じこう;statute of limitations;[171, 1369];34;;vocab
13789;尼崎;2.48;あまがさき;Amagasaki;[1133, 840];29;;vocab
13790;旭川;2.48;あさひかわ;Asahikawa;[27, 134];8;;vocab
13791;一掃;2.48;いっそう;clean sweep;[1, 1235];31;;vocab
13792;ハザード;2.48;ハザード;hazard;[];0;5;loanword
13793;フェラーリ;2.48;フェラーリ;Ferrari;[];0;5;loanword
13794;史観;2.48;しかん;historical view;[747, 614];23;;vocab
13795;称号;2.48;しょうごう;title;[971, 1330];33;;vocab
13796;手頃;2.48;てごろ;moderate;[687, 479];23;;vocab
13797;ワット;2.48;ワット;Watts;[];0;5;loanword
13798;進入;2.48;しんにゅう;penetration;[603, 842];24;;vocab
13799;和菓子;2.48;わがし;Japanese sweets;[963, 1203, 99];30;;vocab
13800;必勝;2.48;ひっしょう;certain victory;[685, 1294];32;;vocab
13801;反感;2.48;はんかん;antipathy;[779, 662];23;;vocab
13802;あす;2.48;あす;tomorrow;[];0;5;vocab
13803;日野;2.48;ひの;Hino;[12, 1722];41;;vocab
13804;チカ;2.48;チカ;Chika;[];0;5;loanword
13805;極秘;2.48;ごくひ;absolute secrecy;[2052, 970];51;;vocab
13806;養老;2.48;ようろう;making provision for the elderly;[1591, 1340];38;;vocab
13807;豊田;2.48;とよだ;Toyota;[1551, 14];38;;vocab
13808;古墳;2.47;こふん;ancient burial mound;[16, 1282];32;;vocab
13809;アトラクション;2.47;アトラクション;Attractions;[];0;5;loanword
13810;ヤマハ;2.47;ヤマハ;Yamaha;[];0;5;loanword
13811;合体;2.47;がったい;union;[269, 1030];27;;vocab
13812;不機嫌;2.47;ふきげん;Bad mood;[1302, 1482, 1724];41;;vocab
13813;品切れ;2.47;しなぎれ;Out of stock;[23, 89];5;;vocab
13814;潜入;2.47;せんにゅう;infiltration;[907, 842];25;;vocab
13815;一眼;2.47;いちがん;one eye;[1, 1577];38;;vocab
13816;西ドイツ;2.47;にしどいつ;West Germany;[1728];41;;vocab
13817;後任;2.47;こうにん;successor;[1479, 1078];36;;vocab
13818;姑;2.47;しゅうと;mother-in-law;[9999];99;;vocab
13819;考え出す;2.47;かんがえだす;come up with;[1341, 829];34;;vocab
13820;出没;2.47;しゅつぼつ;appearing frequently;[829, 763];24;;vocab
13821;足場;2.47;あしば;scaffold;[1372, 584];34;;vocab
13822;見せつける;2.47;みせつける;Show off;[61];4;;vocab
13823;下宿;2.47;げしゅく;boarding;[51, 1070];27;;vocab
13824;その頃;2.47;そのころ;At that time;[479];18;;vocab
13825;骨董;2.47;こっとう;antique;[1383, 9999];99;;vocab
13826;ドーナツ;2.47;ドーナツ;donut;[];0;5;loanword
13827;不景気;2.47;ふけいき;recession;[1302, 336, 2030];51;;vocab
13828;塁;2.47;るい;base;[1871];45;;vocab
13829;緑地;2.47;りょくち;green tract of land;[1471, 554];36;;vocab
13830;かりる;2.47;かりる;Borrow;[];0;5;vocab
13831;こまかい;2.47;こまかい;Detailed;[];0;5;vocab
13832;祖;2.47;そ;ancestor;[1918];47;;vocab
13833;實;2.47;みのる;Truth;[9999];99;;vocab
13834;バイアス;2.47;バイアス;bias;[];0;5;loanword
13835;大平;2.47;おおひら;Ohira;[112, 1596];39;;vocab
13836;月給;2.47;げっきゅう;monthly salary;[13, 1449];36;;vocab
13837;併設;2.47;へいせつ;joint establishment;[1107, 765];28;;vocab
13838;ハワイアン;2.47;ハワイアン;Hawaiian;[];0;5;loanword
13839;はれる;2.47;はれる;It will be sunny;[];0;5;vocab
13840;レジスト;2.47;レジスト;Resist;[];0;5;loanword
13841;転生;2.47;てんせい;transmigration of souls;[449, 1675];40;;vocab
13842;テクスト;2.47;テクスト;Text;[];0;5;loanword
13843;ナベ;2.47;ナベ;Pan;[];0;5;loanword
13844;レベルアップ;2.47;レベルアップ;Level Up;[];0;5;loanword
13845;伝言;2.47;でんごん;verbal message;[1036, 357];27;;vocab
13846;しきりに;2.47;しきりに;frequently;[];0;5;vocab
13847;所存;2.47;しょぞん;opinion;[1208, 739];31;;vocab
13848;配管;2.47;はいかん;plumbing;[1544, 1365];38;;vocab
13849;雀;2.47;すずめ;sparrow;[9999];99;;vocab
13850;赤松;2.47;あかまつ;Japanese red pine;[1880, 848];45;;vocab
13851;聖職;2.47;せいしょく;sacred profession;[888, 887];25;;vocab
13852;和む;2.46;なごむ;Calm;[963];26;;vocab
13853;危惧す;2.46;きぐす;Fear;[1520, 680];37;;vocab
13854;円盤;2.46;えんばん;disk;[1952, 2017];50;;vocab
13855;わらしべ;2.46;わらしべ;Warashibe;[];0;5;vocab
13856;毒性;2.46;どくせい;toxicity;[1651, 1679];40;;vocab
13857;絶好調;2.46;ぜっこうちょう;In top form;[1891, 103, 373];45;;vocab
13858;立花;2.46;たちばな;Tachibana;[462, 1084];27;;vocab
13859;道端;2.46;みちばた;roadside;[295, 1251];31;;vocab
13860;堪える;2.46;こたえる;bear;[1907];46;;vocab
13861;スペル;2.46;スペル;spell;[];0;5;loanword
13862;春日;2.46;しゅんじつ;spring day;[1690, 12];40;;vocab
13863;浴びせる;2.46;あびせる;to shower;[852];24;;vocab
13864;隔てる;2.46;へだてる;Separate;[1409];35;;vocab
13865;敏;2.46;さとし;Astute;[498];18;;vocab
13866;専門医;2.46;せんもんい;specialist;[47, 1743, 1829];44;;vocab
13867;窮屈;2.46;きゅうくつ;narrow;[1424, 1140];35;;vocab
13868;種子;2.46;しゅし;seed;[1810, 99];43;;vocab
13869;頻発;2.46;ひんぱつ;frequency;[399, 1840];44;;vocab
13870;金星;2.46;かなぼし;dazzling victory;[287, 1676];40;;vocab
13871;生死;2.46;せいし;life and death;[1675, 878];40;;vocab
13872;略奪;2.46;りゃくだつ;pillage;[314, 608];21;;vocab
13873;鴨;2.46;かも;duck;[9999];99;;vocab
13874;中心地;2.46;ちゅうしんち;center;[39, 639, 554];22;;vocab
13875;同種;2.46;どうしゅ;same kind;[192, 1810];43;;vocab
13876;刺繍;2.46;ししゅう;embroidery;[446, 9999];99;;vocab
13877;別人;2.46;べつじん;different person;[94, 1023];27;;vocab
13878;綿密;2.45;めんみつ;minute;[1467, 837];36;;vocab
13879;クーデター;2.45;クーデター;coup d'etat;[];0;5;loanword
13880;行儀;2.45;ぎょうぎ;manners;[938, 1059];27;;vocab
13881;月収;2.45;げっしゅう;monthly income;[13, 1628];39;;vocab
13882;機関車;2.45;きかんしゃ;locomotive;[1482, 2173, 304];55;;vocab
13883;悟り;2.45;さとり;Enlightenment;[669];22;;vocab
13884;コンペ;2.45;コンペ;competition;[];0;5;loanword
13885;みそ;2.45;みそ;miso;[];0;5;vocab
13886;鉄人;2.45;てつじん;iron man;[909, 1023];27;;vocab
13887;ヌード;2.45;ヌード;nude;[];0;5;loanword
13888;憂慮;2.45;ゆうりょ;anxiety;[663, 2151];54;;vocab
13889;抹茶;2.45;まっちゃ;powdered green tea for ceremonies;[694, 267];23;;vocab
13890;強迫;2.45;きょうはく;compelling;[1321, 300];33;;vocab
13891;重厚;2.45;じゅうこう;profound;[1805, 132];43;;vocab
13892;増減;2.45;ぞうげん;increase and decrease;[541, 391];19;;vocab
13893;たいして;2.45;たいして;In comparison;[];0;5;vocab
13894;彫る;2.45;ほる;carve;[1846];45;;vocab
13895;不起訴;2.45;ふきそ;Non-prosecution;[1302, 565, 1221];32;;vocab
13896;印鑑;2.45;いんかん;stamp;[1530, 1564];38;;vocab
13897;ウマ;2.45;ウマ;Horse;[];0;5;loanword
13898;スナック;2.45;スナック;snack;[];0;5;loanword
13899;ボールペン;2.45;ボールペン;ballpoint pen;[];0;5;loanword
13900;突き進む;2.45;つきすすむ;Push forward;[1416, 603];35;;vocab
13901;受け取れる;2.45;うけとれる;Can be received;[794, 882];25;;vocab
13902;伊達;2.45;だて;elegance;[1245, 591];31;;vocab
13903;悪役;2.45;あくやく;villain;[1951, 949];48;;vocab
13904;雅子;2.45;まさこ;Masako;[2056, 99];52;;vocab
13905;セルビア;2.45;セルビア;Serbia;[];0;5;loanword
13906;うんと;2.45;うんと;A lot;[];0;5;vocab
13907;ノーマル;2.45;ノーマル;normal;[];0;5;loanword
13908;単調;2.45;たんちょう;monotony;[2078, 373];53;;vocab
13909;トロイ;2.45;トロイ;Troy;[];0;5;loanword
13910;トリー;2.45;トリー;Tory;[];0;5;loanword
13911;鳥居;2.45;とりい;torii;[2091, 1143];53;;vocab
13912;へー;2.45;へー;Huh?;[];0;5;vocab
13913;図解;2.45;ずかい;schematic;[1264, 1955];48;;vocab
13914;こまめ;2.45;こまめ;Diligently;[];0;5;vocab
13915;源氏;2.45;みなもとし;Genji;[153, 1970];49;;vocab
13916;未然;2.45;みぜん;before it happens;[229, 256];11;;vocab
13917;養育;2.45;よういく;bringing up;[1591, 821];38;;vocab
13918;善い;2.45;よい;good;[1112];28;;vocab
13919;率先;2.45;そっせん;taking the initiative;[1874, 263];45;;vocab
13920;つぎ込む;2.45;つぎこむ;Invest;[843];24;;vocab
13921;要綱;2.45;ようこう;main principle;[1730, 2114];53;;vocab
13922;疾走;2.45;しっそう;sprint;[1819, 410];44;;vocab
13923;自粛;2.45;じしゅく;self-control;[36, 1870];45;;vocab
13924;全滅;2.45;ぜんめつ;annihilation;[281, 390];16;;vocab
13925;電機;2.45;でんき;electrical machinery;[574, 1482];36;;vocab
13926;見聞;2.45;けんぶん;information;[61, 1754];42;;vocab
13927;有難い;2.45;ありがたい;Thank you;[83, 1703];40;;vocab
13928;豪雨;2.45;ごうう;torrential rain;[582, 451];21;;vocab
13929;カミさん;2.45;かみさん;Wife;[];0;5;vocab
13930;縄;2.45;なわ;rope;[1477];36;;vocab
13931;心得;2.45;こころえ;knowledge;[639, 941];25;;vocab
13932;待ち受ける;2.44;まちうける;Await;[944, 794];25;;vocab
13933;緑茶;2.44;りょくちゃ;green tea;[1471, 267];36;;vocab
13934;松原;2.44;まつばら;pine grove;[848, 142];24;;vocab
13935;トランプ;2.44;トランプ;Trump;[];0;5;loanword
13936;そのうえ;2.44;そのうえ;Furthermore,;[];0;5;vocab
13937;大佐;2.44;たいさ;colonel;[112, 1024];27;;vocab
13938;梱包;2.44;こんぽう;packing;[9999, 569];99;;vocab
13939;幹線;2.44;かんせん;main line;[1783, 1438];43;;vocab
13940;恵子;2.44;けいこ;Keiko;[659, 99];22;;vocab
13941;蜜;2.44;みつ;honey;[838];24;;vocab
13942;ラテン語;2.44;らてんご;Latin;[371];15;;vocab
13943;県議会;2.44;けんぎかい;Prefectural Assembly;[552, 692, 814];23;;vocab
13944;フルート;2.44;フルート;flute;[];0;5;loanword
13945;笑わせる;2.44;わらわせる;make them laugh;[1008];26;;vocab
13946;読み物;2.44;よみもの;Reading material;[372, 1129];29;;vocab
13947;木星;2.44;もくせい;Jupiter;[207, 1676];40;;vocab
13948;宋;2.44;そう;Song Dynasty;[9999];99;;vocab
13949;衛;2.44;まもる;Mamoru;[1775];42;;vocab
13950;かくして;2.44;かくして;Thus;[];0;5;vocab
13951;顔つき;2.44;かおつき;facial expression;[1853];45;;vocab
13952;プッシュ;2.44;プッシュ;push;[];0;5;loanword
13953;頭上;2.44;ずじょう;overhead;[1549, 50];38;;vocab
13954;成り行き;2.44;なりゆき;course of events;[386, 938];25;;vocab
13955;手記;2.44;しゅき;note;[687, 568];23;;vocab
13956;エフェクト;2.44;エフェクト;effect;[];0;5;loanword
13957;連覇;2.44;れんぱ;successive championships;[305, 2043];51;;vocab
13958;私学;2.44;しがく;school;[968, 346];26;;vocab
13959;三田;2.44;みた;Mita;[3, 14];1;;vocab
13960;埃;2.44;ほこり;dust;[9999];99;;vocab
13961;グレイ;2.44;グレイ;Gray;[];0;5;loanword
13962;エドワード;2.44;エドワード;Edward;[];0;5;loanword
13963;対称;2.44;たいしょう;symmetry;[1862, 971];45;;vocab
13964;資;2.43;し;capital;[512];18;;vocab
13965;疎い;2.43;うとい;Ignorant;[1797];43;;vocab
13966;痒い;2.43;かゆい;itchy;[9999];99;;vocab
13967;ヤンキー;2.43;ヤンキー;Yankee;[];0;5;loanword
13968;スマ;2.43;スマ;Smartphone;[];0;5;loanword
13969;パイオニア;2.43;パイオニア;Pioneer;[];0;5;loanword
13970;きち;2.43;きち;Kichi;[];0;5;vocab
13971;ピュア;2.43;ピュア;pure;[];0;5;loanword
13972;オートバイ;2.43;オートバイ;motorcycle;[];0;5;loanword
13973;編む;2.43;あむ;Knit;[1966];48;;vocab
13974;パワーアップ;2.43;パワーアップ;power up;[];0;5;loanword
13975;当座;2.43;とうざ;for the time being;[1236, 1100];31;;vocab
13976;凌;2.43;りょう;Ling;[9999];99;;vocab
13977;鳴き声;2.43;なきごえ;cry;[2092, 2044];53;;vocab
13978;訳注;2.43;やくちゅう;translation with notes;[1154, 285];29;;vocab
13979;軽井沢;2.43;かるいざわ;Karuizawa;[774, 1946, 1153];48;;vocab
13980;出来高;2.43;できだか;Volume;[829, 2029, 329];51;;vocab
13981;風刺;2.43;ふうし;satire;[563, 446];21;;vocab
13982;しだい;2.43;しだい;As time goes by;[];0;5;vocab
13983;回顧;2.43;かいこ;recollecting;[630, 1165];29;;vocab
13984;炎症;2.43;えんしょう;inflammation;[174, 1816];44;;vocab
13985;等級;2.43;とうきゅう;grade;[1016, 1453];36;;vocab
13986;おと;2.43;おと;sound;[];0;5;vocab
13987;りょう;2.43;りょう;fishing;[];0;5;vocab
13988;小樽;2.43;おたる;Otaru;[110, 9999];99;;vocab
13989;カウンタ;2.43;カウンタ;counter;[];0;5;loanword
13990;築;2.43;ちく;Construction;[1021];26;;vocab
13991;マンゴー;2.43;マンゴー;mango;[];0;5;loanword
13992;岩崎;2.43;いわさき;Iwasaki;[832, 840];24;;vocab
13993;精通;2.43;せいつう;acquaintance;[1655, 1511];40;;vocab
13994;幼稚;2.43;ようち;infancy;[1478, 962];36;;vocab
13995;善悪;2.43;ぜんあく;good and evil;[1112, 1951];48;;vocab
13996;盗作;2.43;とうさく;plagiarism;[1559, 1224];38;;vocab
13997;係わる;2.43;かかわる;involved;[1493];36;;vocab
13998;かぶせる;2.43;かぶせる;Cover;[];0;5;vocab
13999;同上;2.43;どうじょう;same as above;[192, 50];9;;vocab
14000;解す;2.43;かいす;solve;[1955];48;;vocab
14001;流れ込む;2.43;ながれこむ;flow in;[826, 843];24;;vocab
14002;遅らせる;2.43;おくらせる;Delay;[1148];29;;vocab
14003;絹;2.43;きぬ;silk;[1468];36;;vocab
14004;カーソル;2.43;カーソル;cursor;[];0;5;loanword
14005;恨む;2.43;うらむ;hate;[1570];38;;vocab
14006;根元;2.43;ねもと;root;[1571, 63];38;;vocab
14007;一泊;2.43;いちはく;stopping one night;[1, 158];8;;vocab
14008;芽生える;2.43;めばえる;sprout;[2054, 1675];52;;vocab
14009;しゅう;2.43;しゅう;Week;[];0;5;vocab
14010;頼もしい;2.43;たのもしい;reliable;[1794];43;;vocab
14011;敷居;2.43;しきい;threshold;[2028, 1143];51;;vocab
14012;おさえる;2.43;おさえる;Hold;[];0;5;vocab
14013;バネ;2.42;バネ;spring;[];0;5;loanword
14014;専属;2.42;せんぞく;exclusive;[47, 2103];53;;vocab
14015;書名;2.42;しょめい;book title;[349, 117];15;;vocab
14016;新約;2.42;しんやく;new contract;[1619, 1462];39;;vocab
14017;終り;2.42;おわり;end;[1452];36;;vocab
14018;タック;2.42;タック;tack;[];0;5;loanword
14019;散乱;2.42;さんらん;dispersion;[1273, 76];32;;vocab
14020;野蛮;2.42;やばん;savage;[1722, 1884];45;;vocab
14021;断面;2.42;だんめん;cross-section;[1218, 2039];51;;vocab
14022;しない;2.42;しない;do not;[];0;5;vocab
14023;あっせん;2.42;あっせん;mediation;[];0;5;vocab
14024;ベール;2.42;ベール;Veil;[];0;5;loanword
14025;館内;2.42;かんない;in the building;[1589, 1095];38;;vocab
14026;つくり出す;2.42;つくりだす;Create;[829];24;;vocab
14027;つかまえる;2.42;つかまえる;Catch;[];0;5;vocab
14028;請け負う;2.42;うけおう;undertake;[1656, 67];40;;vocab
14029;潔い;2.42;いさぎよい;Honest;[1668];40;;vocab
14030;ダブる;2.42;だぶる;Duplicate;[];0;5;vocab
14031;プロパガンダ;2.42;プロパガンダ;propaganda;[];0;5;loanword
14032;おねがい;2.42;おねがい;Request;[];0;5;vocab
14033;修得;2.42;しゅうとく;learning;[1858, 941];45;;vocab
14034;この方;2.42;このほう;This person;[529];19;;vocab
14035;萬;2.42;よろず;Ten thousand;[9999];99;;vocab
14036;貞;2.42;さだ;Sada;[58];4;;vocab
14037;壮絶;2.42;そうぜつ;grand;[343, 1891];45;;vocab
14038;リスナー;2.42;リスナー;listener;[];0;5;loanword
14039;体裁;2.42;ていさい;appearance;[1030, 424];27;;vocab
14040;痴漢;2.42;ちかん;masher;[1814, 1701];44;;vocab
14041;レンガ;2.42;レンガ;brick;[];0;5;loanword
14042;陶芸;2.42;とうげい;ceramic art;[2117, 450];53;;vocab
14043;因縁;2.42;いんねん;fate;[626, 1472];36;;vocab
14044;急上昇;2.42;きゅうじょうしょう;Rapid rise;[1229, 50, 43];31;;vocab
14045;病理;2.41;びょうり;pathology;[1813, 283];44;;vocab
14046;スティーブン;2.41;スティーブン;Stephen;[];0;5;loanword
14047;安楽;2.41;あんらく;ease;[202, 1872];45;;vocab
14048;満腹;2.41;まんぷく;filling the stomach;[1253, 503];31;;vocab
14049;号泣;2.41;ごうきゅう;crying aloud;[1330, 463];33;;vocab
14050;別紙;2.41;べっし;enclosure;[94, 1971];49;;vocab
14051;和声;2.41;わせい;harmony;[963, 2044];51;;vocab
14052;唖然;2.41;あぜん;dumbfounded;[9999, 256];99;;vocab
14053;ちぎる;2.41;ちぎる;Tear;[];0;5;vocab
14054;ダウ;2.41;ダウ;Dow;[];0;5;loanword
14055;りえ;2.41;りえ;Rie;[];0;5;vocab
14056;悪人;2.41;あくにん;bad person;[1951, 1023];48;;vocab
14057;花屋;2.41;はなや;florist;[1084, 1138];29;;vocab
14058;読み取れる;2.41;よみとれる;Readable;[372, 882];25;;vocab
14059;シリアス;2.41;シリアス;serious;[];0;5;loanword
14060;河原;2.41;かわはら;dry river bed;[157, 142];8;;vocab
14061;壁面;2.41;へきめん;surface of a wall;[1616, 2039];51;;vocab
14062;コリン;2.41;コリン;Colin;[];0;5;loanword
14063;唸る;2.41;うなる;groan;[9999];99;;vocab
14064;仙;2.41;せん;immortal;[1061];27;;vocab
14065;弁理;2.41;べんり;management;[803, 283];23;;vocab
14066;辞;2.41;じ;words;[1613];39;;vocab
14067;当番;2.41;とうばん;being on duty;[1236, 2058];52;;vocab
14068;停める;2.41;とめる;stop;[1051];27;;vocab
14069;岬;2.41;みさき;cape;[1196];30;;vocab
14070;偽善;2.41;ぎぜん;hypocrisy;[2068, 1112];52;;vocab
14071;交響楽;2.41;こうきょうがく;Symphony;[1368, 1994, 1872];49;;vocab
14072;ミナ;2.41;ミナ;Mina;[];0;5;loanword
14073;エンジェル;2.41;エンジェル;Angel;[];0;5;loanword
14074;特約;2.41;とくやく;special contract;[261, 1462];36;;vocab
14075;竿;2.41;さお;rod;[9999];99;;vocab
14076;ティム;2.41;ティム;Tim;[];0;5;loanword
14077;ブドウ;2.41;ブドウ;grapes;[];0;5;loanword
14078;慰霊;2.41;いれい;comfort the spirit;[1177, 1930];47;;vocab
14079;櫻井;2.41;さくらい;Sakurai;[9999, 1946];99;;vocab
14080;モニタリング;2.41;モニタリング;monitoring;[];0;5;loanword
14081;爺;2.41;じい;Old man;[9999];99;;vocab
14082;優越;2.41;ゆうえつ;supremacy;[1068, 413];27;;vocab
14083;ベーコン;2.41;ベーコン;bacon;[];0;5;loanword
14084;ファイト;2.41;ファイト;Fight;[];0;5;loanword
14085;数理;2.41;すうり;mathematics;[998, 283];26;;vocab
14086;ヤミ;2.41;ヤミ;Yami;[];0;5;loanword
14087;慈善;2.41;じぜん;charity;[1490, 1112];36;;vocab
14088;羽根;2.41;はね;feather;[615, 1571];38;;vocab
14089;会派;2.41;かいは;faction;[814, 1999];50;;vocab
14090;絡み合う;2.4;からみあう;intertwined;[1450, 269];36;;vocab
14091;山岡;2.4;やまおか;Yamaoka;[830, 2112];53;;vocab
14092;博覧;2.4;はくらん;extensive reading;[48, 919];25;;vocab
14093;モル;2.4;モル;mole;[];0;5;loanword
14094;落合;2.4;おちあい;Ochiai;[320, 269];13;;vocab
14095;共催;2.4;きょうさい;joint sponsorship;[1934, 1062];47;;vocab
14096;でき;2.4;でき;Can;[];0;5;vocab
14097;ゆるい;2.4;ゆるい;loose;[];0;5;vocab
14098;憲;2.4;けん;Ken;[1674];40;;vocab
14099;ダイジェスト;2.4;ダイジェスト;digest;[];0;5;loanword
14100;思い当たる;2.4;おもいあたる;That comes to mind;[651, 1236];31;;vocab
14101;炸裂;2.4;さくれつ;explosion;[9999, 876];99;;vocab
14102;ながめる;2.4;ながめる;View;[];0;5;vocab
14103;そらす;2.4;そらす;divert;[];0;5;vocab
14104;範;2.4;はん;Range;[1516];37;;vocab
14105;内需;2.4;ないじゅ;domestic demand;[1095, 1249];31;;vocab
14106;蒸す;2.4;ふかす;Steam;[2049];51;;vocab
14107;水路;2.4;すいろ;waterway;[137, 1376];34;;vocab
14108;鎧;2.4;よろい;armor;[9999];99;;vocab
14109;焼き鳥;2.4;やきとり;Yakitori;[1284, 2091];53;;vocab
14110;トレイ;2.4;トレイ;tray;[];0;5;loanword
14111;生き残り;2.4;いきのこり;Survivor;[1675, 871];40;;vocab
14112;遊戯;2.4;ゆうぎ;game;[1126, 2149];54;;vocab
14113;既定;2.4;きてい;default;[1593, 408];38;;vocab
14114;申し述べる;2.4;もうしのべる;declare;[1198, 1643];39;;vocab
14115;台北;2.4;たいぺい;Taipei;[805, 480];23;;vocab
14116;由紀夫;2.4;ゆきお;Yukio;[1186, 1454, 901];36;;vocab
14117;ルーマニア;2.4;ルーマニア;Romania;[];0;5;loanword
14118;フランチャイズ;2.4;フランチャイズ;franchise;[];0;5;loanword
14119;協賛;2.4;きょうさん;support;[937, 906];25;;vocab
14120;自分勝手;2.39;じぶんがって;selfish;[36, 844, 1294, 687];32;;vocab
14121;うさ;2.39;うさ;Bunny;[];0;5;vocab
14122;与る;2.39;あずかる;give;[1335];33;;vocab
14123;ジーニョ;2.39;ジーニョ;Ginho;[];0;5;loanword
14124;思案;2.39;しあん;thought;[651, 227];22;;vocab
14125;南東;2.39;なんとう;southeast;[1740, 543];41;;vocab
14126;ユニオン;2.39;ユニオン;Union;[];0;5;loanword
14127;もめる;2.39;もめる;dispute;[];0;5;vocab
14128;廃墟;2.39;はいきょ;ruins;[1841, 9999];99;;vocab
14129;チーフ;2.39;チーフ;chief;[];0;5;loanword
14130;不毛;2.39;ふもう;sterile;[1302, 2062];52;;vocab
14131;米兵;2.39;べいへい;American military;[987, 1429];35;;vocab
14132;先導;2.39;せんどう;guidance;[263, 296];13;;vocab
14133;砦;2.39;とりで;fort;[9999];99;;vocab
14134;ひで;2.39;ひで;Hide;[];0;5;vocab
14135;順に;2.39;じゅんに;In order;[136];8;;vocab
14136;処方箋;2.39;しょほうせん;prescription;[318, 529, 1011];26;;vocab
14137;査察;2.39;ささつ;inspection;[1920, 1184];47;;vocab
14138;自決;2.39;じけつ;self-determination;[36, 1770];42;;vocab
14139;年月日;2.39;ねんがっぴ;date;[1114, 13, 12];28;;vocab
14140;飢餓;2.39;きが;starvation;[1585, 1586];38;;vocab
14141;睨む;2.39;にらむ;Glare;[9999];99;;vocab
14142;どきどき;2.39;どきどき;Exciting;[];0;5;vocab
14143;出雲;2.39;いずも;Izumo;[829, 452];24;;vocab
14144;経団連;2.39;けいだんれん;Keidanren;[1460, 625, 305];36;;vocab
14145;きのこ;2.39;きのこ;mushrooms;[];0;5;vocab
14146;錬金術;2.39;れんきんじゅつ;alchemy;[2186, 287, 1644];56;;vocab
14147;さまよう;2.39;さまよう;Wandering;[];0;5;vocab
14148;いとこ;2.39;いとこ;cousin;[];0;5;vocab
14149;復刊;2.39;ふっかん;reissue;[940, 1779];43;;vocab
14150;威嚇;2.39;いかく;menace;[389, 2182];56;;vocab
14151;握り;2.39;にぎり;grip;[1139];29;;vocab
14152;滅亡;2.39;めつぼう;downfall;[390, 524];19;;vocab
14153;外野;2.39;がいや;outfield;[116, 1722];41;;vocab
14154;歓喜;2.39;かんき;delight;[612, 1553];38;;vocab
14155;手話;2.39;しゅわ;sign language;[687, 368];23;;vocab
14156;全編;2.39;ぜんぺん;whole book;[281, 1966];48;;vocab
14157;控え;2.39;ひかえ;Reserve;[1415];35;;vocab
14158;サントラ;2.39;サントラ;Soundtrack;[];0;5;loanword
14159;海面;2.39;かいめん;sea level;[500, 2039];51;;vocab
14160;不変;2.39;ふへん;eternal;[1302, 1882];45;;vocab
14161;ペイント;2.39;ペイント;paint;[];0;5;loanword
14162;製図;2.39;せいず;draughtsmanship;[448, 1264];31;;vocab
14163;ノミネート;2.39;ノミネート;Nominations;[];0;5;loanword
14164;ペダル;2.38;ペダル;pedal;[];0;5;loanword
14165;上質;2.38;じょうしつ;fine quality;[50, 1219];31;;vocab
14166;連なる;2.38;つらなる;consecutive;[305];13;;vocab
14167;本館;2.38;ほんかん;main building;[224, 1589];38;;vocab
14168;雌;2.38;めす;female;[605];21;;vocab
14169;バク;2.38;バク;Tapir;[];0;5;loanword
14170;東京タワー;2.38;とうきょうたわー;Tokyo Tower;[543, 334];19;;vocab
14171;人参;2.38;にんじん;carrot;[1023, 1856];45;;vocab
14172;小中学校;2.38;しょうちゅうがっこう;elementary and junior high schools;[110, 39, 346, 1371];34;;vocab
14173;ニコラ;2.38;ニコラ;Nicola;[];0;5;loanword
14174;けんか;2.38;けんか;fight;[];0;5;vocab
14175;ハーモニー;2.38;ハーモニー;harmony;[];0;5;loanword
14176;育毛;2.38;いくもう;hair restoration;[821, 2062];52;;vocab
14177;論説;2.38;ろんせつ;editorial;[1961, 538];48;;vocab
14178;色気;2.38;いろけ;colouring;[1890, 2030];51;;vocab
14179;笑い声;2.38;わらいごえ;laughter;[1008, 2044];51;;vocab
14180;意地悪;2.38;いじわる;mean;[654, 554, 1951];48;;vocab
14181;素顔;2.38;すがお;face with no make-up;[1652, 1853];45;;vocab
14182;目覚まし;2.38;めざまし;Alarm clock;[15, 347];15;;vocab
14183;明石;2.38;あかし;Akashi;[20, 118];7;;vocab
14184;想起;2.38;そうき;remembering;[656, 565];22;;vocab
14185;菅野;2.38;かんの;Sugano;[9999, 1722];99;;vocab
14186;前項;2.38;ぜんこう;preceding paragraph;[309, 86];13;;vocab
14187;南国;2.38;なんごく;southern countries;[1740, 624];41;;vocab
14188;火葬;2.38;かそう;cremation;[173, 879];25;;vocab
14189;ポルシェ;2.38;ポルシェ;Porsche;[];0;5;loanword
14190;加筆;2.38;かひつ;correction;[932, 1014];26;;vocab
14191;鉱業;2.38;こうぎょう;mining industry;[802, 1931];47;;vocab
14192;後遺症;2.38;こういしょう;Aftereffects;[1479, 1909, 1816];46;;vocab
14193;フロイト;2.37;フロイト;Freud;[];0;5;loanword
14194;投球;2.37;とうきゅう;pitching;[762, 1005];26;;vocab
14195;寄贈;2.37;きぞう;donation;[204, 542];19;;vocab
14196;西暦;2.37;せいれき;Christian Era;[1728, 226];41;;vocab
14197;砕く;2.37;くだく;crush;[121];7;;vocab
14198;たたかう;2.37;たたかう;Fight;[];0;5;vocab
14199;グローバリゼーション;2.37;グローバリゼーション;globalization;[];0;5;loanword
14200;錬る;2.37;ねる;Refine;[2186];56;;vocab
14201;私生活;2.37;しせいかつ;Personal life;[968, 1675, 154];40;;vocab
14202;レタス;2.37;レタス;lettuce;[];0;5;loanword
14203;車輪;2.37;しゃりん;wheel;[304, 1963];48;;vocab
14204;岩国;2.37;いわくに;Iwakuni;[832, 624];24;;vocab
14205;立ち直る;2.37;たちなおる;recover;[462, 77];18;;vocab
14206;まちがい;2.37;まちがい;mistake;[];0;5;vocab
14207;静香;2.37;しずか;Shizuka;[1660, 977];40;;vocab
14208;フェンス;2.37;フェンス;fence;[];0;5;loanword
14209;ノブ;2.37;ノブ;knob;[];0;5;loanword
14210;匠;2.37;たくみ;Takumi;[1828];44;;vocab
14211;積雪;2.37;せきせつ;fallen snow;[1663, 1225];40;;vocab
14212;電電;2.37;でんでん;Telecommunications;[574, 574];21;;vocab
14213;特製;2.37;とくせい;special make;[261, 448];18;;vocab
14214;たどりつく;2.37;たどりつく;arrive;[];0;5;vocab
14215;一撃;2.37;いちげき;blow;[1, 766];23;;vocab
14216;体現;2.37;たいげん;personification;[1030, 275];27;;vocab
14217;獲物;2.37;えもの;game;[757, 1129];29;;vocab
14218;慶應義塾;2.37;けいおうぎじゅく;Keio University;[2157, 9999, 691, 331];99;;vocab
14219;定住;2.37;ていじゅう;settlement;[408, 1027];27;;vocab
14220;リーチ;2.37;リーチ;reach;[];0;5;loanword
14221;ミソ;2.37;ミソ;Miso;[];0;5;loanword
14222;手直し;2.37;てなおし;Rework;[687, 77];23;;vocab
14223;平常;2.37;へいじょう;normal;[1596, 862];39;;vocab
14224;学童;2.37;がくどう;school child;[346, 468];18;;vocab
14225;養;2.37;よう;nourishment;[1591];38;;vocab
14226;化け;2.37;ばけ;ghost;[1083];27;;vocab
14227;ジャッジ;2.37;ジャッジ;judge;[];0;5;loanword
14228;モスク;2.37;モスク;mosque;[];0;5;loanword
14229;寝かせる;2.37;ねかせる;let sit;[1233];31;;vocab
14230;カオス;2.37;カオス;chaos;[];0;5;loanword
14231;ピアス;2.37;ピアス;earrings;[];0;5;loanword
14232;リュック;2.37;リュック;backpack;[];0;5;loanword
14233;中国共産党;2.37;ちゅうごくきょうさんとう;Chinese Communist Party;[39, 624, 1934, 1681, 860];47;;vocab
14234;塚;2.37;つか;Mound;[1117];28;;vocab
14235;アジ;2.37;アジ;Horse mackerel;[];0;5;loanword
14236;杉本;2.36;すぎもと;Sugimoto;[1849, 224];45;;vocab
14237;恐るべき;2.36;おそれるべき;Terrifying;[660];22;;vocab
14238;デュアル;2.36;デュアル;dual;[];0;5;loanword
14239;精神病;2.36;せいしんびょう;mental illness;[1655, 1200, 1813];44;;vocab
14240;嗅ぐ;2.36;かぐ;smell;[129];7;;vocab
14241;初恋;2.36;はつこい;first love;[431, 1885];45;;vocab
14242;試料;2.36;しりょう;sample;[378, 1262];31;;vocab
14243;一昔;2.36;ひとむかし;ages;[1, 1268];32;;vocab
14244;繋げる;2.36;つなげる;connect;[9999];99;;vocab
14245;おまかせ;2.36;おまかせ;Random;[];0;5;vocab
14246;長調;2.36;ちょうちょう;major key;[2070, 373];52;;vocab
14247;飛び降りる;2.36;とびおりる;jump off;[2032, 1405];51;;vocab
14248;主審;2.36;しゅしん;chief umpire;[284, 2059];52;;vocab
14249;西海岸;2.36;にしかいがん;west coast;[1728, 500, 1782];43;;vocab
14250;ニュースレター;2.36;ニュースレター;Newsletter;[];0;5;loanword
14251;稲葉;2.36;いなば;Inaba;[976, 243];26;;vocab
14252;さめる;2.36;さめる;wake up;[];0;5;vocab
14253;あいかわらず;2.36;あいかわらず;As always;[];0;5;vocab
14254;二日酔い;2.36;ふつかよい;hangover;[2, 12, 1543];38;;vocab
14255;ドロ;2.36;ドロ;Doro;[];0;5;loanword
14256;乱す;2.36;みだす;Disturb;[76];5;;vocab
14257;タイガース;2.36;タイガース;Tigers;[];0;5;loanword
14258;サーカス;2.36;サーカス;circus;[];0;5;loanword
14259;公示;2.36;こうじ;edict;[847, 1167];30;;vocab
14260;客室;2.36;きゃくしつ;guest room;[315, 816];23;;vocab
14261;決めつける;2.36;きめつける;make assumptions;[1770];42;;vocab
14262;救命;2.36;きゅうめい;lifesaving;[1006, 1502];37;;vocab
14263;結び付ける;2.36;むすびつける;connect;[1451, 1075];36;;vocab
14264;退去;2.36;たいきょ;departure;[1575, 812];38;;vocab
14265;人名;2.36;じんめい;person's name;[1023, 117];27;;vocab
14266;思索;2.36;しさく;speculation;[651, 1465];36;;vocab
14267;税別;2.36;ぜいべつ;tax not included;[961, 94];26;;vocab
14268;中央アジア;2.36;ちゅうおうあじあ;Central Asia;[39, 1877];45;;vocab
14269;漁;2.36;りょう;fishing;[184];8;;vocab
14270;則る;2.36;のっとる;In accordance with;[92];5;;vocab
14271;逆行;2.36;ぎゃっこう;reverse movement;[2109, 938];53;;vocab
14272;貸;2.36;かし;loan;[1082];27;;vocab
14273;低温;2.36;ていおん;low temperature;[1973, 1560];49;;vocab
14274;やり直し;2.36;やりなおし;Redo;[77];5;;vocab
14275;溶接;2.36;ようせつ;weld;[854, 725];24;;vocab
14276;特段;2.36;とくだん;special;[261, 2003];50;;vocab
14277;ふじ;2.36;ふじ;Fuji;[];0;5;vocab
14278;浴室;2.36;よくしつ;bathroom;[852, 816];24;;vocab
14279;山積み;2.36;やまづみ;piled up;[830, 1663];40;;vocab
14280;上乗せ;2.36;うわのせ;Top-up;[50, 1709];40;;vocab
14281;サイレン;2.35;サイレン;siren;[];0;5;loanword
14282;品格;2.35;ひんかく;dignity;[23, 312];13;;vocab
14283;頼み;2.35;たのみ;Request;[1794];43;;vocab
14284;小麦粉;2.35;こむぎこ;flour;[110, 1653, 988];40;;vocab
14285;不可避;2.35;ふかひ;unavoidable;[1302, 97, 1618];39;;vocab
14286;打破;2.35;だは;breaking down;[705, 869];25;;vocab
14287;メッセンジャー;2.35;メッセンジャー;Messenger;[];0;5;loanword
14288;待てる;2.35;まてる;Can wait;[944];25;;vocab
14289;斡旋;2.35;あっせん;kind offices;[9999, 1125];99;;vocab
14290;行財政;2.35;ぎょうざいせい;Administrative and financial affairs;[938, 737, 407];25;;vocab
14291;直視;2.35;ちょくし;looking someone in the eyes;[77, 1174];30;;vocab
14292;終点;2.35;しゅうてん;terminus;[1452, 181];36;;vocab
14293;尋常;2.35;じんじょう;common;[1228, 862];31;;vocab
14294;賞与;2.35;しょうよ;reward;[859, 1335];33;;vocab
14295;校内;2.35;こうない;within a school;[1371, 1095];34;;vocab
14296;信憑;2.35;しんぴょう;trust;[1043, 9999];99;;vocab
14297;鳩山;2.35;はとやま;Hatoyama;[2096, 830];53;;vocab
14298;祖父母;2.35;そふぼ;grandparents;[1918, 1366, 105];47;;vocab
14299;免税;2.35;めんぜい;tax exemption;[2126, 961];53;;vocab
14300;エディタ;2.35;エディタ;editor;[];0;5;loanword
14301;レオン;2.35;レオン;Leon;[];0;5;loanword
14302;おちる;2.35;おちる;Fall;[];0;5;vocab
14303;仕草;2.35;しぐさ;action;[1033, 238];27;;vocab
14304;抵触;2.35;ていしょく;collision;[1974, 1954];49;;vocab
14305;出稼ぎ;2.35;でかせぎ;migrant worker;[829, 959];26;;vocab
14306;キモ;2.35;キモ;Gross;[];0;5;loanword
14307;力不足;2.35;ちからぶそく;Lack of power;[922, 1302, 1372];34;;vocab
14308;効能;2.35;こうのう;effect;[1369, 2160];54;;vocab
14309;あの世;2.35;あのよ;the afterlife;[28];2;;vocab
14310;脳みそ;2.34;のうみそ;brain;[2084];53;;vocab
14311;白色;2.34;はくしょく;white;[37, 1890];45;;vocab
14312;外界;2.34;がいかい;outside world;[116, 266];12;;vocab
14313;毛沢東;2.34;もうたくとう;Mao Zedong;[2062, 1153, 543];52;;vocab
14314;蔵書;2.34;ぞうしょ;book collection;[913, 349];25;;vocab
14315;服従;2.34;ふくじゅう;obedience;[1501, 942];37;;vocab
14316;極意;2.34;ごくい;essential point;[2052, 654];51;;vocab
14317;打ち明ける;2.34;うちあける;be frank;[705, 20];23;;vocab
14318;エッセー;2.34;エッセー;Essay;[];0;5;loanword
14319;発進;2.34;はっしん;departure;[1840, 603];44;;vocab
14320;カンヌ;2.34;カンヌ;Cannes;[];0;5;loanword
14321;スポンジ;2.34;スポンジ;sponge;[];0;5;loanword
14322;近江;2.34;おうみ;Omi;[1210, 148];31;;vocab
14323;身柄;2.34;みがら;one's person;[1337, 1097];34;;vocab
14324;徹す;2.34;とおす;Be thorough;[951];25;;vocab
14325;皇后;2.34;こうごう;empress;[279, 2005];50;;vocab
14326;もどき;2.34;もどき;Imitation;[];0;5;vocab
14327;揶揄;2.34;やゆ;banter;[9999, 9999];99;;vocab
14328;徴兵;2.34;ちょうへい;conscription;[952, 1429];35;;vocab
14329;会食;2.34;かいしょく;dining together;[814, 1582];38;;vocab
14330;耐性;2.34;たいせい;resistance;[1248, 1679];40;;vocab
14331;川柳;2.34;せんりゅう;senryu;[134, 1525];37;;vocab
14332;パンドラ;2.34;パンドラ;Pandora;[];0;5;loanword
14333;初旬;2.34;しょじゅん;first 10 days of the month;[431, 71];18;;vocab
14334;売り込む;2.34;うりこむ;Sell;[345, 843];24;;vocab
14335;こらえる;2.34;こらえる;Hold back;[];0;5;vocab
14336;ポータブル;2.34;ポータブル;portable;[];0;5;loanword
14337;じゃー;2.34;じゃー;Okay then.;[];0;5;vocab
14338;飛びつく;2.34;とびつく;jump at;[2032];51;;vocab
14339;真珠;2.34;しんじゅ;pearl;[79, 274];12;;vocab
14340;ピカ;2.34;ピカ;Pika;[];0;5;loanword
14341;半角;2.34;はんかく;half-width characters;[1286, 1953];48;;vocab
14342;たたえる;2.34;たたえる;praise;[];0;5;vocab
14343;トロント;2.34;トロント;Toronto;[];0;5;loanword
14344;スライス;2.33;スライス;slice;[];0;5;loanword
14345;きもの;2.33;きもの;kimono;[];0;5;vocab
14346;イースター;2.33;イースター;Easter;[];0;5;loanword
14347;ホークス;2.33;ホークス;Hawks;[];0;5;loanword
14348;武術;2.33;ぶじゅつ;the martial arts;[403, 1644];39;;vocab
14349;くどい;2.33;くどい;tedious;[];0;5;vocab
14350;呪う;2.33;のろう;curse;[108];6;;vocab
14351;後述;2.33;こうじゅつ;later mention;[1479, 1643];39;;vocab
14352;揺らぐ;2.33;ゆらぐ;wavering;[2118];53;;vocab
14353;電線;2.33;でんせん;electric line;[574, 1438];36;;vocab
14354;ノア;2.33;ノア;Noah;[];0;5;loanword
14355;ガザ;2.33;ガザ;Gaza;[];0;5;loanword
14356;脱退;2.33;だったい;secession;[537, 1575];38;;vocab
14357;右下;2.33;みぎか;right-lower;[82, 51];5;;vocab
14358;義父;2.33;ぎふ;father-in-law;[691, 1366];34;;vocab
14359;鍵盤;2.33;けんばん;keyboard;[418, 2017];50;;vocab
14360;自営業;2.33;じえいぎょう;self-employed;[36, 1111, 1931];47;;vocab
14361;光線;2.33;こうせん;beam;[125, 1438];36;;vocab
14362;成田空港;2.33;なりたくうこう;Narita Airport;[386, 14, 1414, 1940];47;;vocab
14363;腑;2.33;ふ;gut;[9999];99;;vocab
14364;続報;2.33;ぞくほう;follow-up report;[1445, 1625];39;;vocab
14365;宣教師;2.33;せんきょうし;missionaries;[200, 1343, 1361];34;;vocab
14366;必殺;2.33;ひっさつ;bringing certain death;[685, 1607];39;;vocab
14367;内的;2.33;ないてき;inner;[1095, 73];27;;vocab
14368;ゼリー;2.33;ゼリー;jelly;[];0;5;loanword
14369;横目;2.33;よこめ;sidelong glance;[1888, 15];45;;vocab
14370;ツケ;2.33;ツケ;bill;[];0;5;loanword
14371;同性;2.33;どうせい;same sex;[192, 1679];40;;vocab
14372;一目瞭然;2.33;いちもくりょうぜん;At a glance;[1, 15, 1843, 256];44;;vocab
14373;人手;2.33;ひとで;starfish;[1023, 687];27;;vocab
14374;文藝春秋;2.33;ぶんげいしゅんじゅう;Bungeishunju;[1861, 9999, 1690, 966];99;;vocab
14375;キツ;2.32;キツ;Tough;[];0;5;loanword
14376;絡める;2.32;からめる;Entangle;[1450];36;;vocab
14377;明け方;2.32;あけがた;dawn;[20, 529];19;;vocab
14378;聞き手;2.32;ききて;listener;[1754, 687];42;;vocab
14379;拙い;2.32;つたない;Poor;[831];24;;vocab
14380;酸味;2.32;さんみ;sourness;[1545, 233];38;;vocab
14381;レッテル;2.32;レッテル;Label;[];0;5;loanword
14382;漢方;2.32;かんぽう;traditional Chinese medicine;[1701, 529];40;;vocab
14383;祭壇;2.32;さいだん;altar;[1183, 631];30;;vocab
14384;十字;2.32;じゅうじ;cross;[10, 197];9;;vocab
14385;製剤;2.32;せいざい;formulation;[448, 1867];45;;vocab
14386;主食;2.32;しゅしょく;staple food;[284, 1582];38;;vocab
14387;剃る;2.32;そる;shave;[9999];99;;vocab
14388;男系;2.32;だんけい;male lineage;[923, 1492];36;;vocab
14389;火曜;2.32;かよう;Tuesday;[173, 618];21;;vocab
14390;イスラーム;2.32;イスラーム;Islam;[];0;5;loanword
14391;災い;2.32;わざわい;disaster;[179];8;;vocab
14392;くっきり;2.32;くっきり;clearly;[];0;5;vocab
14393;民謡;2.32;みんよう;folk song;[1976, 2119];53;;vocab
14394;日の出;2.32;ひので;sunrise;[12, 829];24;;vocab
14395;杉並;2.32;すぎなみ;Suginami;[1849, 1924];47;;vocab
14396;直人;2.32;なおと;ordinary person;[77, 1023];27;;vocab
14397;特筆;2.32;とくひつ;special mention;[261, 1014];26;;vocab
14398;駆け引き;2.32;かけひき;tactics;[2137, 1318];54;;vocab
14399;バスケットボール;2.32;バスケットボール;basketball;[];0;5;loanword
14400;かぎる;2.32;かぎる;Limited;[];0;5;vocab
14401;西宮;2.32;にしのみや;Nishinomiya;[1728, 1110];41;;vocab
14402;くらし;2.32;くらし;Daily Life;[];0;5;vocab
14403;ペニス;2.32;ペニス;penis;[];0;5;loanword
14404;発刊;2.32;はっかん;publish;[1840, 1779];44;;vocab
14405;主将;2.32;しゅしょう;commander-in-chief;[284, 789];23;;vocab
14406;ギャラ;2.32;ギャラ;fee;[];0;5;loanword
14407;さながら;2.32;さながら;Just like;[];0;5;vocab
14408;個所;2.32;かしょ;passage;[1047, 1208];31;;vocab
14409;つかえる;2.32;つかえる;Usable;[];0;5;vocab
14410;申し入れ;2.32;もうしいれ;offer;[1198, 842];30;;vocab
14411;住友;2.32;すみとも;Sumitomo;[1027, 760];27;;vocab
14412;いぬ;2.32;いぬ;dog;[];0;5;vocab
14413;投信;2.32;とうしん;investment trust;[762, 1043];27;;vocab
14414;鯛;2.32;たい;sea bream;[9999];99;;vocab
14415;バーゲン;2.32;バーゲン;Bargains;[];0;5;loanword
14416;メンバ;2.32;メンバ;Member;[];0;5;loanword
14417;エディション;2.32;エディション;Edition;[];0;5;loanword
14418;人間らしい;2.32;にんげんらしい;Human-like;[1023, 1747];42;;vocab
14419;レバノン;2.32;レバノン;Lebanon;[];0;5;loanword
14420;厳正;2.31;いむただし;strictness;[2086, 405];53;;vocab
14421;つぶる;2.31;つぶる;crush;[];0;5;vocab
14422;しっぽ;2.31;しっぽ;tail;[];0;5;vocab
14423;もの凄い;2.31;ものすごい;Amazing;[2036];51;;vocab
14424;起点;2.31;きてん;starting point;[565, 181];21;;vocab
14425;灯油;2.31;とうゆ;lamp oil;[177, 1188];30;;vocab
14426;観覧;2.31;かんらん;viewing;[614, 919];25;;vocab
14427;ぼやく;2.31;ぼやく;grumble;[];0;5;vocab
14428;バッシング;2.31;バッシング;Bashing;[];0;5;loanword
14429;棚田;2.31;たなだ;terraced rice-fields;[214, 14];10;;vocab
14430;あんま;2.31;あんま;Massage;[];0;5;vocab
14431;柴;2.31;しば;Shiba;[9999];99;;vocab
14432;プレーオフ;2.31;プレーオフ;play off;[];0;5;loanword
14433;空母;2.31;くうぼ;aircraft carrier;[1414, 105];35;;vocab
14434;マウント;2.31;マウント;mount;[];0;5;loanword
14435;カゴ;2.31;カゴ;basket;[];0;5;loanword
14436;まこと;2.31;まこと;Makoto;[];0;5;vocab
14437;生意気;2.31;なまいき;Cheeky;[1675, 654, 2030];51;;vocab
14438;けす;2.31;けす;Kestrel;[];0;5;vocab
14439;有線;2.31;ゆうせん;communicate by wire;[83, 1438];36;;vocab
14440;ハンバーグ;2.31;ハンバーグ;hamburger steak;[];0;5;loanword
14441;右肩;2.31;みぎかた;right shoulder;[82, 1158];29;;vocab
14442;カキ;2.31;カキ;oyster;[];0;5;loanword
14443;出先;2.31;でさき;one's destination;[829, 263];24;;vocab
14444;巻末;2.31;かんまつ;end of a book;[1292, 231];32;;vocab
14445;走り出す;2.31;はしりだす;Start running;[410, 829];24;;vocab
14446;揺さぶる;2.31;ゆさぶる;Shake;[2118];53;;vocab
14447;義母;2.31;ぎぼ;mother-in-law;[691, 105];23;;vocab
14448;學;2.31;まなぶ;Science;[9999];99;;vocab
14449;団子;2.31;だんご;dango;[625, 99];22;;vocab
14450;よろこぶ;2.31;よろこぶ;Rejoice;[];0;5;vocab
14451;段々;2.31;だんだん;gradually;[2003];50;;vocab
14452;何せ;2.31;なにせ;After all;[1087];27;;vocab
14453;スマイル;2.31;スマイル;Smile;[];0;5;loanword
14454;差し支える;2.31;さしつかえる;A hindrance;[593, 768];23;;vocab
14455;収縮;2.31;しゅうしゅく;deflation;[1628, 1434];39;;vocab
14456;締めくくる;2.31;しめくくる;Conclude;[1440];36;;vocab
14457;キチン;2.31;キチン;Chitin;[];0;5;loanword
14458;検知;2.31;けんち;detection;[1803, 1308];43;;vocab
14459;ゾウ;2.31;ゾウ;elephant;[];0;5;loanword
14460;裏腹;2.3;うらはら;opposite;[426, 503];18;;vocab
14461;小柄;2.3;こがら;knife attached to the sheath of a sword;[110, 1097];27;;vocab
14462;密輸;2.3;みつゆ;smuggling;[837, 307];24;;vocab
14463;ロフト;2.3;ロフト;loft;[];0;5;loanword
14464;倒壊;2.3;とうかい;destruction;[1055, 427];27;;vocab
14465;中越;2.3;なかごえ;Chuetsu;[39, 413];17;;vocab
14466;在外;2.3;ざいがい;overseas;[740, 116];23;;vocab
14467;すくう;2.3;すくう;Scoop;[];0;5;vocab
14468;団員;2.3;だんいん;group member;[625, 59];22;;vocab
14469;セメント;2.3;セメント;cement;[];0;5;loanword
14470;負け犬;2.3;まけいぬ;loser;[67, 253];11;;vocab
14471;便秘;2.3;べんぴ;constipation;[1066, 970];27;;vocab
14472;思い描く;2.3;おもいえがく;Envision;[651, 723];23;;vocab
14473;電報;2.3;でんぽう;telegram;[574, 1625];39;;vocab
14474;適;2.3;てき;suitable;[473];18;;vocab
14475;奪;2.3;だつ;Robbery;[608];21;;vocab
14476;顕微鏡;2.3;けんびきょう;microscope;[1928, 954, 522];47;;vocab
14477;ドラフト;2.3;ドラフト;draft;[];0;5;loanword
14478;アーサー;2.3;アーサー;Arthur;[];0;5;loanword
14479;プレビュー;2.3;プレビュー;Preview;[];0;5;loanword
14480;官民;2.3;かんみん;government and people;[1363, 1976];49;;vocab
14481;最下位;2.3;さいかい;Last place;[884, 51, 1028];27;;vocab
14482;セーフ;2.3;セーフ;safe;[];0;5;loanword
14483;入れ替え;2.3;いれかえ;Replace;[842, 905];25;;vocab
14484;醸成;2.3;じょうせい;brew;[1647, 386];39;;vocab
14485;丞;2.3;すすむ;Jo;[9999];99;;vocab
14486;関心事;2.3;かんしんじ;Interests;[2173, 639, 1240];55;;vocab
14487;顕在;2.3;けんざい;actual;[1928, 740];47;;vocab
14488;直近;2.3;ちょっきん;latest;[77, 1210];31;;vocab
14489;豪快;2.3;ごうかい;hearty;[582, 1771];42;;vocab
14490;シーツ;2.3;シーツ;Sheets;[];0;5;loanword
14491;討つ;2.3;うつ;attack;[364];15;;vocab
14492;きたす;2.3;きたす;Come;[];0;5;vocab
14493;健一;2.3;けんいち;Kenichi;[1048, 1];27;;vocab
14494;嘆き;2.3;なげき;Lament;[1702];40;;vocab
14495;冤罪;2.3;えんざい;false charge;[9999, 1764];99;;vocab
14496;重心;2.3;じゅうしん;centre of gravity;[1805, 639];43;;vocab
14497;一味;2.3;ひとあじ;clan;[1, 233];10;;vocab
14498;無差別;2.3;むさべつ;indiscriminate;[1913, 593, 94];46;;vocab
14499;仏像;2.3;ぶつぞう;statue of Buddha;[1037, 2131];53;;vocab
14500;売れ行き;2.3;うれゆき;sales;[345, 938];25;;vocab
14501;ミレニアム;2.3;ミレニアム;Millennium;[];0;5;loanword
14502;乱れ;2.3;みだれ;Disturbance;[76];5;;vocab
14503;マーカー;2.3;マーカー;marker;[];0;5;loanword
14504;蛋白;2.3;たんぱく;egg white;[9999, 37];99;;vocab
14505;乞う;2.3;こう;beg;[501];18;;vocab
14506;和夫;2.3;かずお;Kazuo;[963, 901];26;;vocab
14507;現況;2.3;げんきょう;present condition;[275, 156];12;;vocab
14508;ガーナ;2.3;ガーナ;Ghana;[];0;5;loanword
14509;アングル;2.3;アングル;angle;[];0;5;loanword
14510;切り替わる;2.3;きりかわる;Switch;[89, 905];25;;vocab
14511;検察庁;2.3;けんさつちょう;Public Prosecutor's Office;[1803, 1184, 635];43;;vocab
14512;実地;2.29;じっち;practice;[1694, 554];40;;vocab
14513;こら;2.29;こら;Hey;[];0;5;vocab
14514;さびしい;2.29;さびしい;lonely;[];0;2;vocab
14515;心得る;2.29;こころえる;understand;[639, 941];25;;vocab
14516;晩餐;2.29;ばんさん;dinner;[2128, 9999];99;;vocab
14517;とっさ;2.29;とっさ;Quickly;[];0;5;vocab
14518;利己;2.29;りこ;self-interest;[972, 564];26;;vocab
14519;顧みる;2.29;かえりみる;look back;[1165];29;;vocab
14520;ふまえる;2.29;ふまえる;Fumaeru;[];0;5;vocab
14521;慕う;2.29;したう;Admire;[683];22;;vocab
14522;講堂;2.29;こうどう;auditorium;[1957, 861];48;;vocab
14523;プランニング;2.29;プランニング;Planning;[];0;5;loanword
14524;ズーム;2.29;ズーム;zoom;[];0;5;loanword
14525;彗星;2.29;すいせい;comet;[9999, 1676];99;;vocab
14526;サンプリング;2.29;サンプリング;sampling;[];0;5;loanword
14527;西口;2.29;にしぐち;west entrance;[1728, 11];41;;vocab
14528;山脈;2.29;さんみゃく;mountain range;[830, 2000];50;;vocab
14529;年長;2.29;ねんちょう;seniority;[1114, 2070];52;;vocab
14530;果てしない;2.29;はてしない;Endless;[1202];30;;vocab
14531;男らしい;2.29;おとこらしい;manly;[923];25;;vocab
14532;称える;2.29;たたえる;praise;[971];26;;vocab
14533;投融資;2.29;とうゆうし;Investment and financing;[762, 1123, 512];28;;vocab
14534;後回し;2.29;あとまわし;procrastinate;[1479, 630];36;;vocab
14535;旅費;2.29;りょひ;travel expenses;[1127, 1326];33;;vocab
14536;航路;2.29;こうろ;course;[2014, 1376];50;;vocab
14537;結社;2.29;けっしゃ;association;[1451, 1173];36;;vocab
14538;ナマ;2.29;ナマ;Raw;[];0;5;loanword
14539;バスケ;2.29;バスケ;Basketball;[];0;5;loanword
14540;川島;2.29;かわしま;Kawashima;[134, 2098];53;;vocab
14541;てっきり;2.29;てっきり;I thought;[];0;5;vocab
14542;食用;2.29;しょくよう;for use as food;[1582, 1265];38;;vocab
14543;間抜け;2.28;まぬけ;idiot;[1747, 761];42;;vocab
14544;ブレーク;2.28;ブレーク;break;[];0;5;loanword
14545;ほどほど;2.28;ほどほど;Moderately;[];0;5;vocab
14546;ジーン;2.28;ジーン;Jean;[];0;5;loanword
14547;気象庁;2.28;きしょうちょう;Japan Meteorological Agency;[2030, 2130, 635];53;;vocab
14548;鵬;2.28;おおとり;Peng;[9999];99;;vocab
14549;醸し出す;2.28;かもしだす;Create;[1647, 829];39;;vocab
14550;勉;2.28;つとむ;Study;[2129];53;;vocab
14551;粉砕;2.28;ふんさい;pulverization;[988, 121];26;;vocab
14552;読み手;2.28;よみて;reader;[372, 687];23;;vocab
14553;一々;2.28;いちいち;one-by-one;[1];1;;vocab
14554;葵;2.28;あおい;Aoi;[9999];99;;vocab
14555;引数;2.28;ひきすう;argument;[1318, 998];33;;vocab
14556;リタイア;2.28;リタイア;Retirement;[];0;5;loanword
14557;近道;2.28;ちかみち;short way;[1210, 295];31;;vocab
14558;本拠地;2.28;ほんきょち;Home base;[224, 722, 554];23;;vocab
14559;人魚;2.28;にんぎょ;mermaid;[1023, 183];27;;vocab
14560;床屋;2.28;とこや;barbershop;[636, 1138];29;;vocab
14561;志す;2.28;こころざす;aspire;[645];22;;vocab
14562;隠れ;2.28;かくれ;Hiding;[1410];35;;vocab
14563;転売;2.28;てんばい;resale;[449, 345];18;;vocab
14564;断ち切る;2.28;たちきる;cut off;[1218, 89];31;;vocab
14565;前身;2.28;ぜんしん;antecedents;[309, 1337];34;;vocab
14566;八幡;2.28;やはた;Hachiman;[8, 9999];99;;vocab
14567;つなぎ;2.28;つなぎ;transitions;[];0;5;vocab
14568;ブラッド;2.28;ブラッド;Blood;[];0;5;loanword
14569;齋藤;2.28;さいとう;Saito;[9999, 1295];99;;vocab
14570;探知;2.28;たんち;detection;[1425, 1308];35;;vocab
14571;フッ;2.28;フッ;Huh;[];0;5;loanword
14572;ティーン;2.28;ティーン;teen;[];0;5;loanword
14573;断じて;2.28;だんじて;Absolutely;[1218];31;;vocab
14574;試乗;2.28;しじょう;test drive or ride;[378, 1709];40;;vocab
14575;築き上げる;2.28;きずきあげる;build up;[1021, 50];26;;vocab
14576;五感;2.28;ごかん;the five senses;[5, 662];22;;vocab
14577;語句;2.28;ごく;words;[371, 69];15;;vocab
14578;環状;2.28;かんじょう;annulation;[899, 254];25;;vocab
14579;ぶろ;2.28;ぶろ;Bath;[];0;5;vocab
14580;フライパン;2.28;フライパン;frying pan;[];0;5;loanword
14581;あご;2.28;あご;chin;[];0;5;vocab
14582;コーディング;2.28;コーディング;coding;[];0;5;loanword
14583;血統;2.28;けっとう;lineage;[1556, 1447];38;;vocab
14584;模;2.28;も;model;[244];10;;vocab
14585;気取る;2.28;きどる;pretentious;[2030, 882];51;;vocab
14586;大袈裟;2.28;おおげさ;exaggerated;[112, 9999, 9999];99;;vocab
14587;建材;2.28;けんざい;building material;[417, 738];23;;vocab
14588;シャフト;2.28;シャフト;shaft;[];0;5;loanword
14589;ステッカー;2.28;ステッカー;stickers;[];0;5;loanword
14590;直に;2.28;じかに;directly;[77];5;;vocab
14591;代議士;2.28;だいぎし;Member of Parliament;[1080, 692, 341];27;;vocab
14592;駅伝;2.28;えきでん;long-distance relay race;[2138, 1036];54;;vocab
14593;スリランカ;2.28;スリランカ;Sri Lanka;[];0;5;loanword
14594;総て;2.28;すべて;all;[1466];36;;vocab
14595;附帯;2.28;ふたい;incidental;[1400, 444];35;;vocab
14596;絵柄;2.28;えがら;pattern;[1446, 1097];36;;vocab
14597;忘れ;2.28;わすれ;Forget;[640];22;;vocab
14598;濱;2.28;はま;Hama;[9999];99;;vocab
14599;ルネッサンス;2.27;ルネッサンス;Renaissance;[];0;5;loanword
14600;平ら;2.27;たいら;Flat;[1596];39;;vocab
14601;シーア;2.27;シーア;Thea;[];0;5;loanword
14602;農作物;2.27;のうさくもつ;crops;[2170, 1224, 1129];55;;vocab
14603;総勢;2.27;そうぜい;all members;[1466, 1633];39;;vocab
14604;出向;2.27;しゅっこう;being transferred;[829, 195];24;;vocab
14605;佐伯;2.27;さえき;Saeki;[1024, 1041];27;;vocab
14606;飛び立つ;2.27;とびたつ;Take off;[2032, 462];51;;vocab
14607;普;2.27;ひろし;common;[1925];47;;vocab
14608;自虐;2.27;じぎゃく;masochism;[36, 2153];54;;vocab
14609;つつく;2.27;つつく;Peck;[];0;5;vocab
14610;被験者;2.27;ひけんしゃ;subject;[870, 2134, 1345];54;;vocab
14611;陳腐;2.27;ちんぷ;stale;[1398, 1099];35;;vocab
14612;重傷;2.27;じゅうしょう;serious wound;[1805, 1071];43;;vocab
14613;小雨;2.27;こさめ;light rain;[110, 451];18;;vocab
14614;偽物;2.27;にせもの;spurious article;[2068, 1129];52;;vocab
14615;精製;2.27;せいせい;refining;[1655, 448];40;;vocab
14616;引き合い;2.27;ひきあい;Inquiry;[1318, 269];33;;vocab
14617;割愛;2.27;かつあい;omitting;[1673, 796];40;;vocab
14618;長らく;2.27;ながらく;long;[2070];52;;vocab
14619;水銀;2.27;すいぎん;mercury;[137, 1569];38;;vocab
14620;まなざし;2.27;まなざし;Gaze;[];0;5;vocab
14621;言い出す;2.27;いいだす;break the ice;[357, 829];24;;vocab
14622;覇権;2.27;はけん;hegemony;[2043, 613];51;;vocab
14623;ナナ;2.27;ナナ;Nana;[];0;5;loanword
14624;森下;2.27;もりした;Morishita;[209, 51];10;;vocab
14625;公用;2.27;こうよう;government business;[847, 1265];31;;vocab
14626;観音;2.27;かんのん;Kannon;[614, 518];21;;vocab
14627;手腕;2.27;しゅわん;ability;[687, 1522];37;;vocab
14628;ライム;2.27;ライム;lime;[];0;5;loanword
14629;ひらめく;2.27;ひらめく;inspiration;[];0;5;vocab
14630;定型;2.27;ていけい;fixed form;[408, 735];23;;vocab
14631;懸案;2.27;けんあん;pending question;[1495, 227];36;;vocab
14632;中谷;2.27;なかたに;Nakatani;[39, 851];24;;vocab
14633;駆け込む;2.27;かけこむ;rush in;[2137, 843];54;;vocab
14634;和音;2.27;わおん;chord;[963, 518];26;;vocab
14635;来客;2.27;らいきゃく;visitor;[2029, 315];51;;vocab
14636;教え子;2.27;おしえご;student;[1343, 99];34;;vocab
14637;模試;2.27;もし;mock examination;[244, 378];16;;vocab
14638;等価;2.27;とうか;equivalence;[1016, 1729];41;;vocab
14639;近世;2.26;きんせい;early modern times;[1210, 28];31;;vocab
14640;宣教;2.26;せんきょう;religious mission;[200, 1343];34;;vocab
14641;ロケーション;2.26;ロケーション;Location;[];0;5;loanword
14642;アパレル;2.26;アパレル;Apparel;[];0;5;loanword
14643;ふしぎ;2.26;ふしぎ;Mysterious;[];0;5;vocab
14644;調印;2.26;ちょういん;signature;[373, 1530];37;;vocab
14645;あえる;2.26;あえる;Mix;[];0;5;vocab
14646;専売;2.26;せんばい;monopoly;[47, 345];14;;vocab
14647;敬称;2.26;けいしょう;title of honour;[356, 971];26;;vocab
14648;送迎;2.26;そうげい;seeing off and meeting on return;[2172, 1837];55;;vocab
14649;どっぷり;2.26;どっぷり;Immersed;[];0;5;vocab
14650;ケット;2.26;ケット;Ket;[];0;5;loanword
14651;インテリジェンス;2.26;インテリジェンス;Intelligence;[];0;5;loanword
14652;編入;2.26;へんにゅう;admission;[1966, 842];48;;vocab
14653;逸品;2.26;いっぴん;article of rare beauty;[2127, 23];53;;vocab
14654;ブス;2.26;ブス;Ugly;[];0;5;loanword
14655;きゅう;2.26;きゅう;nine;[];0;5;vocab
14656;長続き;2.26;ながつづき;Long-lasting;[2070, 1445];52;;vocab
14657;答案;2.26;とうあん;examination paper;[1018, 227];26;;vocab
14658;じい;2.26;じい;Grandpa;[];0;5;vocab
14659;電磁;2.26;でんじ;electromagnetic;[574, 1491];36;;vocab
14660;みゆき;2.26;みゆき;Miyuki;[];0;5;vocab
14661;ハト;2.26;ハト;pigeons;[];0;5;loanword
14662;練馬;2.26;ねりま;Nerima;[1443, 2132];54;;vocab
14663;牧;2.26;まき;Maki;[351];15;;vocab
14664;ガリ;2.26;ガリ;Gari;[];0;5;loanword
14665;微分;2.26;びぶん;differential;[954, 844];25;;vocab
14666;パラパラ;2.26;パラパラ;Flipping;[];0;5;loanword
14667;中等;2.26;ちゅうとう;second grade;[39, 1016];26;;vocab
14668;格付け;2.26;かくづけ;rating;[312, 1075];27;;vocab
14669;洋画;2.26;ようが;Western painting;[588, 1254];31;;vocab
14670;絶叫;2.26;ぜっきょう;scream;[1891, 1626];45;;vocab
14671;終末;2.26;しゅうまつ;an end;[1452, 231];36;;vocab
14672;帰結;2.26;きけつ;consequence;[1316, 1451];36;;vocab
14673;有様;2.26;ありさま;state;[83, 1003];26;;vocab
14674;タール;2.26;タール;tar;[];0;5;loanword
14675;ハイライト;2.26;ハイライト;Highlights;[];0;5;loanword
14676;威;2.26;たけし;Power;[389];16;;vocab
14677;筋力;2.26;きんりょく;physical strength;[1012, 922];26;;vocab
14678;業態;2.26;ぎょうたい;business conditions;[1931, 2161];54;;vocab
14679;じわじわ;2.26;じわじわ;Slowly;[];0;5;vocab
14680;占星術;2.26;せんせいじゅつ;astrology;[49, 1676, 1644];40;;vocab
14681;あったかい;2.26;あったかい;Warm;[];0;5;vocab
14682;躍進;2.25;やくしん;rush;[1379, 603];34;;vocab
14683;葉書;2.25;はがき;postcard;[243, 349];15;;vocab
14684;アンティーク;2.25;アンティーク;antique;[];0;5;loanword
14685;トースト;2.25;トースト;toast;[];0;5;loanword
14686;キズ;2.25;キズ;Scratches;[];0;5;loanword
14687;ただす;2.25;ただす;Correct;[];0;5;vocab
14688;旅客;2.25;りょかく;passenger;[1127, 315];29;;vocab
14689;左上;2.25;ひだりうえ;left-upper;[81, 50];5;;vocab
14690;折り紙;2.25;おりがみ;origami;[1211, 1971];49;;vocab
14691;ギルド;2.25;ギルド;guild;[];0;5;loanword
14692;訓;2.25;くん;precept;[365];15;;vocab
14693;本性;2.25;ほんしょう;true character;[224, 1679];40;;vocab
14694;果樹;2.25;かじゅ;fruit tree;[1202, 1554];38;;vocab
14695;鮎;2.25;あゆ;sweetfish;[9999];99;;vocab
14696;さいたま;2.25;さいたま;Saitama;[];0;5;vocab
14697;河口;2.25;かこう;mouth of river;[157, 11];8;;vocab
14698;学識;2.25;がくしき;scholarship;[346, 521];19;;vocab
14699;魔力;2.25;まりょく;magical power;[2178, 922];55;;vocab
14700;ベンツ;2.25;ベンツ;Mercedes-Benz;[];0;5;loanword
14701;争議;2.25;そうぎ;dispute;[1238, 692];31;;vocab
14702;萎縮;2.25;いしゅく;withering;[986, 1434];36;;vocab
14703;溺れる;2.25;おぼれる;drowning;[1324];33;;vocab
14704;水谷;2.25;みずたに;Mizutani;[137, 851];24;;vocab
14705;格子;2.25;こうし;lattice;[312, 99];13;;vocab
14706;堤防;2.25;ていぼう;bank;[416, 1399];35;;vocab
14707;トンボ;2.25;トンボ;dragonfly;[];0;5;loanword
14708;片岡;2.25;かたおか;Kataoka;[1297, 2112];53;;vocab
14709;劣等;2.24;れっとう;inferiority;[926, 1016];26;;vocab
14710;邦訳;2.24;ほうやく;translation into Japanese;[1991, 1154];49;;vocab
14711;易;2.24;えき;Easy;[1130];29;;vocab
14712;なぁー;2.24;なぁー;Hey;[];0;5;vocab
14713;足音;2.24;あしおと;footsteps;[1372, 518];34;;vocab
14714;カンタン;2.24;カンタン;Easy;[];0;5;loanword
14715;静脈;2.24;じょうみゃく;vein;[1660, 2000];50;;vocab
14716;サーブ;2.24;サーブ;Serve;[];0;5;loanword
14717;欺瞞;2.24;ぎまん;deception;[1899, 9999];99;;vocab
14718;廉価;2.24;れんか;low price;[1727, 1729];41;;vocab
14719;実技;2.24;じつぎ;practical skill;[1694, 769];40;;vocab
14720;呆然と;2.24;ぼうぜんと;Stunned;[9999, 256];99;;vocab
14721;確固たる;2.24;かっこたる;Firm;[609, 622];22;;vocab
14722;丹羽;2.24;にわ;Niwa;[2196, 615];56;;vocab
14723;弁明;2.24;べんめい;explanation;[803, 20];23;;vocab
14724;摘む;2.24;つまむ;Pick;[709];23;;vocab
14725;夕べ;2.24;ゆうべ;evening;[114];7;;vocab
14726;売場;2.24;うりば;place where things are sold;[345, 584];21;;vocab
14727;たたき台;2.24;たたきだい;Draft;[805];23;;vocab
14728;かしこ;2.24;かしこ;Smart;[];0;5;vocab
14729;バックグラウンド;2.24;バックグラウンド;Background;[];0;5;loanword
14730;あんな;0.01;あんな;that kind of (yonder);[];0;2;vocab
14731;それなら;0.01;それなら;if so / in that case;[];0;2;vocab
14732;ください;0.01;ください;please give / please do;[];0;2;vocab
